2022-11-18 14:16:12.986257,1862.0,50.0
2022-11-18 14:16:12.996591,1861.0,50.0
2022-11-18 14:16:13.007135,1859.0,51.0
2022-11-18 14:16:13.017378,1857.0,51.0
2022-11-18 14:16:13.027136,1853.0,51.0
2022-11-18 14:16:13.037390,1850.0,51.0
2022-11-18 14:16:13.047673,1845.0,51.0
2022-11-18 14:16:13.057673,1840.0,51.0
2022-11-18 14:16:13.067227,1836.0,51.0
2022-11-18 14:16:13.077155,1832.0,51.0
2022-11-18 14:16:13.087197,1828.0,51.0
2022-11-18 14:16:13.097061,1822.0,51.0
2022-11-18 14:16:13.107387,1817.0,51.0
2022-11-18 14:16:13.117682,1809.0,51.0
2022-11-18 14:16:13.127162,1802.0,51.0
2022-11-18 14:16:13.137763,1794.0,51.0
2022-11-18 14:16:13.146762,1788.0,51.0
2022-11-18 14:16:13.157765,1782.0,51.0
2022-11-18 14:16:13.168488,1776.0,51.0
2022-11-18 14:16:13.178525,1769.0,50.0
2022-11-18 14:16:13.188126,1764.0,48.0
2022-11-18 14:16:13.198187,1757.0,48.0
2022-11-18 14:16:13.208217,1750.0,47.0
2022-11-18 14:16:13.218776,1745.0,47.0
2022-11-18 14:16:13.228296,1740.0,47.0
2022-11-18 14:16:13.237994,1733.0,47.0
2022-11-18 14:16:13.248006,1726.0,47.0
2022-11-18 14:16:13.258498,1720.0,47.0
2022-11-18 14:16:13.268478,1712.0,47.0
2022-11-18 14:16:13.278813,1703.0,47.0
2022-11-18 14:16:13.288287,1694.0,47.0
2022-11-18 14:16:13.298973,1685.0,47.0
2022-11-18 14:16:13.308081,1677.0,47.0
2022-11-18 14:16:13.318544,1668.0,47.0
2022-11-18 14:16:13.327136,1659.0,47.0
2022-11-18 14:16:13.337929,1649.0,47.0
2022-11-18 14:16:13.348862,1639.0,47.0
2022-11-18 14:16:13.358289,1630.0,47.0
2022-11-18 14:16:13.368426,1619.0,47.0
2022-11-18 14:16:13.378456,1608.0,47.0
2022-11-18 14:16:13.388186,1600.0,47.0
2022-11-18 14:16:13.398554,1590.0,47.0
2022-11-18 14:16:13.408704,1582.0,47.0
2022-11-18 14:16:13.417996,1572.0,46.0
2022-11-18 14:16:13.428162,1565.0,46.0
2022-11-18 14:16:13.438587,1558.0,46.0
2022-11-18 14:16:13.448223,1550.0,46.0
2022-11-18 14:16:13.457067,1542.0,46.0
2022-11-18 14:16:13.468829,1537.0,46.0
2022-11-18 14:16:13.478511,1530.0,46.0
2022-11-18 14:16:13.488733,1525.0,46.0
2022-11-18 14:16:13.499004,1522.0,46.0
2022-11-18 14:16:13.509345,1518.0,46.0
2022-11-18 14:16:13.519776,1516.0,46.0
2022-11-18 14:16:13.529743,1513.0,46.0
2022-11-18 14:16:13.539039,1512.0,46.0
2022-11-18 14:16:13.549685,1509.0,46.0
2022-11-18 14:16:13.559525,1506.0,46.0
2022-11-18 14:16:13.568966,1501.0,48.0
2022-11-18 14:16:13.579158,1495.0,49.0
2022-11-18 14:16:13.589478,1487.0,50.0
2022-11-18 14:16:13.599769,1483.0,50.0
2022-11-18 14:16:13.608931,1474.0,52.0
2022-11-18 14:16:13.618945,1466.0,53.0
2022-11-18 14:16:13.628928,1460.0,53.0
2022-11-18 14:16:13.639036,1451.0,54.0
2022-11-18 14:16:13.649208,1444.0,56.0
2022-11-18 14:16:13.659085,1435.0,56.0
2022-11-18 14:16:13.669178,1428.0,57.0
2022-11-18 14:16:13.680747,1421.0,57.0
2022-11-18 14:16:13.690746,1415.0,57.0
2022-11-18 14:16:13.700793,1407.0,57.0
2022-11-18 14:16:13.710952,1403.0,57.0
2022-11-18 14:16:13.719970,1397.0,57.0
2022-11-18 14:16:13.730237,1391.0,57.0
2022-11-18 14:16:13.740538,1384.0,57.0
2022-11-18 14:16:13.750528,1378.0,57.0
2022-11-18 14:16:13.760631,1371.0,57.0
2022-11-18 14:16:13.769960,1367.0,57.0
2022-11-18 14:16:13.780175,1359.0,57.0
2022-11-18 14:16:13.790142,1354.0,57.0
2022-11-18 14:16:13.799845,1348.0,57.0
2022-11-18 14:16:13.810224,1344.0,57.0
2022-11-18 14:16:13.820580,1341.0,57.0
2022-11-18 14:16:13.830172,1337.0,57.0
2022-11-18 14:16:13.839153,1336.0,57.0
2022-11-18 14:16:13.850154,1335.0,57.0
2022-11-18 14:16:13.860367,1335.0,58.0
2022-11-18 14:16:13.870477,1334.0,58.0
2022-11-18 14:16:13.889937,1333.0,58.0
2022-11-18 14:16:13.900251,1332.0,59.0
2022-11-18 14:16:13.910261,1331.0,60.0
2022-11-18 14:16:13.920385,1329.0,61.0
2022-11-18 14:16:13.930545,1327.0,63.0
2022-11-18 14:16:13.939922,1326.0,63.0
2022-11-18 14:16:13.950922,1325.0,65.0
2022-11-18 14:16:13.960872,1324.0,66.0
2022-11-18 14:16:13.970023,1323.0,67.0
2022-11-18 14:16:13.980025,1321.0,69.0
2022-11-18 14:16:13.990627,1321.0,70.0
2022-11-18 14:16:13.999875,1320.0,72.0
2022-11-18 14:16:14.009884,1318.0,74.0
2022-11-18 14:16:14.021714,1317.0,78.0
2022-11-18 14:16:14.030932,1315.0,83.0
2022-11-18 14:16:14.041445,1313.0,87.0
2022-11-18 14:16:14.051289,1312.0,90.0
2022-11-18 14:16:14.061580,1310.0,95.0
2022-11-18 14:16:14.071064,1309.0,96.0
2022-11-18 14:16:14.081650,1307.0,101.0
2022-11-18 14:16:14.092965,1307.0,105.0
2022-11-18 14:16:14.101476,1305.0,109.0
2022-11-18 14:16:14.110839,1303.0,113.0
2022-11-18 14:16:14.121642,1301.0,117.0
2022-11-18 14:16:14.131127,1299.0,122.0
2022-11-18 14:16:14.141649,1298.0,127.0
2022-11-18 14:16:14.151720,1297.0,132.0
2022-11-18 14:16:14.161716,1296.0,136.0
2022-11-18 14:16:14.171718,1294.0,142.0
2022-11-18 14:16:14.182110,1293.0,147.0
2022-11-18 14:16:14.192569,1292.0,151.0
2022-11-18 14:16:14.202527,1291.0,154.0
2022-11-18 14:16:14.212922,1291.0,158.0
2022-11-18 14:16:14.222612,1291.0,162.0
2022-11-18 14:16:14.232056,1290.0,167.0
2022-11-18 14:16:14.242576,1290.0,170.0
2022-11-18 14:16:14.252956,1288.0,175.0
2022-11-18 14:16:14.262088,1288.0,179.0
2022-11-18 14:16:14.272090,1288.0,184.0
2022-11-18 14:16:14.282669,1288.0,188.0
2022-11-18 14:16:14.292562,1288.0,192.0
2022-11-18 14:16:14.302565,1288.0,195.0
2022-11-18 14:16:14.312525,1288.0,199.0
2022-11-18 14:16:14.322731,1288.0,201.0
2022-11-18 14:16:14.332730,1288.0,203.0
2022-11-18 14:16:14.342622,1288.0,205.0
2022-11-18 14:16:14.351739,1288.0,208.0
2022-11-18 14:16:14.362703,1288.0,210.0
2022-11-18 14:16:14.372129,1288.0,213.0
2022-11-18 14:16:14.382645,1288.0,216.0
2022-11-18 14:16:14.392427,1288.0,220.0
2022-11-18 14:16:14.402466,1288.0,223.0
2022-11-18 14:16:14.411797,1288.0,226.0
2022-11-18 14:16:14.421948,1288.0,230.0
2022-11-18 14:16:14.431938,1288.0,234.0
2022-11-18 14:16:14.441937,1288.0,240.0
2022-11-18 14:16:14.452294,1288.0,245.0
2022-11-18 14:16:14.461906,1288.0,250.0
2022-11-18 14:16:14.472692,1288.0,258.0
2022-11-18 14:16:14.482414,1288.0,264.0
2022-11-18 14:16:14.492219,1288.0,268.0
2022-11-18 14:16:14.502173,1288.0,274.0
2022-11-18 14:16:14.512506,1288.0,279.0
2022-11-18 14:16:14.522535,1288.0,283.0
2022-11-18 14:16:14.533034,1288.0,288.0
2022-11-18 14:16:14.543013,1288.0,292.0
2022-11-18 14:16:14.553315,1288.0,295.0
2022-11-18 14:16:14.562855,1288.0,302.0
2022-11-18 14:16:14.573299,1288.0,307.0
2022-11-18 14:16:14.583831,1288.0,313.0
2022-11-18 14:16:14.592831,1288.0,316.0
2022-11-18 14:16:14.603055,1288.0,319.0
2022-11-18 14:16:14.613577,1288.0,323.0
2022-11-18 14:16:14.623143,1288.0,324.0
2022-11-18 14:16:14.633148,1288.0,327.0
2022-11-18 14:16:14.643337,1288.0,330.0
2022-11-18 14:16:14.653023,1288.0,334.0
2022-11-18 14:16:14.663217,1288.0,336.0
2022-11-18 14:16:14.673459,1288.0,340.0
2022-11-18 14:16:14.683953,1288.0,344.0
2022-11-18 14:16:14.693982,1288.0,347.0
2022-11-18 14:16:14.704256,1288.0,352.0
2022-11-18 14:16:14.714461,1288.0,356.0
2022-11-18 14:16:14.724276,1288.0,357.0
2022-11-18 14:16:14.733981,1288.0,360.0
2022-11-18 14:16:14.744438,1288.0,363.0
2022-11-18 14:16:14.754546,1288.0,365.0
2022-11-18 14:16:14.764066,1288.0,368.0
2022-11-18 14:16:14.774271,1288.0,371.0
2022-11-18 14:16:14.784497,1288.0,374.0
2022-11-18 14:16:14.793835,1288.0,377.0
2022-11-18 14:16:14.804365,1288.0,382.0
2022-11-18 14:16:14.814877,1288.0,387.0
2022-11-18 14:16:14.824493,1288.0,392.0
2022-11-18 14:16:14.833949,1288.0,397.0
2022-11-18 14:16:14.844193,1288.0,401.0
2022-11-18 14:16:14.854631,1288.0,404.0
2022-11-18 14:16:14.862923,1288.0,407.0
2022-11-18 14:16:14.874523,1288.0,408.0
2022-11-18 14:16:14.884237,1288.0,410.0
2022-11-18 14:16:14.894349,1288.0,411.0
2022-11-18 14:16:14.904647,1288.0,412.0
2022-11-18 14:16:14.914961,1288.0,414.0
2022-11-18 14:16:14.934346,1289.0,416.0
2022-11-18 14:16:14.944210,1290.0,419.0
2022-11-18 14:16:14.953976,1291.0,420.0
2022-11-18 14:16:14.964219,1291.0,422.0
2022-11-18 14:16:14.973965,1292.0,424.0
2022-11-18 14:16:14.984936,1292.0,425.0
2022-11-18 14:16:14.994300,1293.0,426.0
2022-11-18 14:16:15.004565,1293.0,427.0
2022-11-18 14:16:15.014098,1294.0,428.0
2022-11-18 14:16:15.023972,1295.0,430.0
2022-11-18 14:16:15.035243,1295.0,431.0
2022-11-18 14:16:15.045499,1296.0,432.0
2022-11-18 14:16:15.055093,1297.0,433.0
2022-11-18 14:16:15.065649,1298.0,436.0
2022-11-18 14:16:15.075614,1299.0,437.0
2022-11-18 14:16:15.105283,1300.0,439.0
2022-11-18 14:16:15.115644,1301.0,439.0
2022-11-18 14:16:15.125098,1302.0,440.0
2022-11-18 14:16:15.135331,1302.0,441.0
2022-11-18 14:16:15.145441,1303.0,441.0
2022-11-18 14:16:15.165199,1305.0,442.0
2022-11-18 14:16:15.175116,1308.0,443.0
2022-11-18 14:16:15.185075,1310.0,445.0
2022-11-18 14:16:15.195342,1312.0,445.0
2022-11-18 14:16:15.206317,1314.0,446.0
2022-11-18 14:16:15.215851,1319.0,448.0
2022-11-18 14:16:15.226091,1325.0,450.0
2022-11-18 14:16:15.236091,1330.0,453.0
2022-11-18 14:16:15.248010,1334.0,454.0
2022-11-18 14:16:15.257061,1340.0,457.0
2022-11-18 14:16:15.265999,1345.0,459.0
2022-11-18 14:16:15.276230,1348.0,460.0
2022-11-18 14:16:15.286039,1355.0,461.0
2022-11-18 14:16:15.296202,1361.0,464.0
2022-11-18 14:16:15.307064,1367.0,465.0
2022-11-18 14:16:15.316617,1376.0,467.0
2022-11-18 14:16:15.325920,1385.0,470.0
2022-11-18 14:16:15.336085,1394.0,472.0
2022-11-18 14:16:15.346463,1402.0,473.0
2022-11-18 14:16:15.355909,1412.0,477.0
2022-11-18 14:16:15.365910,1420.0,479.0
2022-11-18 14:16:15.376528,1426.0,481.0
2022-11-18 14:16:15.386630,1435.0,482.0
2022-11-18 14:16:15.396636,1440.0,483.0
2022-11-18 14:16:15.405883,1446.0,484.0
2022-11-18 14:16:15.415984,1452.0,485.0
2022-11-18 14:16:15.426107,1457.0,485.0
2022-11-18 14:16:15.436344,1461.0,485.0
2022-11-18 14:16:15.446192,1469.0,487.0
2022-11-18 14:16:15.456214,1474.0,487.0
2022-11-18 14:16:15.466367,1482.0,489.0
2022-11-18 14:16:15.476808,1488.0,489.0
2022-11-18 14:16:15.486338,1497.0,490.0
2022-11-18 14:16:15.496164,1503.0,491.0
2022-11-18 14:16:15.506522,1511.0,491.0
2022-11-18 14:16:15.516242,1517.0,493.0
2022-11-18 14:16:15.525922,1524.0,494.0
2022-11-18 14:16:15.536324,1531.0,494.0
2022-11-18 14:16:15.547174,1539.0,494.0
2022-11-18 14:16:15.557169,1547.0,494.0
2022-11-18 14:16:15.567461,1556.0,495.0
2022-11-18 14:16:15.577115,1563.0,495.0
2022-11-18 14:16:15.587527,1573.0,495.0
2022-11-18 14:16:15.597625,1583.0,495.0
2022-11-18 14:16:15.606951,1591.0,495.0
2022-11-18 14:16:15.618340,1601.0,495.0
2022-11-18 14:16:15.627333,1609.0,495.0
2022-11-18 14:16:15.637436,1620.0,495.0
2022-11-18 14:16:15.648434,1626.0,495.0
2022-11-18 14:16:15.658527,1634.0,497.0
2022-11-18 14:16:15.668433,1642.0,498.0
2022-11-18 14:16:15.677535,1652.0,500.0
2022-11-18 14:16:15.687537,1661.0,501.0
2022-11-18 14:16:15.697564,1669.0,502.0
2022-11-18 14:16:15.707164,1678.0,503.0
2022-11-18 14:16:15.718433,1688.0,503.0
2022-11-18 14:16:15.728670,1698.0,503.0
2022-11-18 14:16:15.739691,1708.0,503.0
2022-11-18 14:16:15.748818,1717.0,503.0
2022-11-18 14:16:15.759861,1726.0,503.0
2022-11-18 14:16:15.768863,1734.0,503.0
2022-11-18 14:16:15.778958,1742.0,503.0
2022-11-18 14:16:15.788047,1750.0,503.0
2022-11-18 14:16:15.798706,1758.0,503.0
2022-11-18 14:16:15.808705,1766.0,503.0
2022-11-18 14:16:15.818745,1771.0,503.0
2022-11-18 14:16:15.828251,1778.0,503.0
2022-11-18 14:16:15.837961,1783.0,503.0
2022-11-18 14:16:15.847947,1789.0,503.0
2022-11-18 14:16:15.858241,1792.0,503.0
2022-11-18 14:16:15.868647,1796.0,503.0
2022-11-18 14:16:15.878452,1799.0,503.0
2022-11-18 14:16:15.888008,1804.0,503.0
2022-11-18 14:16:15.898868,1807.0,503.0
2022-11-18 14:16:15.908865,1810.0,503.0
2022-11-18 14:16:15.917876,1811.0,503.0
2022-11-18 14:16:15.948218,1813.0,502.0
2022-11-18 14:16:15.988070,1814.0,502.0
2022-11-18 14:16:16.069645,1815.0,501.0
2022-11-18 14:16:16.089135,1816.0,501.0
2022-11-18 14:16:16.109698,1817.0,501.0
2022-11-18 14:16:16.119053,1818.0,501.0
2022-11-18 14:16:16.129399,1820.0,501.0
2022-11-18 14:16:16.139716,1822.0,502.0
2022-11-18 14:16:16.149637,1826.0,507.0
2022-11-18 14:16:16.159421,1828.0,514.0
2022-11-18 14:16:16.169063,1833.0,524.0
2022-11-18 14:16:16.179248,1835.0,535.0
2022-11-18 14:16:16.189656,1840.0,548.0
2022-11-18 14:16:16.199626,1844.0,556.0
2022-11-18 14:16:16.209091,1848.0,566.0
2022-11-18 14:16:16.219309,1851.0,573.0
2022-11-18 14:16:16.230698,1852.0,575.0
2022-11-18 14:16:16.240063,1853.0,577.0
2022-11-18 14:16:16.250450,1853.0,580.0
2022-11-18 14:16:16.260591,1853.0,582.0
2022-11-18 14:16:16.270893,1853.0,584.0
2022-11-18 14:16:16.280028,1853.0,587.0
2022-11-18 14:16:16.290062,1853.0,589.0
2022-11-18 14:16:16.300849,1853.0,593.0
2022-11-18 14:16:16.310208,1853.0,597.0
2022-11-18 14:16:16.320456,1853.0,602.0
2022-11-18 14:16:16.330633,1853.0,604.0
2022-11-18 14:16:16.340087,1853.0,607.0
2022-11-18 14:16:16.350338,1853.0,610.0
2022-11-18 14:16:16.360612,1853.0,611.0
2022-11-18 14:16:16.370812,1853.0,612.0
2022-11-18 14:16:16.380203,1853.0,613.0
2022-11-18 14:16:16.390442,1853.0,614.0
2022-11-18 14:16:16.400764,1853.0,615.0
2022-11-18 14:16:16.410159,1853.0,616.0
2022-11-18 14:16:16.420128,1853.0,617.0
2022-11-18 14:16:16.430705,1853.0,618.0
2022-11-18 14:16:16.441263,1853.0,620.0
2022-11-18 14:16:16.450310,1853.0,621.0
2022-11-18 14:16:16.460840,1853.0,622.0
2022-11-18 14:16:16.470840,1853.0,624.0
2022-11-18 14:16:16.480112,1853.0,625.0
2022-11-18 14:16:16.490132,1853.0,626.0
2022-11-18 14:16:16.500706,1853.0,628.0
2022-11-18 14:16:16.510025,1853.0,630.0
2022-11-18 14:16:16.520024,1853.0,633.0
2022-11-18 14:16:16.530648,1853.0,639.0
2022-11-18 14:16:16.540173,1853.0,645.0
2022-11-18 14:16:16.550173,1853.0,654.0
2022-11-18 14:16:16.560287,1853.0,663.0
2022-11-18 14:16:16.571538,1853.0,672.0
2022-11-18 14:16:16.581561,1853.0,681.0
2022-11-18 14:16:16.591051,1853.0,691.0
2022-11-18 14:16:16.601502,1853.0,699.0
2022-11-18 14:16:16.612632,1853.0,708.0
2022-11-18 14:16:16.621653,1853.0,715.0
2022-11-18 14:16:16.632609,1853.0,722.0
2022-11-18 14:16:16.642616,1851.0,726.0
2022-11-18 14:16:16.650958,1850.0,730.0
2022-11-18 14:16:16.661127,1850.0,733.0
2022-11-18 14:16:16.672160,1850.0,735.0
2022-11-18 14:16:16.682285,1850.0,740.0
2022-11-18 14:16:16.691885,1849.0,748.0
2022-11-18 14:16:16.701095,1849.0,753.0
2022-11-18 14:16:16.711104,1849.0,755.0
2022-11-18 14:16:16.721350,1849.0,756.0
2022-11-18 14:16:16.731692,1849.0,757.0
2022-11-18 14:16:16.742690,1849.0,758.0
2022-11-18 14:16:16.751907,1849.0,759.0
2022-11-18 14:16:16.762640,1849.0,761.0
2022-11-18 14:16:16.772011,1849.0,763.0
2022-11-18 14:16:16.783230,1849.0,766.0
2022-11-18 14:16:16.792355,1849.0,769.0
2022-11-18 14:16:16.802675,1849.0,772.0
2022-11-18 14:16:16.811674,1849.0,776.0
2022-11-18 14:16:16.822219,1849.0,779.0
2022-11-18 14:16:16.832578,1849.0,782.0
2022-11-18 14:16:16.842447,1849.0,786.0
2022-11-18 14:16:16.852210,1848.0,790.0
2022-11-18 14:16:16.862725,1848.0,794.0
2022-11-18 14:16:16.871924,1847.0,798.0
2022-11-18 14:16:16.882157,1846.0,801.0
2022-11-18 14:16:16.892683,1845.0,806.0
2022-11-18 14:16:16.902192,1845.0,810.0
2022-11-18 14:16:16.912507,1844.0,816.0
2022-11-18 14:16:16.922432,1843.0,819.0
2022-11-18 14:16:16.932211,1843.0,824.0
2022-11-18 14:16:16.942202,1842.0,828.0
2022-11-18 14:16:16.953523,1842.0,835.0
2022-11-18 14:16:16.962751,1840.0,840.0
2022-11-18 14:16:16.972750,1840.0,843.0
2022-11-18 14:16:16.982308,1839.0,848.0
2022-11-18 14:16:16.992692,1838.0,853.0
2022-11-18 14:16:17.002225,1838.0,857.0
2022-11-18 14:16:17.011936,1838.0,861.0
2022-11-18 14:16:17.022203,1836.0,867.0
2022-11-18 14:16:17.032202,1836.0,869.0
2022-11-18 14:16:17.042315,1835.0,874.0
2022-11-18 14:16:17.052229,1835.0,878.0
2022-11-18 14:16:17.062157,1835.0,882.0
2022-11-18 14:16:17.072149,1834.0,885.0
2022-11-18 14:16:17.083149,1834.0,888.0
2022-11-18 14:16:17.093935,1833.0,891.0
2022-11-18 14:16:17.103945,1833.0,895.0
2022-11-18 14:16:17.113911,1832.0,898.0
2022-11-18 14:16:17.124983,1832.0,901.0
2022-11-18 14:16:17.132978,1831.0,905.0
2022-11-18 14:16:17.142899,1831.0,908.0
2022-11-18 14:16:17.153453,1831.0,911.0
2022-11-18 14:16:17.163915,1831.0,916.0
2022-11-18 14:16:17.173390,1831.0,921.0
2022-11-18 14:16:17.183994,1831.0,927.0
2022-11-18 14:16:17.194055,1831.0,932.0
2022-11-18 14:16:17.204216,1831.0,936.0
2022-11-18 14:16:17.214176,1831.0,943.0
2022-11-18 14:16:17.223168,1829.0,950.0
2022-11-18 14:16:17.233164,1829.0,956.0
2022-11-18 14:16:17.243364,1829.0,962.0
2022-11-18 14:16:17.254552,1829.0,968.0
2022-11-18 14:16:17.264069,1829.0,972.0
2022-11-18 14:16:17.274342,1829.0,977.0
2022-11-18 14:16:17.284600,1829.0,978.0
2022-11-18 14:16:17.295642,1829.0,979.0
2022-11-18 14:16:17.354109,1828.0,980.0
2022-11-18 14:16:17.374623,1828.0,981.0
2022-11-18 14:16:17.404151,1828.0,982.0
2022-11-18 14:16:17.424602,1827.0,983.0
2022-11-18 14:16:17.474068,1826.0,984.0
2022-11-18 14:16:17.484072,1825.0,985.0
2022-11-18 14:16:17.493855,1825.0,986.0
2022-11-18 14:16:17.524374,1824.0,986.0
2022-11-18 14:16:17.534791,1823.0,987.0
2022-11-18 14:16:17.544059,1822.0,988.0
2022-11-18 14:16:17.554208,1821.0,988.0
2022-11-18 14:16:17.564747,1819.0,988.0
2022-11-18 14:16:17.574081,1818.0,989.0
2022-11-18 14:16:17.585031,1817.0,989.0
2022-11-18 14:16:17.596121,1814.0,989.0
2022-11-18 14:16:17.606258,1812.0,989.0
2022-11-18 14:16:17.616327,1809.0,989.0
2022-11-18 14:16:17.625458,1806.0,991.0
2022-11-18 14:16:17.636701,1803.0,991.0
2022-11-18 14:16:17.645702,1799.0,991.0
2022-11-18 14:16:17.655238,1797.0,991.0
2022-11-18 14:16:17.665575,1793.0,991.0
2022-11-18 14:16:17.674882,1789.0,991.0
2022-11-18 14:16:17.685125,1785.0,991.0
2022-11-18 14:16:17.695013,1781.0,991.0
2022-11-18 14:16:17.705251,1776.0,991.0
2022-11-18 14:16:17.715518,1771.0,991.0
2022-11-18 14:16:17.725884,1765.0,991.0
2022-11-18 14:16:17.735267,1759.0,991.0
2022-11-18 14:16:17.745302,1752.0,991.0
2022-11-18 14:16:17.755315,1745.0,991.0
2022-11-18 14:16:17.766652,1738.0,991.0
2022-11-18 14:16:17.776665,1730.0,991.0
2022-11-18 14:16:17.786274,1723.0,993.0
2022-11-18 14:16:17.796273,1717.0,993.0
2022-11-18 14:16:17.807276,1710.0,995.0
2022-11-18 14:16:17.816305,1703.0,997.0
2022-11-18 14:16:17.826098,1699.0,997.0
2022-11-18 14:16:17.836279,1693.0,1000.0
2022-11-18 14:16:17.847283,1689.0,1000.0
2022-11-18 14:16:17.856325,1685.0,1002.0
2022-11-18 14:16:17.866623,1683.0,1003.0
2022-11-18 14:16:17.876616,1681.0,1003.0
2022-11-18 14:16:17.896354,1680.0,1004.0
2022-11-18 14:16:17.916491,1678.0,1004.0
2022-11-18 14:16:17.936160,1676.0,1005.0
2022-11-18 14:16:17.946543,1674.0,1005.0
2022-11-18 14:16:17.956564,1672.0,1006.0
2022-11-18 14:16:17.966310,1669.0,1007.0
2022-11-18 14:16:17.977579,1665.0,1009.0
2022-11-18 14:16:17.986872,1660.0,1010.0
2022-11-18 14:16:17.996357,1653.0,1013.0
2022-11-18 14:16:18.006184,1646.0,1015.0
2022-11-18 14:16:18.016573,1637.0,1017.0
2022-11-18 14:16:18.026286,1628.0,1019.0
2022-11-18 14:16:18.036922,1620.0,1022.0
2022-11-18 14:16:18.046697,1611.0,1023.0
2022-11-18 14:16:18.056707,1602.0,1026.0
2022-11-18 14:16:18.172224,1602.0,1026.0
2022-11-18 14:16:19.783344,1602.0,1026.0
2022-11-18 14:16:19.792977,1601.0,1025.0
2022-11-18 14:16:19.803949,1601.0,1022.0
2022-11-18 14:16:20.416308,1601.0,1019.0
2022-11-18 14:16:20.436765,1600.0,1019.0
2022-11-18 14:16:20.456608,1598.0,1019.0
2022-11-18 14:16:20.466810,1597.0,1019.0
2022-11-18 14:16:20.475811,1595.0,1019.0
2022-11-18 14:16:20.487163,1591.0,1019.0
2022-11-18 14:16:20.496772,1588.0,1019.0
2022-11-18 14:16:20.506127,1584.0,1019.0
2022-11-18 14:16:20.516125,1578.0,1019.0
2022-11-18 14:16:20.526179,1572.0,1018.0
2022-11-18 14:16:20.537239,1563.0,1017.0
2022-11-18 14:16:20.546465,1554.0,1015.0
2022-11-18 14:16:20.556407,1548.0,1013.0
2022-11-18 14:16:20.566103,1539.0,1011.0
2022-11-18 14:16:20.577103,1533.0,1009.0
2022-11-18 14:16:20.586354,1526.0,1008.0
2022-11-18 14:16:20.596029,1518.0,1006.0
2022-11-18 14:16:20.606020,1513.0,1005.0
2022-11-18 14:16:20.617258,1506.0,1004.0
2022-11-18 14:16:20.626489,1497.0,1003.0
2022-11-18 14:16:20.636048,1492.0,1002.0
2022-11-18 14:16:20.646049,1484.0,1001.0
2022-11-18 14:16:20.656714,1477.0,1000.0
2022-11-18 14:16:20.666980,1470.0,999.0
2022-11-18 14:16:20.676980,1461.0,997.0
2022-11-18 14:16:20.687141,1455.0,996.0
2022-11-18 14:16:20.697477,1447.0,996.0
2022-11-18 14:16:20.708465,1440.0,995.0
2022-11-18 14:16:20.716962,1431.0,993.0
2022-11-18 14:16:20.727762,1425.0,992.0
2022-11-18 14:16:20.736795,1416.0,991.0
2022-11-18 14:16:20.748466,1406.0,991.0
2022-11-18 14:16:20.757261,1397.0,991.0
2022-11-18 14:16:20.767552,1388.0,991.0
2022-11-18 14:16:20.776895,1380.0,991.0
2022-11-18 14:16:20.788568,1371.0,991.0
2022-11-18 14:16:20.796595,1362.0,991.0
2022-11-18 14:16:20.806995,1354.0,991.0
2022-11-18 14:16:20.817452,1345.0,989.0
2022-11-18 14:16:20.828197,1335.0,988.0
2022-11-18 14:16:20.837952,1327.0,988.0
2022-11-18 14:16:20.848446,1317.0,988.0
2022-11-18 14:16:20.858169,1309.0,988.0
2022-11-18 14:16:20.869710,1298.0,988.0
2022-11-18 14:16:20.879998,1288.0,984.0
2022-11-18 14:16:20.889032,1281.0,984.0
2022-11-18 14:16:20.898042,1273.0,984.0
2022-11-18 14:16:20.908499,1264.0,984.0
2022-11-18 14:16:20.919643,1254.0,984.0
2022-11-18 14:16:20.928531,1245.0,984.0
2022-11-18 14:16:20.937793,1237.0,984.0
2022-11-18 14:16:20.948443,1228.0,984.0
2022-11-18 14:16:20.959012,1219.0,984.0
2022-11-18 14:16:20.968014,1210.0,984.0
2022-11-18 14:16:20.978472,1201.0,984.0
2022-11-18 14:16:20.988845,1190.0,984.0
2022-11-18 14:16:20.999116,1182.0,984.0
2022-11-18 14:16:21.008733,1173.0,984.0
2022-11-18 14:16:21.018732,1165.0,984.0
2022-11-18 14:16:21.028830,1156.0,984.0
2022-11-18 14:16:21.039353,1147.0,984.0
2022-11-18 14:16:21.049652,1139.0,984.0
2022-11-18 14:16:21.058391,1133.0,984.0
2022-11-18 14:16:21.068236,1126.0,984.0
2022-11-18 14:16:21.078366,1120.0,984.0
2022-11-18 14:16:21.090735,1114.0,984.0
2022-11-18 14:16:21.098761,1108.0,984.0
2022-11-18 14:16:21.108749,1103.0,984.0
2022-11-18 14:16:21.118851,1095.0,985.0
2022-11-18 14:16:21.129878,1089.0,985.0
2022-11-18 14:16:21.138315,1081.0,985.0
2022-11-18 14:16:21.148447,1074.0,985.0
2022-11-18 14:16:21.158728,1067.0,985.0
2022-11-18 14:16:21.169297,1060.0,985.0
2022-11-18 14:16:21.179904,1052.0,985.0
2022-11-18 14:16:21.189149,1045.0,985.0
2022-11-18 14:16:21.199361,1037.0,985.0
2022-11-18 14:16:21.210049,1029.0,985.0
2022-11-18 14:16:21.219974,1021.0,985.0
2022-11-18 14:16:21.229143,1012.0,986.0
2022-11-18 14:16:21.239315,1007.0,986.0
2022-11-18 14:16:21.249004,998.0,986.0
2022-11-18 14:16:21.260384,991.0,986.0
2022-11-18 14:16:21.269645,982.0,986.0
2022-11-18 14:16:21.278992,975.0,986.0
2022-11-18 14:16:21.288982,966.0,986.0
2022-11-18 14:16:21.300155,958.0,986.0
2022-11-18 14:16:21.309434,950.0,986.0
2022-11-18 14:16:21.319843,944.0,986.0
2022-11-18 14:16:21.329220,934.0,987.0
2022-11-18 14:16:21.340566,928.0,987.0
2022-11-18 14:16:21.350397,920.0,989.0
2022-11-18 14:16:21.360464,915.0,989.0
2022-11-18 14:16:21.370026,908.0,990.0
2022-11-18 14:16:21.381317,904.0,990.0
2022-11-18 14:16:21.391460,900.0,990.0
2022-11-18 14:16:21.400119,896.0,990.0
2022-11-18 14:16:21.410126,894.0,990.0
2022-11-18 14:16:21.420009,891.0,990.0
2022-11-18 14:16:21.431205,888.0,990.0
2022-11-18 14:16:21.440206,887.0,990.0
2022-11-18 14:16:21.450780,886.0,990.0
2022-11-18 14:16:21.460174,884.0,990.0
2022-11-18 14:16:21.471416,880.0,991.0
2022-11-18 14:16:21.480729,879.0,991.0
2022-11-18 14:16:21.490074,875.0,992.0
2022-11-18 14:16:21.500077,872.0,992.0
2022-11-18 14:16:21.511325,869.0,992.0
2022-11-18 14:16:21.520009,866.0,992.0
2022-11-18 14:16:21.530215,865.0,992.0
2022-11-18 14:16:21.540579,863.0,992.0
2022-11-18 14:16:21.551074,862.0,992.0
2022-11-18 14:16:21.561432,860.0,992.0
2022-11-18 14:16:21.570388,859.0,992.0
2022-11-18 14:16:21.581466,857.0,992.0
2022-11-18 14:16:21.591966,855.0,992.0
2022-11-18 14:16:21.600942,851.0,992.0
2022-11-18 14:16:21.610554,848.0,992.0
2022-11-18 14:16:21.620535,844.0,992.0
2022-11-18 14:16:21.630548,840.0,992.0
2022-11-18 14:16:21.641897,837.0,992.0
2022-11-18 14:16:21.651904,834.0,992.0
2022-11-18 14:16:21.660977,831.0,992.0
2022-11-18 14:16:21.669980,827.0,992.0
2022-11-18 14:16:21.680968,825.0,992.0
2022-11-18 14:16:21.691309,824.0,992.0
2022-11-18 14:16:21.700896,823.0,992.0
2022-11-18 14:16:21.711973,822.0,991.0
2022-11-18 14:16:21.722355,820.0,991.0
2022-11-18 14:16:21.732369,819.0,990.0
2022-11-18 14:16:21.741718,818.0,990.0
2022-11-18 14:16:21.750972,816.0,989.0
2022-11-18 14:16:21.761979,813.0,988.0
2022-11-18 14:16:21.772648,808.0,986.0
2022-11-18 14:16:21.781870,802.0,984.0
2022-11-18 14:16:21.790911,797.0,981.0
2022-11-18 14:16:21.802206,793.0,978.0
2022-11-18 14:16:21.812221,789.0,976.0
2022-11-18 14:16:21.821214,786.0,974.0
2022-11-18 14:16:21.831221,785.0,973.0
2022-11-18 14:16:21.841661,784.0,971.0
2022-11-18 14:16:21.852013,783.0,969.0
2022-11-18 14:16:21.862009,783.0,968.0
2022-11-18 14:16:21.872635,782.0,963.0
2022-11-18 14:16:21.882378,781.0,959.0
2022-11-18 14:16:21.893136,780.0,953.0
2022-11-18 14:16:21.903589,778.0,947.0
2022-11-18 14:16:21.912661,777.0,940.0
2022-11-18 14:16:21.922246,777.0,933.0
2022-11-18 14:16:21.933315,775.0,924.0
2022-11-18 14:16:21.943560,774.0,914.0
2022-11-18 14:16:21.952119,773.0,906.0
2022-11-18 14:16:21.962380,771.0,897.0
2022-11-18 14:16:21.972151,771.0,889.0
2022-11-18 14:16:21.983248,771.0,880.0
2022-11-18 14:16:21.992246,771.0,871.0
2022-11-18 14:16:22.002569,771.0,864.0
2022-11-18 14:16:22.012362,771.0,857.0
2022-11-18 14:16:22.023360,771.0,849.0
2022-11-18 14:16:22.032361,771.0,844.0
2022-11-18 14:16:22.042166,771.0,839.0
2022-11-18 14:16:22.052315,771.0,833.0
2022-11-18 14:16:22.063247,771.0,829.0
2022-11-18 14:16:22.073468,772.0,824.0
2022-11-18 14:16:22.082218,772.0,819.0
2022-11-18 14:16:22.092182,772.0,815.0
2022-11-18 14:16:22.103460,773.0,810.0
2022-11-18 14:16:22.113758,774.0,806.0
2022-11-18 14:16:22.122725,774.0,803.0
2022-11-18 14:16:22.132855,775.0,799.0
2022-11-18 14:16:22.142602,775.0,796.0
2022-11-18 14:16:22.153560,776.0,793.0
2022-11-18 14:16:22.161910,776.0,788.0
2022-11-18 14:16:22.172156,777.0,785.0
2022-11-18 14:16:22.182148,778.0,781.0
2022-11-18 14:16:22.193353,778.0,776.0
2022-11-18 14:16:22.203304,779.0,772.0
2022-11-18 14:16:22.213224,779.0,768.0
2022-11-18 14:16:22.223003,781.0,763.0
2022-11-18 14:16:22.234300,782.0,759.0
2022-11-18 14:16:22.243998,782.0,753.0
2022-11-18 14:16:22.253323,783.0,748.0
2022-11-18 14:16:22.263338,785.0,743.0
2022-11-18 14:16:22.277274,785.0,740.0
2022-11-18 14:16:22.284279,785.0,734.0
2022-11-18 14:16:22.293564,786.0,730.0
2022-11-18 14:16:22.303623,787.0,726.0
2022-11-18 14:16:22.313964,787.0,722.0
2022-11-18 14:16:22.324250,787.0,718.0
2022-11-18 14:16:22.333219,787.0,714.0
2022-11-18 14:16:22.343234,787.0,711.0
2022-11-18 14:16:22.352932,787.0,708.0
2022-11-18 14:16:22.364151,787.0,704.0
2022-11-18 14:16:22.374126,787.0,700.0
2022-11-18 14:16:22.383936,787.0,698.0
2022-11-18 14:16:22.394349,787.0,694.0
2022-11-18 14:16:22.405001,787.0,692.0
2022-11-18 14:16:22.414845,787.0,690.0
2022-11-18 14:16:22.424029,787.0,686.0
2022-11-18 14:16:22.434285,787.0,683.0
2022-11-18 14:16:22.445109,787.0,680.0
2022-11-18 14:16:22.455486,787.0,677.0
2022-11-18 14:16:22.464353,787.0,672.0
2022-11-18 14:16:22.474481,787.0,669.0
2022-11-18 14:16:22.485055,787.0,667.0
2022-11-18 14:16:22.495213,787.0,663.0
2022-11-18 14:16:22.503856,787.0,660.0
2022-11-18 14:16:22.513835,787.0,657.0
2022-11-18 14:16:22.524837,787.0,654.0
2022-11-18 14:16:22.535839,786.0,651.0
2022-11-18 14:16:22.544026,786.0,648.0
2022-11-18 14:16:22.554213,786.0,646.0
2022-11-18 14:16:22.565235,785.0,643.0
2022-11-18 14:16:22.576323,785.0,639.0
2022-11-18 14:16:22.585651,785.0,636.0
2022-11-18 14:16:22.594909,784.0,632.0
2022-11-18 14:16:22.604913,784.0,630.0
2022-11-18 14:16:22.615170,784.0,627.0
2022-11-18 14:16:22.625797,784.0,623.0
2022-11-18 14:16:22.634853,784.0,621.0
2022-11-18 14:16:22.644225,784.0,619.0
2022-11-18 14:16:22.655618,784.0,618.0
2022-11-18 14:16:22.665695,784.0,615.0
2022-11-18 14:16:22.674508,784.0,614.0
2022-11-18 14:16:22.683909,784.0,612.0
2022-11-18 14:16:22.693908,784.0,609.0
2022-11-18 14:16:22.704921,784.0,608.0
2022-11-18 14:16:22.725558,784.0,606.0
2022-11-18 14:16:22.735539,784.0,603.0
2022-11-18 14:16:22.745722,784.0,602.0
2022-11-18 14:16:22.756070,784.0,601.0
2022-11-18 14:16:22.765300,785.0,598.0
2022-11-18 14:16:22.775664,785.0,597.0
2022-11-18 14:16:22.784995,786.0,596.0
2022-11-18 14:16:22.796262,786.0,594.0
2022-11-18 14:16:22.815271,788.0,593.0
2022-11-18 14:16:22.824945,789.0,590.0
2022-11-18 14:16:22.836237,791.0,588.0
2022-11-18 14:16:22.845195,795.0,586.0
2022-11-18 14:16:22.855455,798.0,584.0
2022-11-18 14:16:22.865787,801.0,582.0
2022-11-18 14:16:22.875347,804.0,581.0
2022-11-18 14:16:22.885784,806.0,579.0
2022-11-18 14:16:22.896782,808.0,578.0
2022-11-18 14:16:22.906475,809.0,578.0
2022-11-18 14:16:22.916705,810.0,578.0
2022-11-18 14:16:22.927595,811.0,578.0
2022-11-18 14:16:22.936925,813.0,576.0
2022-11-18 14:16:22.945922,816.0,575.0
2022-11-18 14:16:22.955923,819.0,574.0
2022-11-18 14:16:22.967474,823.0,573.0
2022-11-18 14:16:22.976071,827.0,572.0
2022-11-18 14:16:22.986195,830.0,571.0
2022-11-18 14:16:22.996807,833.0,571.0
2022-11-18 14:16:23.006935,835.0,570.0
2022-11-18 14:16:23.016037,838.0,569.0
2022-11-18 14:16:23.026046,839.0,569.0
2022-11-18 14:16:23.036301,841.0,569.0
2022-11-18 14:16:23.046261,843.0,568.0
2022-11-18 14:16:23.056045,846.0,568.0
2022-11-18 14:16:23.065935,849.0,568.0
2022-11-18 14:16:23.076064,854.0,568.0
2022-11-18 14:16:23.086095,858.0,566.0
2022-11-18 14:16:23.097157,864.0,566.0
2022-11-18 14:16:23.106660,869.0,566.0
2022-11-18 14:16:23.116668,874.0,565.0
2022-11-18 14:16:23.126806,880.0,565.0
2022-11-18 14:16:23.137804,885.0,565.0
2022-11-18 14:16:23.145804,892.0,565.0
2022-11-18 14:16:23.156792,900.0,565.0
2022-11-18 14:16:23.166021,909.0,565.0
2022-11-18 14:16:23.177326,918.0,565.0
2022-11-18 14:16:23.186597,928.0,565.0
2022-11-18 14:16:23.196624,936.0,565.0
2022-11-18 14:16:23.206724,949.0,565.0
2022-11-18 14:16:23.216692,963.0,565.0
2022-11-18 14:16:23.226927,974.0,565.0
2022-11-18 14:16:23.237735,987.0,565.0
2022-11-18 14:16:23.246732,1002.0,565.0
2022-11-18 14:16:23.257469,1014.0,565.0
2022-11-18 14:16:23.268777,1026.0,565.0
2022-11-18 14:16:23.276810,1037.0,565.0
2022-11-18 14:16:23.287184,1046.0,565.0
2022-11-18 14:16:23.297694,1055.0,565.0
2022-11-18 14:16:23.308704,1063.0,565.0
2022-11-18 14:16:23.317704,1070.0,565.0
2022-11-18 14:16:23.327057,1078.0,565.0
2022-11-18 14:16:23.337331,1083.0,565.0
2022-11-18 14:16:23.348778,1089.0,565.0
2022-11-18 14:16:23.357779,1093.0,565.0
2022-11-18 14:16:23.367291,1094.0,565.0
2022-11-18 14:16:23.377615,1096.0,565.0
2022-11-18 14:16:24.741937,1097.0,565.0
2022-11-18 14:16:24.763148,1098.0,565.0
2022-11-18 14:16:24.773732,1098.0,563.0
2022-11-18 14:16:24.783733,1098.0,559.0
2022-11-18 14:16:24.793614,1098.0,556.0
2022-11-18 14:16:24.803937,1098.0,550.0
2022-11-18 14:16:24.813183,1098.0,543.0
2022-11-18 14:16:24.823177,1098.0,536.0
2022-11-18 14:16:24.833330,1098.0,526.0
2022-11-18 14:16:24.844352,1098.0,518.0
2022-11-18 14:16:24.853138,1098.0,509.0
2022-11-18 14:16:24.862887,1098.0,501.0
2022-11-18 14:16:24.873385,1098.0,492.0
2022-11-18 14:16:24.884403,1098.0,484.0
2022-11-18 14:16:24.893244,1098.0,475.0
2022-11-18 14:16:24.903652,1098.0,468.0
2022-11-18 14:16:24.913385,1098.0,459.0
2022-11-18 14:16:24.924381,1098.0,452.0
2022-11-18 14:16:24.934615,1098.0,444.0
2022-11-18 14:16:24.943935,1098.0,439.0
2022-11-18 14:16:24.953928,1098.0,435.0
2022-11-18 14:16:24.965075,1098.0,429.0
2022-11-18 14:16:24.975509,1098.0,426.0
2022-11-18 14:16:24.984469,1098.0,423.0
2022-11-18 14:16:24.993717,1098.0,419.0
2022-11-18 14:16:25.004718,1098.0,415.0
2022-11-18 14:16:25.015721,1098.0,412.0
2022-11-18 14:16:25.024181,1096.0,408.0
2022-11-18 14:16:25.034628,1096.0,406.0
2022-11-18 14:16:25.044339,1096.0,403.0
2022-11-18 14:16:25.055612,1096.0,401.0
2022-11-18 14:16:25.063827,1096.0,398.0
2022-11-18 14:16:25.074837,1096.0,396.0
2022-11-18 14:16:25.085051,1096.0,393.0
2022-11-18 14:16:25.095114,1096.0,388.0
2022-11-18 14:16:25.104338,1095.0,384.0
2022-11-18 14:16:25.114616,1094.0,378.0
2022-11-18 14:16:25.123865,1094.0,374.0
2022-11-18 14:16:25.134137,1093.0,369.0
2022-11-18 14:16:25.145138,1093.0,365.0
2022-11-18 14:16:25.154167,1092.0,359.0
2022-11-18 14:16:25.164368,1092.0,356.0
2022-11-18 14:16:25.174054,1092.0,352.0
2022-11-18 14:16:25.185262,1092.0,348.0
2022-11-18 14:16:25.194425,1092.0,344.0
2022-11-18 14:16:25.204647,1091.0,338.0
2022-11-18 14:16:25.214212,1090.0,334.0
2022-11-18 14:16:25.225602,1090.0,329.0
2022-11-18 14:16:25.234536,1089.0,325.0
2022-11-18 14:16:25.244302,1088.0,320.0
2022-11-18 14:16:25.254512,1088.0,318.0
2022-11-18 14:16:25.265355,1087.0,313.0
2022-11-18 14:16:25.275619,1087.0,308.0
2022-11-18 14:16:25.284970,1087.0,306.0
2022-11-18 14:16:25.295479,1087.0,301.0
2022-11-18 14:16:25.306477,1085.0,294.0
2022-11-18 14:16:25.316833,1084.0,288.0
2022-11-18 14:16:25.325210,1083.0,281.0
2022-11-18 14:16:25.335241,1083.0,276.0
2022-11-18 14:16:25.345630,1083.0,268.0
2022-11-18 14:16:25.356365,1083.0,264.0
2022-11-18 14:16:25.366132,1083.0,257.0
2022-11-18 14:16:25.376376,1081.0,249.0
2022-11-18 14:16:25.385671,1081.0,239.0
2022-11-18 14:16:25.396745,1081.0,231.0
2022-11-18 14:16:25.405492,1081.0,221.0
2022-11-18 14:16:25.415092,1081.0,215.0
2022-11-18 14:16:25.425199,1081.0,206.0
2022-11-18 14:16:25.436447,1081.0,200.0
2022-11-18 14:16:25.446847,1081.0,194.0
2022-11-18 14:16:25.456227,1081.0,187.0
2022-11-18 14:16:25.466225,1081.0,182.0
2022-11-18 14:16:25.477689,1081.0,175.0
2022-11-18 14:16:25.487299,1081.0,171.0
2022-11-18 14:16:25.496270,1081.0,167.0
2022-11-18 14:16:25.506218,1081.0,164.0
2022-11-18 14:16:25.516507,1081.0,162.0
2022-11-18 14:16:25.527712,1081.0,159.0
2022-11-18 14:16:25.537005,1081.0,157.0
2022-11-18 14:16:25.546505,1081.0,154.0
2022-11-18 14:16:25.556584,1081.0,150.0
2022-11-18 14:16:25.567488,1081.0,147.0
2022-11-18 14:16:25.576470,1081.0,145.0
2022-11-18 14:16:25.586259,1081.0,142.0
2022-11-18 14:16:25.596249,1081.0,139.0
2022-11-18 14:16:25.607650,1081.0,136.0
2022-11-18 14:16:25.616310,1081.0,133.0
2022-11-18 14:16:25.626346,1081.0,130.0
2022-11-18 14:16:25.636684,1081.0,129.0
2022-11-18 14:16:25.646712,1081.0,127.0
2022-11-18 14:16:25.657693,1081.0,124.0
2022-11-18 14:16:25.666327,1081.0,123.0
2022-11-18 14:16:25.677260,1081.0,120.0
2022-11-18 14:16:25.686286,1081.0,114.0
2022-11-18 14:16:25.697219,1081.0,110.0
2022-11-18 14:16:25.706969,1081.0,106.0
2022-11-18 14:16:25.716022,1081.0,101.0
2022-11-18 14:16:25.726029,1081.0,96.0
2022-11-18 14:16:25.737386,1081.0,93.0
2022-11-18 14:16:25.746731,1081.0,88.0
2022-11-18 14:16:25.755732,1081.0,86.0
2022-11-18 14:16:25.766771,1081.0,84.0
2022-11-18 14:16:25.777284,1081.0,82.0
2022-11-18 14:16:25.787262,1081.0,79.0
2022-11-18 14:16:25.797144,1081.0,78.0
2022-11-18 14:16:25.807110,1080.0,75.0
2022-11-18 14:16:25.818140,1080.0,73.0
2022-11-18 14:16:25.828288,1080.0,71.0
2022-11-18 14:16:25.837331,1079.0,69.0
2022-11-18 14:16:25.847726,1078.0,67.0
2022-11-18 14:16:25.856725,1077.0,66.0
2022-11-18 14:16:25.868391,1077.0,65.0
2022-11-18 14:16:25.876395,1076.0,63.0
2022-11-18 14:16:25.886718,1076.0,62.0
2022-11-18 14:16:25.908772,1075.0,61.0
2022-11-18 14:16:25.927366,1073.0,61.0
2022-11-18 14:16:25.936696,1072.0,61.0
2022-11-18 14:16:25.948704,1070.0,60.0
2022-11-18 14:16:25.958285,1067.0,60.0
2022-11-18 14:16:25.968356,1062.0,59.0
2022-11-18 14:16:25.978731,1055.0,58.0
2022-11-18 14:16:25.989071,1046.0,58.0
2022-11-18 14:16:25.999384,1036.0,57.0
2022-11-18 14:16:26.008355,1025.0,57.0
2022-11-18 14:16:26.018798,1014.0,57.0
2022-11-18 14:16:26.028799,1001.0,56.0
2022-11-18 14:16:26.039752,986.0,56.0
2022-11-18 14:16:26.048806,967.0,54.0
2022-11-18 14:16:26.058341,953.0,52.0
2022-11-18 14:16:26.068752,944.0,52.0
2022-11-18 14:16:26.079377,930.0,52.0
2022-11-18 14:16:26.088721,911.0,48.0
2022-11-18 14:16:26.098721,894.0,46.0
2022-11-18 14:16:26.108871,879.0,45.0
2022-11-18 14:16:26.119485,864.0,42.0
2022-11-18 14:16:26.128514,850.0,41.0
2022-11-18 14:16:26.138914,840.0,39.0
2022-11-18 14:16:26.148998,830.0,37.0
2022-11-18 14:16:26.159608,820.0,35.0
2022-11-18 14:16:26.169640,812.0,34.0
2022-11-18 14:16:26.178496,806.0,33.0
2022-11-18 14:16:26.188084,801.0,33.0
2022-11-18 14:16:26.198278,795.0,32.0
2022-11-18 14:16:26.208909,791.0,32.0
2022-11-18 14:16:26.218197,789.0,31.0
2022-11-18 14:16:26.228432,787.0,31.0
2022-11-18 14:16:26.238719,786.0,31.0
2022-11-18 14:16:26.248980,784.0,31.0
2022-11-18 14:16:26.258010,781.0,31.0
2022-11-18 14:16:26.268247,780.0,30.0
2022-11-18 14:16:26.278469,778.0,30.0
2022-11-18 14:16:26.289786,776.0,30.0
2022-11-18 14:16:26.299786,772.0,30.0
2022-11-18 14:16:26.309234,768.0,31.0
2022-11-18 14:16:26.319534,762.0,31.0
2022-11-18 14:16:26.330645,758.0,32.0
2022-11-18 14:16:26.340722,752.0,33.0
2022-11-18 14:16:26.349038,744.0,34.0
2022-11-18 14:16:26.359037,737.0,35.0
2022-11-18 14:16:26.369589,729.0,36.0
2022-11-18 14:16:26.380689,723.0,38.0
2022-11-18 14:16:26.389719,719.0,39.0
2022-11-18 14:16:26.400020,712.0,40.0
2022-11-18 14:16:26.409377,705.0,41.0
2022-11-18 14:16:26.420025,699.0,42.0
2022-11-18 14:16:26.429548,691.0,43.0
2022-11-18 14:16:26.439697,685.0,44.0
2022-11-18 14:16:26.448987,678.0,45.0
2022-11-18 14:16:26.460990,671.0,45.0
2022-11-18 14:16:26.470721,664.0,46.0
2022-11-18 14:16:26.479964,660.0,46.0
2022-11-18 14:16:26.490965,655.0,46.0
2022-11-18 14:16:26.501631,652.0,47.0
2022-11-18 14:16:26.510944,649.0,48.0
2022-11-18 14:16:26.520940,648.0,48.0
2022-11-18 14:16:26.539976,647.0,48.0
2022-11-18 14:16:26.571506,646.0,48.0
2022-11-18 14:16:26.581101,645.0,49.0
2022-11-18 14:16:26.592093,644.0,50.0
2022-11-18 14:16:26.600283,642.0,50.0
2022-11-18 14:16:26.610285,641.0,50.0
2022-11-18 14:16:26.620591,639.0,51.0
2022-11-18 14:16:26.631188,638.0,52.0
2022-11-18 14:16:26.640260,636.0,53.0
2022-11-18 14:16:26.650303,635.0,53.0
2022-11-18 14:16:26.660148,632.0,55.0
2022-11-18 14:16:26.671458,631.0,55.0
2022-11-18 14:16:26.681123,629.0,56.0
2022-11-18 14:16:26.690101,627.0,58.0
2022-11-18 14:16:26.700296,625.0,59.0
2022-11-18 14:16:26.710303,623.0,61.0
2022-11-18 14:16:26.720990,620.0,62.0
2022-11-18 14:16:26.730605,616.0,64.0
2022-11-18 14:16:26.739904,614.0,66.0
2022-11-18 14:16:26.750877,610.0,68.0
2022-11-18 14:16:26.761230,609.0,68.0
2022-11-18 14:16:26.770355,607.0,69.0
2022-11-18 14:16:26.780399,605.0,70.0
2022-11-18 14:16:26.790213,605.0,71.0
2022-11-18 14:16:26.801552,604.0,71.0
2022-11-18 14:16:26.811623,604.0,72.0
2022-11-18 14:16:26.851879,603.0,72.0
2022-11-18 14:16:26.861577,602.0,72.0
2022-11-18 14:16:26.882024,602.0,73.0
2022-11-18 14:16:26.892238,601.0,73.0
2022-11-18 14:16:26.901289,601.0,74.0
2022-11-18 14:16:26.911327,600.0,74.0
2022-11-18 14:16:26.921704,600.0,75.0
2022-11-18 14:16:26.941671,599.0,76.0
2022-11-18 14:16:26.951145,598.0,77.0
2022-11-18 14:16:26.961233,597.0,78.0
2022-11-18 14:16:26.972237,596.0,80.0
2022-11-18 14:16:26.982543,595.0,81.0
2022-11-18 14:16:26.992237,594.0,82.0
2022-11-18 14:16:27.002028,593.0,84.0
2022-11-18 14:16:27.013566,593.0,85.0
2022-11-18 14:16:27.023727,591.0,88.0
2022-11-18 14:16:27.031991,590.0,90.0
2022-11-18 14:16:27.041938,589.0,92.0
2022-11-18 14:16:27.053939,587.0,95.0
2022-11-18 14:16:27.063557,585.0,98.0
2022-11-18 14:16:27.072357,583.0,102.0
2022-11-18 14:16:27.082942,582.0,105.0
2022-11-18 14:16:27.092644,579.0,109.0
2022-11-18 14:16:27.102935,578.0,112.0
2022-11-18 14:16:27.112185,576.0,117.0
2022-11-18 14:16:27.122792,575.0,120.0
2022-11-18 14:16:27.132820,573.0,123.0
2022-11-18 14:16:27.143396,571.0,127.0
2022-11-18 14:16:27.152645,571.0,130.0
2022-11-18 14:16:27.162364,569.0,133.0
2022-11-18 14:16:27.171857,568.0,137.0
2022-11-18 14:16:27.183428,567.0,140.0
2022-11-18 14:16:27.193881,565.0,144.0
2022-11-18 14:16:27.201912,565.0,146.0
2022-11-18 14:16:27.212363,564.0,149.0
2022-11-18 14:16:27.222393,564.0,151.0
2022-11-18 14:16:27.233437,563.0,153.0
2022-11-18 14:16:27.241835,562.0,155.0
2022-11-18 14:16:27.251870,561.0,157.0
2022-11-18 14:16:27.262866,561.0,160.0
2022-11-18 14:16:27.272764,559.0,164.0
2022-11-18 14:16:27.282564,558.0,167.0
2022-11-18 14:16:27.292622,558.0,170.0
2022-11-18 14:16:27.302216,557.0,173.0
2022-11-18 14:16:27.313513,557.0,176.0
2022-11-18 14:16:27.323029,557.0,179.0
2022-11-18 14:16:27.332955,556.0,181.0
2022-11-18 14:16:27.343709,556.0,183.0
2022-11-18 14:16:27.354489,555.0,185.0
2022-11-18 14:16:27.363980,555.0,188.0
2022-11-18 14:16:27.372981,555.0,190.0
2022-11-18 14:16:27.383952,555.0,192.0
2022-11-18 14:16:27.393982,555.0,194.0
2022-11-18 14:16:27.404293,555.0,197.0
2022-11-18 14:16:27.413772,555.0,200.0
2022-11-18 14:16:27.423743,555.0,202.0
2022-11-18 14:16:27.433234,555.0,205.0
2022-11-18 14:16:27.444785,555.0,209.0
2022-11-18 14:16:27.453459,555.0,213.0
2022-11-18 14:16:27.463781,555.0,216.0
2022-11-18 14:16:27.473318,555.0,220.0
2022-11-18 14:16:27.484516,555.0,224.0
2022-11-18 14:16:27.494503,555.0,228.0
2022-11-18 14:16:27.503916,555.0,232.0
2022-11-18 14:16:27.514369,555.0,235.0
2022-11-18 14:16:27.525640,555.0,238.0
2022-11-18 14:16:27.535971,555.0,242.0
2022-11-18 14:16:27.544545,555.0,244.0
2022-11-18 14:16:27.554451,556.0,247.0
2022-11-18 14:16:27.564891,556.0,251.0
2022-11-18 14:16:27.575152,556.0,254.0
2022-11-18 14:16:27.584349,556.0,257.0
2022-11-18 14:16:27.594562,556.0,261.0
2022-11-18 14:16:27.604647,556.0,264.0
2022-11-18 14:16:27.615688,556.0,267.0
2022-11-18 14:16:27.625007,556.0,270.0
2022-11-18 14:16:27.634396,556.0,274.0
2022-11-18 14:16:27.644700,556.0,277.0
2022-11-18 14:16:27.655699,556.0,280.0
2022-11-18 14:16:27.663982,556.0,284.0
2022-11-18 14:16:27.674481,556.0,286.0
2022-11-18 14:16:27.684646,556.0,289.0
2022-11-18 14:16:27.694827,556.0,294.0
2022-11-18 14:16:27.705083,556.0,297.0
2022-11-18 14:16:27.714083,556.0,301.0
2022-11-18 14:16:27.724363,556.0,305.0
2022-11-18 14:16:27.734931,556.0,309.0
2022-11-18 14:16:27.745939,556.0,314.0
2022-11-18 14:16:27.754639,556.0,319.0
2022-11-18 14:16:27.764174,556.0,322.0
2022-11-18 14:16:27.774641,556.0,328.0
2022-11-18 14:16:27.785234,556.0,334.0
2022-11-18 14:16:27.794882,556.0,338.0
2022-11-18 14:16:27.804463,557.0,345.0
2022-11-18 14:16:27.814329,557.0,348.0
2022-11-18 14:16:27.824743,557.0,352.0
2022-11-18 14:16:27.834944,557.0,356.0
2022-11-18 14:16:27.845955,557.0,359.0
2022-11-18 14:16:27.856082,559.0,363.0
2022-11-18 14:16:27.866432,559.0,365.0
2022-11-18 14:16:27.876358,559.0,368.0
2022-11-18 14:16:27.885709,559.0,371.0
2022-11-18 14:16:27.894988,559.0,372.0
2022-11-18 14:16:27.905986,559.0,375.0
2022-11-18 14:16:27.916546,560.0,377.0
2022-11-18 14:16:27.925527,560.0,379.0
2022-11-18 14:16:27.935024,560.0,381.0
2022-11-18 14:16:27.945253,560.0,383.0
2022-11-18 14:16:27.957264,560.0,385.0
2022-11-18 14:16:27.965073,560.0,387.0
2022-11-18 14:16:27.975270,560.0,390.0
2022-11-18 14:16:27.985171,560.0,395.0
2022-11-18 14:16:27.995894,560.0,399.0
2022-11-18 14:16:28.006861,560.0,402.0
2022-11-18 14:16:28.016538,560.0,406.0
2022-11-18 14:16:28.026561,562.0,407.0
2022-11-18 14:16:28.036598,562.0,410.0
2022-11-18 14:16:28.047459,562.0,412.0
2022-11-18 14:16:28.055936,562.0,413.0
2022-11-18 14:16:28.065958,562.0,416.0
2022-11-18 14:16:28.076907,562.0,420.0
2022-11-18 14:16:28.086899,562.0,423.0
2022-11-18 14:16:28.096153,562.0,427.0
2022-11-18 14:16:28.106183,562.0,430.0
2022-11-18 14:16:28.116607,562.0,433.0
2022-11-18 14:16:28.126653,562.0,435.0
2022-11-18 14:16:28.136111,562.0,438.0
2022-11-18 14:16:28.146369,562.0,441.0
2022-11-18 14:16:28.156235,563.0,445.0
2022-11-18 14:16:28.167282,563.0,449.0
2022-11-18 14:16:28.176650,564.0,452.0
2022-11-18 14:16:28.186534,564.0,455.0
2022-11-18 14:16:28.196539,565.0,457.0
2022-11-18 14:16:28.207100,565.0,459.0
2022-11-18 14:16:28.217482,566.0,461.0
2022-11-18 14:16:28.225956,566.0,464.0
2022-11-18 14:16:28.235958,566.0,465.0
2022-11-18 14:16:28.246567,566.0,468.0
2022-11-18 14:16:28.256918,566.0,470.0
2022-11-18 14:16:28.265888,566.0,473.0
2022-11-18 14:16:28.276380,566.0,476.0
2022-11-18 14:16:28.286723,566.0,480.0
2022-11-18 14:16:28.297582,566.0,483.0
2022-11-18 14:16:28.305904,567.0,486.0
2022-11-18 14:16:28.316088,568.0,491.0
2022-11-18 14:16:28.326076,568.0,493.0
2022-11-18 14:16:28.336985,568.0,496.0
2022-11-18 14:16:28.347254,568.0,499.0
2022-11-18 14:16:28.357260,568.0,501.0
2022-11-18 14:16:28.367307,568.0,504.0
2022-11-18 14:16:28.378661,568.0,506.0
2022-11-18 14:16:28.387913,568.0,509.0
2022-11-18 14:16:28.397658,568.0,512.0
2022-11-18 14:16:28.406932,568.0,514.0
2022-11-18 14:16:28.417954,568.0,517.0
2022-11-18 14:16:28.427967,568.0,521.0
2022-11-18 14:16:28.437233,568.0,524.0
2022-11-18 14:16:28.447276,568.0,525.0
2022-11-18 14:16:28.457288,568.0,527.0
2022-11-18 14:16:28.468543,568.0,528.0
2022-11-18 14:16:28.477036,567.0,532.0
2022-11-18 14:16:28.487014,567.0,534.0
2022-11-18 14:16:28.497128,566.0,536.0
2022-11-18 14:16:28.508327,566.0,538.0
2022-11-18 14:16:28.538557,566.0,539.0
2022-11-18 14:16:28.559437,566.0,540.0
2022-11-18 14:16:28.568806,565.0,541.0
2022-11-18 14:16:28.578807,565.0,542.0
2022-11-18 14:16:28.589031,565.0,543.0
2022-11-18 14:16:28.600308,565.0,544.0
2022-11-18 14:16:28.628563,563.0,545.0
2022-11-18 14:16:28.639612,562.0,547.0
2022-11-18 14:16:28.658587,562.0,548.0
2022-11-18 14:16:28.668619,560.0,550.0
2022-11-18 14:16:28.687849,559.0,551.0
2022-11-18 14:16:28.698539,559.0,552.0
2022-11-18 14:16:28.718778,557.0,554.0
2022-11-18 14:16:28.738480,555.0,556.0
2022-11-18 14:16:28.748560,552.0,557.0
2022-11-18 14:16:28.759110,551.0,559.0
2022-11-18 14:16:28.769110,550.0,559.0
2022-11-18 14:16:28.778780,549.0,560.0
2022-11-18 14:16:28.788864,547.0,561.0
2022-11-18 14:16:28.809264,546.0,561.0
2022-11-18 14:16:28.818651,543.0,562.0
2022-11-18 14:16:28.827998,541.0,562.0
2022-11-18 14:16:28.839000,539.0,563.0
2022-11-18 14:16:28.849342,535.0,564.0
2022-11-18 14:16:28.858941,532.0,565.0
2022-11-18 14:16:28.869937,526.0,566.0
2022-11-18 14:16:28.879346,522.0,566.0
2022-11-18 14:16:28.890724,515.0,566.0
2022-11-18 14:16:28.900724,510.0,566.0
2022-11-18 14:16:28.909107,502.0,566.0
2022-11-18 14:16:28.919565,495.0,566.0
2022-11-18 14:16:28.930634,486.0,566.0
2022-11-18 14:16:28.939982,478.0,566.0
2022-11-18 14:16:28.949136,470.0,565.0
2022-11-18 14:16:28.959530,465.0,564.0
2022-11-18 14:16:28.969617,459.0,563.0
2022-11-18 14:16:28.980854,453.0,562.0
2022-11-18 14:16:28.989260,449.0,562.0
2022-11-18 14:16:29.000313,445.0,561.0
2022-11-18 14:16:29.009063,441.0,561.0
2022-11-18 14:16:29.020008,435.0,561.0
2022-11-18 14:16:29.030617,430.0,560.0
2022-11-18 14:16:29.040236,423.0,559.0
2022-11-18 14:16:29.050074,418.0,559.0
2022-11-18 14:16:29.061428,410.0,557.0
2022-11-18 14:16:29.071655,402.0,556.0
2022-11-18 14:16:29.080081,397.0,555.0
2022-11-18 14:16:29.090047,391.0,554.0
2022-11-18 14:16:29.101612,386.0,553.0
2022-11-18 14:16:29.112814,382.0,553.0
2022-11-18 14:16:29.121397,379.0,552.0
2022-11-18 14:16:29.130505,376.0,551.0
2022-11-18 14:16:29.141287,372.0,551.0
2022-11-18 14:16:29.151417,370.0,551.0
2022-11-18 14:16:29.160268,367.0,551.0
2022-11-18 14:16:29.170222,364.0,551.0
2022-11-18 14:16:29.180678,361.0,551.0
2022-11-18 14:16:29.191543,358.0,551.0
2022-11-18 14:16:29.200770,354.0,549.0
2022-11-18 14:16:29.210265,351.0,549.0
2022-11-18 14:16:29.220265,346.0,549.0
2022-11-18 14:16:29.231346,343.0,549.0
2022-11-18 14:16:29.241737,339.0,548.0
2022-11-18 14:16:29.249803,337.0,548.0
2022-11-18 14:16:29.260479,334.0,548.0
2022-11-18 14:16:29.271741,332.0,548.0
2022-11-18 14:16:29.281811,330.0,548.0
2022-11-18 14:16:29.289808,327.0,548.0
2022-11-18 14:16:29.300300,324.0,548.0
2022-11-18 14:16:29.310592,321.0,548.0
2022-11-18 14:16:29.321595,318.0,548.0
2022-11-18 14:16:29.330380,315.0,548.0
2022-11-18 14:16:29.340290,314.0,548.0
2022-11-18 14:16:29.350015,311.0,548.0
2022-11-18 14:16:29.361470,309.0,548.0
2022-11-18 14:16:29.371731,306.0,548.0
2022-11-18 14:16:29.381766,303.0,548.0
2022-11-18 14:16:29.391072,301.0,548.0
2022-11-18 14:16:29.402654,298.0,548.0
2022-11-18 14:16:29.412243,296.0,548.0
2022-11-18 14:16:29.421252,292.0,548.0
2022-11-18 14:16:29.431843,290.0,548.0
2022-11-18 14:16:29.442126,287.0,548.0
2022-11-18 14:16:29.452095,284.0,548.0
2022-11-18 14:16:29.461639,280.0,548.0
2022-11-18 14:16:29.471289,277.0,548.0
2022-11-18 14:16:29.482097,274.0,548.0
2022-11-18 14:16:29.492434,269.0,548.0
2022-11-18 14:16:29.501373,266.0,548.0
2022-11-18 14:16:29.511440,263.0,548.0
2022-11-18 14:16:29.520726,258.0,548.0
2022-11-18 14:16:29.532008,255.0,548.0
2022-11-18 14:16:29.541935,250.0,548.0
2022-11-18 14:16:29.551785,246.0,548.0
2022-11-18 14:16:29.562197,242.0,548.0
2022-11-18 14:16:29.573430,239.0,548.0
2022-11-18 14:16:29.583237,236.0,548.0
2022-11-18 14:16:29.592324,233.0,548.0
2022-11-18 14:16:29.602743,231.0,548.0
2022-11-18 14:16:29.613782,228.0,548.0
2022-11-18 14:16:29.623145,225.0,548.0
2022-11-18 14:16:29.632529,223.0,548.0
2022-11-18 14:16:29.642044,220.0,548.0
2022-11-18 14:16:29.652430,217.0,548.0
2022-11-18 14:16:29.663367,215.0,548.0
2022-11-18 14:16:29.672045,213.0,548.0
2022-11-18 14:16:29.682203,211.0,548.0
2022-11-18 14:16:29.692553,209.0,548.0
2022-11-18 14:16:29.703631,206.0,548.0
2022-11-18 14:16:29.711785,201.0,548.0
2022-11-18 14:16:29.722535,198.0,548.0
2022-11-18 14:16:29.732814,194.0,550.0
2022-11-18 14:16:29.743917,189.0,550.0
2022-11-18 14:16:29.753045,183.0,553.0
2022-11-18 14:16:29.762534,178.0,554.0
2022-11-18 14:16:29.772181,175.0,556.0
2022-11-18 14:16:29.783642,171.0,557.0
2022-11-18 14:16:29.793736,168.0,558.0
2022-11-18 14:16:29.802737,165.0,559.0
2022-11-18 14:16:29.812622,163.0,559.0
2022-11-18 14:16:29.822132,161.0,560.0
2022-11-18 14:16:29.833356,159.0,561.0
2022-11-18 14:16:29.842481,156.0,561.0
2022-11-18 14:16:29.852053,155.0,561.0
2022-11-18 14:16:29.862474,153.0,561.0
2022-11-18 14:16:29.873454,152.0,561.0
2022-11-18 14:16:29.882912,151.0,561.0
2022-11-18 14:16:29.893207,150.0,561.0
2022-11-18 14:16:29.903272,149.0,561.0
2022-11-18 14:16:29.914372,148.0,561.0
2022-11-18 14:16:29.924637,145.0,561.0
2022-11-18 14:16:29.933610,143.0,561.0
2022-11-18 14:16:29.943299,141.0,561.0
2022-11-18 14:16:29.954730,138.0,562.0
2022-11-18 14:16:29.964729,135.0,563.0
2022-11-18 14:16:29.972921,132.0,563.0
2022-11-18 14:16:29.983364,128.0,564.0
2022-11-18 14:16:29.994339,127.0,564.0
2022-11-18 14:16:30.004137,124.0,564.0
2022-11-18 14:16:30.013441,122.0,564.0
2022-11-18 14:16:30.023242,120.0,564.0
2022-11-18 14:16:30.033352,118.0,564.0
2022-11-18 14:16:30.044165,116.0,566.0
2022-11-18 14:16:30.054412,114.0,566.0
2022-11-18 14:16:30.064490,113.0,566.0
2022-11-18 14:16:30.074675,110.0,567.0
2022-11-18 14:16:30.085564,108.0,567.0
2022-11-18 14:16:30.095820,106.0,567.0
2022-11-18 14:16:30.104166,103.0,567.0
2022-11-18 14:16:30.114617,101.0,569.0
2022-11-18 14:16:30.125610,98.0,569.0
2022-11-18 14:16:30.135370,95.0,569.0
2022-11-18 14:16:30.144017,92.0,569.0
2022-11-18 14:16:30.154681,91.0,570.0
2022-11-18 14:16:30.165685,89.0,571.0
2022-11-18 14:16:30.175798,88.0,571.0
2022-11-18 14:16:30.194339,87.0,572.0
2022-11-18 14:16:30.204642,86.0,572.0
2022-11-18 14:16:30.214968,85.0,573.0
2022-11-18 14:16:30.235186,84.0,573.0
2022-11-18 14:16:30.255475,83.0,573.0
2022-11-18 14:16:30.265170,82.0,574.0
2022-11-18 14:16:30.294976,81.0,574.0
2022-11-18 14:16:30.324953,79.0,576.0
2022-11-18 14:16:30.334960,78.0,576.0
2022-11-18 14:16:30.345099,77.0,577.0
2022-11-18 14:16:30.354351,76.0,579.0
2022-11-18 14:16:30.374205,75.0,579.0
2022-11-18 14:16:30.385247,73.0,581.0
2022-11-18 14:16:30.395784,72.0,582.0
2022-11-18 14:16:30.404815,70.0,585.0
2022-11-18 14:16:30.414850,69.0,587.0
2022-11-18 14:16:30.426628,66.0,589.0
2022-11-18 14:16:30.436588,64.0,592.0
2022-11-18 14:16:30.445598,63.0,594.0
2022-11-18 14:16:30.455215,61.0,597.0
2022-11-18 14:16:30.466623,59.0,599.0
2022-11-18 14:16:30.476117,56.0,603.0
2022-11-18 14:16:30.485121,54.0,607.0
2022-11-18 14:16:30.495040,53.0,609.0
2022-11-18 14:16:30.506287,50.0,613.0
2022-11-18 14:16:30.516376,49.0,615.0
2022-11-18 14:16:30.525322,48.0,617.0
2022-11-18 14:16:30.535207,47.0,619.0
2022-11-18 14:16:30.545213,45.0,622.0
2022-11-18 14:16:30.556330,43.0,624.0
2022-11-18 14:16:30.566265,43.0,626.0
2022-11-18 14:16:30.576281,41.0,629.0
2022-11-18 14:16:30.585728,40.0,631.0
2022-11-18 14:16:30.597038,40.0,632.0
2022-11-18 14:16:30.607341,39.0,635.0
2022-11-18 14:16:30.616368,38.0,636.0
2022-11-18 14:16:30.626038,38.0,637.0
2022-11-18 14:16:30.637150,37.0,638.0
2022-11-18 14:16:30.647661,37.0,639.0
2022-11-18 14:16:30.656662,37.0,640.0
2022-11-18 14:16:30.665829,37.0,641.0
2022-11-18 14:16:30.676861,37.0,642.0
2022-11-18 14:16:30.687390,37.0,643.0
2022-11-18 14:16:30.696718,37.0,644.0
2022-11-18 14:16:30.706719,36.0,645.0
2022-11-18 14:16:30.716056,36.0,647.0
2022-11-18 14:16:30.726922,35.0,649.0
2022-11-18 14:16:30.735921,35.0,651.0
2022-11-18 14:16:30.746062,35.0,654.0
2022-11-18 14:16:30.756650,34.0,657.0
2022-11-18 14:16:30.766919,34.0,659.0
2022-11-18 14:16:30.778518,33.0,664.0
2022-11-18 14:16:30.787865,33.0,667.0
2022-11-18 14:16:30.797045,32.0,670.0
2022-11-18 14:16:30.808031,32.0,673.0
2022-11-18 14:16:30.818374,30.0,678.0
2022-11-18 14:16:30.826288,30.0,681.0
2022-11-18 14:16:30.836840,30.0,684.0
2022-11-18 14:16:30.847123,28.0,687.0
2022-11-18 14:16:30.857110,27.0,692.0
2022-11-18 14:16:30.866103,27.0,694.0
2022-11-18 14:16:30.876435,26.0,699.0
2022-11-18 14:16:30.886516,25.0,702.0
2022-11-18 14:16:30.897088,24.0,705.0
2022-11-18 14:16:30.906909,23.0,708.0
2022-11-18 14:16:30.917161,23.0,711.0
2022-11-18 14:16:30.927477,21.0,713.0
2022-11-18 14:16:30.938729,21.0,716.0
2022-11-18 14:16:30.947967,20.0,719.0
2022-11-18 14:16:30.956974,19.0,723.0
2022-11-18 14:16:30.967479,19.0,725.0
2022-11-18 14:16:30.978349,18.0,729.0
2022-11-18 14:16:30.987839,18.0,732.0
2022-11-18 14:16:30.997422,17.0,735.0
2022-11-18 14:16:31.007605,17.0,737.0
2022-11-18 14:16:31.017911,17.0,740.0
2022-11-18 14:16:31.027921,17.0,742.0
2022-11-18 14:16:31.037319,17.0,743.0
2022-11-18 14:16:31.047600,17.0,744.0
2022-11-18 14:16:31.056905,17.0,747.0
2022-11-18 14:16:31.067911,17.0,748.0
2022-11-18 14:16:31.078773,17.0,750.0
2022-11-18 14:16:31.088615,17.0,752.0
2022-11-18 14:16:31.098491,17.0,753.0
2022-11-18 14:16:31.109653,17.0,755.0
2022-11-18 14:16:31.119627,17.0,757.0
2022-11-18 14:16:31.128821,17.0,758.0
2022-11-18 14:16:31.149425,17.0,760.0
2022-11-18 14:16:31.158925,17.0,762.0
2022-11-18 14:16:31.168106,17.0,763.0
2022-11-18 14:16:31.177958,17.0,764.0
2022-11-18 14:16:31.199074,17.0,765.0
2022-11-18 14:16:31.218497,17.0,767.0
2022-11-18 14:16:31.228488,17.0,769.0
2022-11-18 14:16:31.239456,17.0,771.0
2022-11-18 14:16:31.248658,17.0,772.0
2022-11-18 14:16:31.258504,17.0,774.0
2022-11-18 14:16:31.268247,17.0,777.0
2022-11-18 14:16:31.278976,18.0,778.0
2022-11-18 14:16:31.288937,18.0,781.0
2022-11-18 14:16:31.298192,18.0,784.0
2022-11-18 14:16:31.308815,18.0,788.0
2022-11-18 14:16:31.319341,18.0,793.0
2022-11-18 14:16:31.328871,18.0,799.0
2022-11-18 14:16:31.338139,19.0,803.0
2022-11-18 14:16:31.348447,19.0,806.0
2022-11-18 14:16:31.359072,21.0,812.0
2022-11-18 14:16:31.369717,21.0,815.0
2022-11-18 14:16:31.378718,21.0,819.0
2022-11-18 14:16:31.387929,21.0,820.0
2022-11-18 14:16:31.398509,21.0,823.0
2022-11-18 14:16:31.409520,21.0,825.0
2022-11-18 14:16:31.419251,21.0,826.0
2022-11-18 14:16:31.429355,21.0,828.0
2022-11-18 14:16:31.439616,21.0,829.0
2022-11-18 14:16:31.450186,22.0,830.0
2022-11-18 14:16:31.479637,22.0,831.0
2022-11-18 14:16:31.489996,22.0,832.0
2022-11-18 14:16:31.500335,22.0,833.0
2022-11-18 14:16:31.509275,22.0,834.0
2022-11-18 14:16:31.519673,22.0,836.0
2022-11-18 14:16:31.529989,22.0,839.0
2022-11-18 14:16:31.540989,22.0,842.0
2022-11-18 14:16:31.549332,22.0,846.0
2022-11-18 14:16:31.558968,23.0,849.0
2022-11-18 14:16:31.568968,23.0,853.0
2022-11-18 14:16:31.581135,23.0,860.0
2022-11-18 14:16:31.591628,23.0,866.0
2022-11-18 14:16:31.600638,23.0,874.0
2022-11-18 14:16:31.609964,23.0,882.0
2022-11-18 14:16:31.621336,23.0,890.0
2022-11-18 14:16:31.631641,24.0,899.0
2022-11-18 14:16:31.640034,24.0,906.0
2022-11-18 14:16:31.651089,25.0,912.0
2022-11-18 14:16:31.662361,25.0,921.0
2022-11-18 14:16:31.672457,25.0,927.0
2022-11-18 14:16:31.680559,25.0,934.0
2022-11-18 14:16:31.690666,25.0,940.0
2022-11-18 14:16:31.701676,25.0,945.0
2022-11-18 14:16:31.710917,25.0,951.0
2022-11-18 14:16:31.720329,25.0,955.0
2022-11-18 14:16:31.730339,25.0,957.0
2022-11-18 14:16:31.751711,25.0,958.0
2022-11-18 14:16:31.770740,25.0,959.0
2022-11-18 14:16:31.890235,25.0,960.0
2022-11-18 14:16:31.962519,26.0,961.0
2022-11-18 14:16:31.972644,28.0,962.0
2022-11-18 14:16:31.981616,28.0,963.0
2022-11-18 14:16:31.991623,29.0,963.0
2022-11-18 14:16:32.001970,31.0,965.0
2022-11-18 14:16:32.012394,35.0,966.0
2022-11-18 14:16:32.021391,36.0,967.0
2022-11-18 14:16:32.031004,39.0,968.0
2022-11-18 14:16:32.042467,41.0,969.0
2022-11-18 14:16:32.051924,42.0,969.0
2022-11-18 14:16:32.061645,45.0,969.0
2022-11-18 14:16:32.071572,47.0,970.0
2022-11-18 14:16:32.081143,52.0,973.0
2022-11-18 14:16:32.092559,56.0,975.0
2022-11-18 14:16:32.102416,60.0,976.0
2022-11-18 14:16:32.112353,64.0,977.0
2022-11-18 14:16:32.122352,67.0,980.0
2022-11-18 14:16:32.133679,72.0,981.0
2022-11-18 14:16:32.143991,75.0,983.0
2022-11-18 14:16:32.151987,78.0,984.0
2022-11-18 14:16:32.162540,80.0,985.0
2022-11-18 14:16:32.173668,83.0,987.0
2022-11-18 14:16:32.183285,88.0,988.0
2022-11-18 14:16:32.192347,92.0,990.0
2022-11-18 14:16:32.202720,95.0,990.0
2022-11-18 14:16:32.213718,101.0,992.0
2022-11-18 14:16:32.223037,105.0,993.0
2022-11-18 14:16:32.232661,109.0,994.0
2022-11-18 14:16:32.242324,113.0,996.0
2022-11-18 14:16:32.252103,116.0,996.0
2022-11-18 14:16:32.263429,121.0,996.0
2022-11-18 14:16:32.272626,128.0,999.0
2022-11-18 14:16:32.282464,132.0,999.0
2022-11-18 14:16:32.292842,138.0,1000.0
2022-11-18 14:16:32.304396,144.0,1001.0
2022-11-18 14:16:32.313187,149.0,1002.0
2022-11-18 14:16:32.321941,154.0,1002.0
2022-11-18 14:16:32.332942,161.0,1003.0
2022-11-18 14:16:32.343943,167.0,1004.0
2022-11-18 14:16:32.353289,177.0,1006.0
2022-11-18 14:16:32.362592,188.0,1007.0
2022-11-18 14:16:32.372651,198.0,1008.0
2022-11-18 14:16:32.383006,207.0,1010.0
2022-11-18 14:16:32.393424,218.0,1011.0
2022-11-18 14:16:32.401900,223.0,1012.0
2022-11-18 14:16:32.411897,228.0,1012.0
2022-11-18 14:16:32.423274,231.0,1012.0
2022-11-18 14:16:32.433788,234.0,1012.0
2022-11-18 14:16:32.443803,238.0,1012.0
2022-11-18 14:16:32.453047,241.0,1012.0
2022-11-18 14:16:32.463422,244.0,1012.0
2022-11-18 14:16:32.474650,248.0,1012.0
2022-11-18 14:16:32.484017,251.0,1012.0
2022-11-18 14:16:32.493249,254.0,1012.0
2022-11-18 14:16:32.503219,257.0,1012.0
2022-11-18 14:16:32.514742,259.0,1012.0
2022-11-18 14:16:32.524743,261.0,1012.0
2022-11-18 14:16:32.534050,263.0,1012.0
2022-11-18 14:16:32.543049,266.0,1012.0
2022-11-18 14:16:32.554380,272.0,1012.0
2022-11-18 14:16:32.564709,276.0,1012.0
2022-11-18 14:16:32.573468,280.0,1012.0
2022-11-18 14:16:32.583722,284.0,1012.0
2022-11-18 14:16:32.594364,287.0,1012.0
2022-11-18 14:16:32.604426,291.0,1012.0
2022-11-18 14:16:32.614765,296.0,1011.0
2022-11-18 14:16:32.624308,298.0,1011.0
2022-11-18 14:16:32.634130,303.0,1011.0
2022-11-18 14:16:32.645076,309.0,1011.0
2022-11-18 14:16:32.655295,314.0,1011.0
2022-11-18 14:16:32.664562,321.0,1011.0
2022-11-18 14:16:32.674150,327.0,1011.0
2022-11-18 14:16:32.685250,333.0,1011.0
2022-11-18 14:16:32.695574,341.0,1011.0
2022-11-18 14:16:32.704173,347.0,1011.0
2022-11-18 14:16:32.714179,353.0,1011.0
2022-11-18 14:16:32.725358,359.0,1011.0
2022-11-18 14:16:32.735076,365.0,1011.0
2022-11-18 14:16:32.743927,373.0,1011.0
2022-11-18 14:16:32.754039,380.0,1011.0
2022-11-18 14:16:32.765031,388.0,1011.0
2022-11-18 14:16:32.775335,396.0,1011.0
2022-11-18 14:16:32.784525,406.0,1011.0
2022-11-18 14:16:32.794650,411.0,1011.0
2022-11-18 14:16:32.804004,418.0,1011.0
2022-11-18 14:16:32.815263,422.0,1011.0
2022-11-18 14:16:32.825496,425.0,1011.0
2022-11-18 14:16:32.834912,429.0,1011.0
2022-11-18 14:16:32.844429,430.0,1011.0
2022-11-18 14:16:32.854812,434.0,1011.0
2022-11-18 14:16:32.865783,435.0,1011.0
2022-11-18 14:16:32.874622,439.0,1011.0
2022-11-18 14:16:32.884213,440.0,1011.0
2022-11-18 14:16:32.895976,443.0,1011.0
2022-11-18 14:16:32.905491,446.0,1010.0
2022-11-18 14:16:32.914014,448.0,1009.0
2022-11-18 14:16:32.923980,451.0,1008.0
2022-11-18 14:16:32.936034,454.0,1007.0
2022-11-18 14:16:32.946284,455.0,1007.0
2022-11-18 14:16:32.956424,457.0,1007.0
2022-11-18 14:16:32.965351,460.0,1007.0
2022-11-18 14:16:32.975536,466.0,1006.0
2022-11-18 14:16:32.985913,471.0,1004.0
2022-11-18 14:16:32.995987,478.0,1004.0
2022-11-18 14:16:33.005012,484.0,1003.0
2022-11-18 14:16:33.015310,490.0,1003.0
2022-11-18 14:16:33.026540,497.0,1000.0
2022-11-18 14:16:33.037068,503.0,1000.0
2022-11-18 14:16:33.046109,510.0,999.0
2022-11-18 14:16:33.056073,515.0,999.0
2022-11-18 14:16:33.066284,523.0,999.0
2022-11-18 14:16:33.076336,529.0,999.0
2022-11-18 14:16:33.086380,535.0,998.0
2022-11-18 14:16:33.096250,543.0,998.0
2022-11-18 14:16:33.107397,550.0,996.0
2022-11-18 14:16:33.117314,556.0,996.0
2022-11-18 14:16:33.127368,561.0,996.0
2022-11-18 14:16:33.136424,568.0,996.0
2022-11-18 14:16:33.146673,572.0,996.0
2022-11-18 14:16:33.157635,575.0,996.0
2022-11-18 14:16:33.167171,580.0,996.0
2022-11-18 14:16:33.176525,581.0,996.0
2022-11-18 14:16:33.186574,582.0,996.0
2022-11-18 14:16:33.247769,584.0,996.0
2022-11-18 14:16:33.256871,585.0,996.0
2022-11-18 14:16:33.266442,586.0,996.0
2022-11-18 14:16:33.277144,588.0,996.0
2022-11-18 14:16:33.287402,589.0,995.0
2022-11-18 14:16:33.296083,590.0,995.0
2022-11-18 14:16:33.306172,593.0,995.0
2022-11-18 14:16:33.356877,593.0,995.0
2022-11-18 14:16:33.367205,593.0,995.0
2022-11-18 14:16:33.377199,593.0,995.0
2022-11-18 14:16:33.386481,593.0,995.0
2022-11-18 14:16:33.396152,593.0,995.0
2022-11-18 14:16:33.407144,593.0,995.0
2022-11-18 14:16:33.417088,593.0,995.0
