2022-11-18 10:11:36.920737,1862.0,1002.5
2022-11-18 10:11:36.930080,1861.0,1002.5
2022-11-18 10:11:36.941741,1860.0,1003.5
2022-11-18 10:11:36.951012,1860.0,1004.5
2022-11-18 10:11:36.961038,1859.0,1004.5
2022-11-18 10:11:36.971936,1858.0,1006.5
2022-11-18 10:11:36.981939,1858.0,1008.5
2022-11-18 10:11:36.991931,1857.0,1009.5
2022-11-18 10:11:37.011567,1856.0,1010.5
2022-11-18 10:11:37.022192,1855.0,1011.5
2022-11-18 10:11:37.032230,1853.0,1012.5
2022-11-18 10:11:37.041638,1853.0,1013.5
2022-11-18 10:11:37.051333,1852.0,1013.5
2022-11-18 10:11:37.062190,1850.0,1013.5
2022-11-18 10:11:37.072217,1850.0,1014.5
2022-11-18 10:11:37.081463,1848.0,1014.5
2022-11-18 10:11:37.091908,1847.0,1014.5
2022-11-18 10:11:37.101165,1846.0,1015.5
2022-11-18 10:11:37.111354,1844.0,1015.5
2022-11-18 10:11:37.121042,1842.0,1015.5
2022-11-18 10:11:37.131049,1841.0,1015.5
2022-11-18 10:11:37.141233,1839.0,1015.5
2022-11-18 10:11:37.151450,1837.0,1015.5
2022-11-18 10:11:37.162187,1836.0,1015.5
2022-11-18 10:11:37.171861,1833.0,1015.5
2022-11-18 10:11:37.181856,1830.0,1015.5
2022-11-18 10:11:37.191744,1825.0,1015.5
2022-11-18 10:11:37.202126,1822.0,1015.5
2022-11-18 10:11:37.211354,1819.0,1015.5
2022-11-18 10:11:37.221689,1815.0,1015.5
2022-11-18 10:11:37.231030,1812.0,1014.5
2022-11-18 10:11:37.242279,1806.0,1012.5
2022-11-18 10:11:37.251799,1803.0,1011.5
2022-11-18 10:11:37.261075,1801.0,1010.5
2022-11-18 10:11:37.271377,1797.0,1010.5
2022-11-18 10:11:37.281551,1792.0,1008.5
2022-11-18 10:11:37.292785,1790.0,1008.5
2022-11-18 10:11:37.302232,1786.0,1007.5
2022-11-18 10:11:37.312324,1781.0,1006.5
2022-11-18 10:11:37.322894,1777.0,1005.5
2022-11-18 10:11:37.332896,1773.0,1005.5
2022-11-18 10:11:37.341928,1770.0,1004.5
2022-11-18 10:11:37.352186,1766.0,1003.5
2022-11-18 10:11:37.362178,1763.0,1003.5
2022-11-18 10:11:37.373871,1760.0,1003.5
2022-11-18 10:11:37.382136,1757.0,1003.5
2022-11-18 10:11:37.392391,1754.0,1003.5
2022-11-18 10:11:37.402641,1751.0,1001.5
2022-11-18 10:11:37.413737,1749.0,1001.5
2022-11-18 10:11:37.422071,1746.0,1001.5
2022-11-18 10:11:37.432624,1744.0,1001.5
2022-11-18 10:11:37.442721,1740.0,1001.5
2022-11-18 10:11:37.453680,1737.0,1001.5
2022-11-18 10:11:37.463476,1733.0,1001.5
2022-11-18 10:11:37.473729,1727.0,1001.5
2022-11-18 10:11:37.483351,1722.0,1001.5
2022-11-18 10:11:37.493385,1718.0,1001.5
2022-11-18 10:11:37.504933,1711.0,1001.5
2022-11-18 10:11:37.513686,1707.0,1001.5
2022-11-18 10:11:37.523685,1704.0,1001.5
2022-11-18 10:11:37.533709,1697.0,1001.5
2022-11-18 10:11:37.544847,1693.0,1001.5
2022-11-18 10:11:37.553065,1689.0,1001.5
2022-11-18 10:11:37.562848,1684.0,1001.5
2022-11-18 10:11:37.573832,1680.0,1001.5
2022-11-18 10:11:37.584377,1675.0,1001.5
2022-11-18 10:11:37.593382,1672.0,1001.5
2022-11-18 10:11:37.603606,1670.0,1001.5
2022-11-18 10:11:37.614523,1665.0,1001.5
2022-11-18 10:11:37.625636,1662.0,1001.5
2022-11-18 10:11:37.634313,1658.0,1001.5
2022-11-18 10:11:37.643604,1654.0,1000.5
2022-11-18 10:11:37.653645,1651.0,1000.5
2022-11-18 10:11:37.663045,1646.0,1000.5
2022-11-18 10:11:37.674514,1642.0,999.5
2022-11-18 10:11:37.685069,1636.0,999.5
2022-11-18 10:11:37.694006,1633.0,999.5
2022-11-18 10:11:37.703996,1628.0,999.5
2022-11-18 10:11:37.714151,1620.0,997.5
2022-11-18 10:11:37.723164,1612.0,997.5
2022-11-18 10:11:37.733163,1607.0,996.5
2022-11-18 10:11:37.743997,1600.0,995.5
2022-11-18 10:11:37.754027,1596.0,993.5
2022-11-18 10:11:37.763220,1591.0,993.5
2022-11-18 10:11:37.773701,1586.0,993.5
2022-11-18 10:11:37.783355,1581.0,993.5
2022-11-18 10:11:37.794578,1576.0,992.5
2022-11-18 10:11:37.803997,1572.0,992.5
2022-11-18 10:11:37.813995,1566.0,992.5
2022-11-18 10:11:37.824133,1563.0,992.5
2022-11-18 10:11:37.834428,1559.0,992.5
2022-11-18 10:11:37.845325,1555.0,992.5
2022-11-18 10:11:37.854330,1552.0,992.5
2022-11-18 10:11:37.864330,1549.0,992.5
2022-11-18 10:11:37.875374,1546.0,992.5
2022-11-18 10:11:37.885373,1542.0,992.5
2022-11-18 10:11:37.894756,1539.0,992.5
2022-11-18 10:11:37.904791,1536.0,992.5
2022-11-18 10:11:37.913790,1532.0,992.5
2022-11-18 10:11:37.925087,1529.0,992.5
2022-11-18 10:11:37.934700,1527.0,992.5
2022-11-18 10:11:37.944753,1524.0,992.5
2022-11-18 10:11:37.954687,1523.0,992.5
2022-11-18 10:11:37.965425,1520.0,992.5
2022-11-18 10:11:37.975411,1518.0,992.5
2022-11-18 10:11:37.985375,1515.0,992.5
2022-11-18 10:11:37.995640,1514.0,992.5
2022-11-18 10:11:38.005330,1511.0,992.5
2022-11-18 10:11:38.016504,1509.0,993.5
2022-11-18 10:11:38.024821,1505.0,994.5
2022-11-18 10:11:38.035242,1502.0,994.5
2022-11-18 10:11:38.045171,1498.0,994.5
2022-11-18 10:11:38.056326,1491.0,994.5
2022-11-18 10:11:38.065472,1486.0,994.5
2022-11-18 10:11:38.075182,1481.0,994.5
2022-11-18 10:11:38.085301,1477.0,994.5
2022-11-18 10:11:38.096107,1472.0,996.5
2022-11-18 10:11:38.105208,1469.0,997.5
2022-11-18 10:11:38.115373,1466.0,997.5
2022-11-18 10:11:38.125260,1461.0,997.5
2022-11-18 10:11:38.136755,1458.0,997.5
2022-11-18 10:11:38.145165,1454.0,998.5
2022-11-18 10:11:38.155368,1452.0,998.5
2022-11-18 10:11:38.165641,1449.0,998.5
2022-11-18 10:11:38.175751,1445.0,998.5
2022-11-18 10:11:38.186037,1442.0,998.5
2022-11-18 10:11:38.195226,1439.0,998.5
2022-11-18 10:11:38.205260,1434.0,998.5
2022-11-18 10:11:38.215330,1430.0,998.5
2022-11-18 10:11:38.226621,1425.0,998.5
2022-11-18 10:11:38.235737,1419.0,998.5
2022-11-18 10:11:38.245147,1415.0,998.5
2022-11-18 10:11:38.255337,1411.0,998.5
2022-11-18 10:11:38.266604,1405.0,998.5
2022-11-18 10:11:38.275643,1401.0,998.5
2022-11-18 10:11:38.284982,1398.0,998.5
2022-11-18 10:11:38.295430,1394.0,998.5
2022-11-18 10:11:38.306693,1391.0,998.5
2022-11-18 10:11:38.316758,1387.0,998.5
2022-11-18 10:11:38.326051,1383.0,998.5
2022-11-18 10:11:38.337094,1380.0,998.5
2022-11-18 10:11:38.346483,1377.0,998.5
2022-11-18 10:11:38.357501,1374.0,998.5
2022-11-18 10:11:38.366186,1370.0,998.5
2022-11-18 10:11:38.376054,1368.0,998.5
2022-11-18 10:11:38.386053,1365.0,998.5
2022-11-18 10:11:38.397664,1361.0,998.5
2022-11-18 10:11:38.406745,1358.0,998.5
2022-11-18 10:11:38.415891,1357.0,998.5
2022-11-18 10:11:38.426890,1354.0,998.5
2022-11-18 10:11:38.436872,1351.0,998.5
2022-11-18 10:11:38.445865,1349.0,998.5
2022-11-18 10:11:38.456086,1347.0,998.5
2022-11-18 10:11:38.467057,1345.0,998.5
2022-11-18 10:11:38.477059,1343.0,998.5
2022-11-18 10:11:38.487227,1341.0,998.5
2022-11-18 10:11:38.497519,1340.0,998.5
2022-11-18 10:11:38.507660,1338.0,998.5
2022-11-18 10:11:38.517844,1337.0,998.5
2022-11-18 10:11:38.528845,1336.0,998.5
2022-11-18 10:11:38.537201,1335.0,998.5
2022-11-18 10:11:38.547676,1333.0,998.5
2022-11-18 10:11:38.557679,1331.0,998.5
2022-11-18 10:11:38.568656,1328.0,998.5
2022-11-18 10:11:38.576953,1325.0,998.5
2022-11-18 10:11:38.587119,1321.0,998.5
2022-11-18 10:11:38.598120,1318.0,998.5
2022-11-18 10:11:38.608116,1315.0,998.5
2022-11-18 10:11:38.617245,1312.0,998.5
2022-11-18 10:11:38.627476,1310.0,998.5
2022-11-18 10:11:38.637875,1308.0,998.5
2022-11-18 10:11:38.648874,1307.0,998.5
2022-11-18 10:11:38.677534,1306.0,998.5
2022-11-18 10:11:38.687548,1305.0,998.5
2022-11-18 10:11:38.697951,1304.0,998.5
2022-11-18 10:11:38.707217,1301.0,998.5
2022-11-18 10:11:38.717272,1296.0,998.5
2022-11-18 10:11:38.727844,1293.0,998.5
2022-11-18 10:11:38.738326,1290.0,997.5
2022-11-18 10:11:38.747601,1284.0,996.5
2022-11-18 10:11:38.757819,1282.0,995.5
2022-11-18 10:11:38.798008,1280.0,995.5
2022-11-18 10:11:38.828676,1280.0,994.5
2022-11-18 10:11:38.838160,1280.0,993.5
2022-11-18 10:11:38.848190,1280.0,992.5
2022-11-18 10:11:38.858410,1280.0,990.5
2022-11-18 10:11:38.869712,1280.0,988.5
2022-11-18 10:11:38.878040,1280.0,985.5
2022-11-18 10:11:38.889042,1280.0,983.5
2022-11-18 10:11:38.898638,1281.0,979.5
2022-11-18 10:11:38.909696,1281.0,975.5
2022-11-18 10:11:38.917702,1282.0,971.5
2022-11-18 10:11:38.929059,1283.0,967.5
2022-11-18 10:11:38.938385,1285.0,963.5
2022-11-18 10:11:38.949447,1286.0,956.5
2022-11-18 10:11:38.958970,1288.0,951.5
2022-11-18 10:11:38.968560,1289.0,947.5
2022-11-18 10:11:38.978287,1289.0,940.5
2022-11-18 10:11:38.989628,1291.0,934.5
2022-11-18 10:11:38.999333,1292.0,929.5
2022-11-18 10:11:39.009107,1293.0,925.5
2022-11-18 10:11:39.019057,1296.0,920.5
2022-11-18 10:11:39.030414,1296.0,915.5
2022-11-18 10:11:39.040453,1297.0,910.5
2022-11-18 10:11:39.049461,1300.0,904.5
2022-11-18 10:11:39.059710,1300.0,902.5
2022-11-18 10:11:39.069073,1300.0,899.5
2022-11-18 10:11:39.080104,1300.0,895.5
2022-11-18 10:11:39.089499,1301.0,893.5
2022-11-18 10:11:39.099891,1301.0,891.5
2022-11-18 10:11:39.109890,1301.0,889.5
2022-11-18 10:11:39.120105,1302.0,887.5
2022-11-18 10:11:39.129381,1302.0,886.5
2022-11-18 10:11:39.139472,1302.0,884.5
2022-11-18 10:11:39.149827,1302.0,883.5
2022-11-18 10:11:39.160542,1302.0,881.5
2022-11-18 10:11:39.169114,1302.0,880.5
2022-11-18 10:11:39.179274,1302.0,879.5
2022-11-18 10:11:39.189695,1302.0,878.5
2022-11-18 10:11:39.199454,1302.0,875.5
2022-11-18 10:11:39.210223,1302.0,874.5
2022-11-18 10:11:39.219177,1302.0,873.5
2022-11-18 10:11:39.229470,1302.0,870.5
2022-11-18 10:11:39.239137,1302.0,868.5
2022-11-18 10:11:39.250139,1302.0,865.5
2022-11-18 10:11:39.259641,1302.0,863.5
2022-11-18 10:11:39.269489,1302.0,860.5
2022-11-18 10:11:39.279827,1302.0,856.5
2022-11-18 10:11:39.290298,1302.0,853.5
2022-11-18 10:11:39.298899,1302.0,847.5
2022-11-18 10:11:39.309091,1302.0,843.5
2022-11-18 10:11:39.319251,1302.0,838.5
2022-11-18 10:11:39.330435,1302.0,834.5
2022-11-18 10:11:39.340052,1302.0,827.5
2022-11-18 10:11:39.350313,1302.0,820.5
2022-11-18 10:11:39.360107,1302.0,814.5
2022-11-18 10:11:39.371131,1302.0,808.5
2022-11-18 10:11:39.381100,1302.0,803.5
2022-11-18 10:11:39.390247,1302.0,796.5
2022-11-18 10:11:39.399844,1302.0,792.5
2022-11-18 10:11:39.409849,1302.0,786.5
2022-11-18 10:11:39.422067,1302.0,781.5
2022-11-18 10:11:39.430322,1302.0,776.5
2022-11-18 10:11:39.440360,1302.0,771.5
2022-11-18 10:11:39.450686,1302.0,764.5
2022-11-18 10:11:39.461682,1302.0,758.5
2022-11-18 10:11:39.470892,1302.0,752.5
2022-11-18 10:11:39.480086,1302.0,748.5
2022-11-18 10:11:39.490678,1302.0,741.5
2022-11-18 10:11:39.501677,1302.0,736.5
2022-11-18 10:11:39.510853,1302.0,731.5
2022-11-18 10:11:39.521062,1302.0,726.5
2022-11-18 10:11:39.531240,1302.0,723.5
2022-11-18 10:11:39.542019,1302.0,719.5
2022-11-18 10:11:39.552122,1302.0,715.5
2022-11-18 10:11:39.561120,1302.0,712.5
2022-11-18 10:11:39.571280,1302.0,710.5
2022-11-18 10:11:39.580979,1302.0,706.5
2022-11-18 10:11:39.592664,1302.0,703.5
2022-11-18 10:11:39.600844,1302.0,699.5
2022-11-18 10:11:39.611054,1302.0,695.5
2022-11-18 10:11:39.621055,1302.0,692.5
2022-11-18 10:11:39.631964,1302.0,688.5
2022-11-18 10:11:39.641115,1302.0,684.5
2022-11-18 10:11:39.651231,1302.0,681.5
2022-11-18 10:11:39.661476,1302.0,676.5
2022-11-18 10:11:39.672516,1302.0,673.5
2022-11-18 10:11:39.681643,1302.0,669.5
2022-11-18 10:11:39.691470,1302.0,668.5
2022-11-18 10:11:39.701731,1302.0,664.5
2022-11-18 10:11:39.712101,1303.0,661.5
2022-11-18 10:11:39.722826,1303.0,658.5
2022-11-18 10:11:39.731054,1303.0,654.5
2022-11-18 10:11:39.741173,1303.0,651.5
2022-11-18 10:11:39.751361,1303.0,649.5
2022-11-18 10:11:39.762666,1304.0,645.5
2022-11-18 10:11:39.770793,1304.0,643.5
2022-11-18 10:11:39.780920,1304.0,640.5
2022-11-18 10:11:39.790994,1304.0,636.5
2022-11-18 10:11:39.802117,1304.0,634.5
2022-11-18 10:11:39.811945,1304.0,631.5
2022-11-18 10:11:39.820973,1304.0,629.5
2022-11-18 10:11:39.831318,1304.0,626.5
2022-11-18 10:11:39.842557,1304.0,623.5
2022-11-18 10:11:39.852383,1304.0,620.5
2022-11-18 10:11:39.862657,1304.0,617.5
2022-11-18 10:11:39.872658,1304.0,614.5
2022-11-18 10:11:39.884041,1304.0,610.5
2022-11-18 10:11:39.893274,1304.0,608.5
2022-11-18 10:11:39.902280,1304.0,606.5
2022-11-18 10:11:39.912321,1304.0,602.5
2022-11-18 10:11:39.922683,1304.0,599.5
2022-11-18 10:11:39.933205,1304.0,596.5
2022-11-18 10:11:39.942211,1304.0,593.5
2022-11-18 10:11:39.952452,1304.0,591.5
2022-11-18 10:11:39.962835,1304.0,589.5
2022-11-18 10:11:39.973090,1304.0,586.5
2022-11-18 10:11:39.982734,1304.0,585.5
2022-11-18 10:11:39.992525,1304.0,583.5
2022-11-18 10:11:40.001862,1304.0,581.5
2022-11-18 10:11:40.013797,1304.0,580.5
2022-11-18 10:11:40.022991,1304.0,578.5
2022-11-18 10:11:40.043635,1304.0,577.5
2022-11-18 10:11:40.064384,1304.0,576.5
2022-11-18 10:11:40.083934,1304.0,575.5
2022-11-18 10:11:40.112908,1305.0,572.5
2022-11-18 10:11:40.123202,1306.0,571.5
2022-11-18 10:11:40.133268,1306.0,570.5
2022-11-18 10:11:40.144565,1306.0,569.5
2022-11-18 10:11:40.163473,1308.0,567.5
2022-11-18 10:11:40.173751,1311.0,564.5
2022-11-18 10:11:40.193273,1312.0,563.5
2022-11-18 10:11:40.213163,1314.0,561.5
2022-11-18 10:11:40.223805,1316.0,561.5
2022-11-18 10:11:40.234806,1317.0,561.5
2022-11-18 10:11:40.243851,1318.0,559.5
2022-11-18 10:11:40.253422,1319.0,559.5
2022-11-18 10:11:40.263248,1321.0,559.5
2022-11-18 10:11:40.274731,1323.0,559.5
2022-11-18 10:11:40.283238,1329.0,559.5
2022-11-18 10:11:40.293230,1335.0,558.5
2022-11-18 10:11:40.303462,1342.0,558.5
2022-11-18 10:11:40.315017,1351.0,558.5
2022-11-18 10:11:40.323053,1359.0,558.5
2022-11-18 10:11:40.333081,1367.0,558.5
2022-11-18 10:11:40.343187,1375.0,558.5
2022-11-18 10:11:40.354008,1384.0,558.5
2022-11-18 10:11:40.364155,1392.0,558.5
2022-11-18 10:11:40.374009,1398.0,558.5
2022-11-18 10:11:40.384694,1403.0,558.5
2022-11-18 10:11:40.395424,1406.0,558.5
2022-11-18 10:11:40.405742,1412.0,558.5
2022-11-18 10:11:40.414071,1416.0,558.5
2022-11-18 10:11:40.424061,1421.0,558.5
2022-11-18 10:11:40.434255,1428.0,558.5
2022-11-18 10:11:40.445079,1435.0,558.5
2022-11-18 10:11:40.454103,1443.0,558.5
2022-11-18 10:11:40.464215,1450.0,558.5
2022-11-18 10:11:40.474385,1458.0,558.5
2022-11-18 10:11:40.485477,1467.0,558.5
2022-11-18 10:11:40.494092,1476.0,558.5
2022-11-18 10:11:40.504717,1483.0,559.5
2022-11-18 10:11:40.514495,1490.0,559.5
2022-11-18 10:11:40.525391,1496.0,559.5
2022-11-18 10:11:40.535669,1502.0,560.5
2022-11-18 10:11:40.546114,1509.0,560.5
2022-11-18 10:11:40.555369,1515.0,561.5
2022-11-18 10:11:40.566547,1522.0,561.5
2022-11-18 10:11:40.576760,1529.0,561.5
2022-11-18 10:11:40.585760,1534.0,563.5
2022-11-18 10:11:40.594952,1540.0,564.5
2022-11-18 10:11:40.605282,1546.0,564.5
2022-11-18 10:11:40.616375,1554.0,565.5
2022-11-18 10:11:40.625405,1562.0,567.5
2022-11-18 10:11:40.635636,1568.0,568.5
2022-11-18 10:11:40.645739,1576.0,569.5
2022-11-18 10:11:40.656348,1583.0,569.5
2022-11-18 10:11:40.665404,1592.0,569.5
2022-11-18 10:11:40.675223,1599.0,569.5
2022-11-18 10:11:40.685318,1609.0,569.5
2022-11-18 10:11:40.696343,1618.0,569.5
2022-11-18 10:11:40.705668,1628.0,572.5
2022-11-18 10:11:40.715864,1637.0,572.5
2022-11-18 10:11:40.725243,1646.0,572.5
2022-11-18 10:11:40.736465,1653.0,573.5
2022-11-18 10:11:40.746634,1657.0,573.5
2022-11-18 10:11:40.755610,1662.0,573.5
2022-11-18 10:11:40.764934,1666.0,573.5
2022-11-18 10:11:40.775934,1669.0,573.5
2022-11-18 10:11:40.785947,1673.0,573.5
2022-11-18 10:11:40.795169,1680.0,573.5
2022-11-18 10:11:40.805241,1685.0,573.5
2022-11-18 10:11:40.815815,1693.0,573.5
2022-11-18 10:11:40.826133,1698.0,573.5
2022-11-18 10:11:40.835434,1705.0,573.5
2022-11-18 10:11:40.845202,1712.0,573.5
2022-11-18 10:11:40.855137,1719.0,573.5
2022-11-18 10:11:40.866139,1727.0,573.5
2022-11-18 10:11:40.876044,1734.0,573.5
2022-11-18 10:11:40.886081,1742.0,573.5
2022-11-18 10:11:40.896257,1747.0,573.5
2022-11-18 10:11:40.907517,1751.0,573.5
2022-11-18 10:11:40.917866,1757.0,573.5
2022-11-18 10:11:40.926133,1762.0,573.5
2022-11-18 10:11:40.936446,1767.0,573.5
2022-11-18 10:11:40.946820,1774.0,572.5
2022-11-18 10:11:40.957816,1781.0,571.5
2022-11-18 10:11:40.966089,1786.0,570.5
2022-11-18 10:11:40.977059,1790.0,568.5
2022-11-18 10:11:40.986643,1796.0,567.5
2022-11-18 10:11:40.997008,1799.0,566.5
2022-11-18 10:11:41.005950,1803.0,565.5
2022-11-18 10:11:41.015890,1805.0,564.5
2022-11-18 10:11:41.026026,1809.0,563.5
2022-11-18 10:11:41.037190,1813.0,563.5
2022-11-18 10:11:41.047748,1818.0,560.5
2022-11-18 10:11:41.057022,1820.0,560.5
2022-11-18 10:11:41.067992,1823.0,559.5
2022-11-18 10:11:41.078895,1824.0,559.5
2022-11-18 10:11:41.088027,1826.0,558.5
2022-11-18 10:11:41.097029,1827.0,557.5
2022-11-18 10:11:41.107522,1828.0,557.5
2022-11-18 10:11:41.117688,1830.0,556.5
2022-11-18 10:11:41.127895,1831.0,556.5
2022-11-18 10:11:41.137219,1835.0,554.5
2022-11-18 10:11:41.147478,1837.0,554.5
2022-11-18 10:11:41.157550,1840.0,553.5
2022-11-18 10:11:41.168655,1841.0,553.5
2022-11-18 10:11:41.177347,1842.0,553.5
2022-11-18 10:11:41.338773,1843.0,552.5
2022-11-18 10:11:41.347058,1843.0,551.5
2022-11-18 10:11:41.357060,1843.0,550.5
2022-11-18 10:11:41.367538,1843.0,549.5
2022-11-18 10:11:41.378147,1843.0,547.5
2022-11-18 10:11:41.388141,1844.0,544.5
2022-11-18 10:11:41.398729,1845.0,540.5
2022-11-18 10:11:41.408265,1846.0,535.5
2022-11-18 10:11:41.419050,1847.0,527.5
2022-11-18 10:11:41.429019,1849.0,517.5
2022-11-18 10:11:41.438465,1851.0,508.5
2022-11-18 10:11:41.448750,1851.0,499.5
2022-11-18 10:11:41.459752,1852.0,487.5
2022-11-18 10:11:41.469986,1856.0,475.5
2022-11-18 10:11:41.478305,1861.0,460.5
2022-11-18 10:11:41.488341,1861.0,451.5
2022-11-18 10:11:41.498426,1862.0,438.5
2022-11-18 10:11:41.509830,1865.0,428.5
2022-11-18 10:11:41.625477,1865.0,428.5
2022-11-18 10:11:42.553864,1865.0,428.5
2022-11-18 10:11:42.654061,1864.0,428.5
2022-11-18 10:11:43.355692,1863.0,427.5
2022-11-18 10:11:43.386675,1862.0,427.5
2022-11-18 10:11:43.415581,1861.0,427.5
2022-11-18 10:11:43.426699,1861.0,426.5
2022-11-18 10:11:43.436033,1860.0,426.5
2022-11-18 10:11:43.446433,1859.0,426.5
2022-11-18 10:11:43.486728,1858.0,425.5
2022-11-18 10:11:43.496708,1858.0,424.5
2022-11-18 10:11:43.526331,1857.0,424.5
2022-11-18 10:11:43.536328,1856.0,423.5
2022-11-18 10:11:43.546565,1856.0,422.5
2022-11-18 10:11:43.556964,1856.0,421.5
2022-11-18 10:11:43.566304,1856.0,420.5
2022-11-18 10:11:43.576341,1856.0,419.5
2022-11-18 10:11:43.586909,1855.0,417.5
2022-11-18 10:11:43.597907,1855.0,416.5
2022-11-18 10:11:43.606910,1855.0,413.5
2022-11-18 10:11:43.617824,1855.0,412.5
2022-11-18 10:11:43.627513,1855.0,410.5
2022-11-18 10:11:43.638125,1855.0,407.5
2022-11-18 10:11:43.648753,1855.0,401.5
2022-11-18 10:11:43.657257,1855.0,397.5
2022-11-18 10:11:43.667506,1855.0,393.5
2022-11-18 10:11:43.678745,1855.0,386.5
2022-11-18 10:11:43.688057,1854.0,381.5
2022-11-18 10:11:43.697440,1853.0,376.5
2022-11-18 10:11:43.707621,1852.0,373.5
2022-11-18 10:11:43.718124,1852.0,370.5
2022-11-18 10:11:43.728335,1852.0,366.5
2022-11-18 10:11:43.737364,1852.0,364.5
2022-11-18 10:11:43.757352,1850.0,360.5
2022-11-18 10:11:43.768388,1850.0,359.5
2022-11-18 10:11:43.777927,1850.0,358.5
2022-11-18 10:11:43.797414,1850.0,355.5
2022-11-18 10:11:43.808226,1850.0,353.5
2022-11-18 10:11:43.827812,1850.0,352.5
2022-11-18 10:11:43.836851,1850.0,351.5
2022-11-18 10:11:43.848297,1850.0,350.5
2022-11-18 10:11:43.858157,1850.0,349.5
2022-11-18 10:11:43.877769,1850.0,348.5
2022-11-18 10:11:43.888244,1850.0,347.5
2022-11-18 10:11:43.917551,1849.0,346.5
2022-11-18 10:11:43.927301,1849.0,344.5
2022-11-18 10:11:43.938059,1849.0,343.5
2022-11-18 10:11:43.948382,1849.0,341.5
2022-11-18 10:11:43.958813,1849.0,339.5
2022-11-18 10:11:43.968812,1849.0,335.5
2022-11-18 10:11:43.979548,1849.0,331.5
2022-11-18 10:11:43.988808,1849.0,325.5
2022-11-18 10:11:43.998810,1849.0,316.5
2022-11-18 10:11:44.008031,1849.0,310.5
2022-11-18 10:11:44.019361,1849.0,299.5
2022-11-18 10:11:44.029391,1849.0,291.5
2022-11-18 10:11:44.038663,1849.0,281.5
2022-11-18 10:11:44.048015,1849.0,273.5
2022-11-18 10:11:44.058012,1849.0,264.5
2022-11-18 10:11:44.069231,1849.0,255.5
2022-11-18 10:11:44.078692,1849.0,247.5
2022-11-18 10:11:44.088161,1849.0,243.5
2022-11-18 10:11:44.098364,1849.0,236.5
2022-11-18 10:11:44.109489,1849.0,229.5
2022-11-18 10:11:44.119845,1849.0,224.5
2022-11-18 10:11:44.129815,1849.0,217.5
2022-11-18 10:11:44.139006,1849.0,213.5
2022-11-18 10:11:44.150406,1849.0,209.5
2022-11-18 10:11:44.160433,1849.0,204.5
2022-11-18 10:11:44.169714,1849.0,201.5
2022-11-18 10:11:44.179061,1849.0,198.5
2022-11-18 10:11:44.190055,1849.0,195.5
2022-11-18 10:11:44.200295,1849.0,193.5
2022-11-18 10:11:44.209563,1849.0,192.5
2022-11-18 10:11:44.230773,1849.0,189.5
2022-11-18 10:11:44.240455,1849.0,188.5
2022-11-18 10:11:44.269663,1849.0,187.5
2022-11-18 10:11:44.289087,1849.0,186.5
2022-11-18 10:11:44.299751,1849.0,185.5
2022-11-18 10:11:44.320297,1849.0,184.5
2022-11-18 10:11:44.330609,1849.0,182.5
2022-11-18 10:11:44.339712,1849.0,180.5
2022-11-18 10:11:44.349363,1849.0,179.5
2022-11-18 10:11:44.360486,1849.0,176.5
2022-11-18 10:11:44.370661,1849.0,173.5
2022-11-18 10:11:44.379297,1849.0,170.5
2022-11-18 10:11:44.389059,1849.0,167.5
2022-11-18 10:11:44.400259,1849.0,161.5
2022-11-18 10:11:44.410912,1849.0,156.5
2022-11-18 10:11:44.419942,1849.0,150.5
2022-11-18 10:11:44.429913,1849.0,144.5
2022-11-18 10:11:44.439720,1849.0,139.5
2022-11-18 10:11:44.450471,1848.0,132.5
2022-11-18 10:11:44.459900,1848.0,127.5
2022-11-18 10:11:44.471227,1848.0,120.5
2022-11-18 10:11:44.480348,1848.0,116.5
2022-11-18 10:11:44.491377,1848.0,112.5
2022-11-18 10:11:44.501651,1848.0,108.5
2022-11-18 10:11:44.510438,1848.0,105.5
2022-11-18 10:11:44.520805,1848.0,102.5
2022-11-18 10:11:44.531086,1848.0,99.5
2022-11-18 10:11:44.541630,1848.0,97.5
2022-11-18 10:11:44.550380,1848.0,95.5
2022-11-18 10:11:44.560691,1848.0,92.5
2022-11-18 10:11:44.572004,1848.0,90.5
2022-11-18 10:11:44.581002,1848.0,88.5
2022-11-18 10:11:44.590289,1848.0,86.5
2022-11-18 10:11:44.600609,1848.0,84.5
2022-11-18 10:11:44.611672,1848.0,81.5
2022-11-18 10:11:44.621722,1848.0,79.5
2022-11-18 10:11:44.632008,1848.0,77.5
2022-11-18 10:11:44.641954,1848.0,75.5
2022-11-18 10:11:44.651771,1848.0,73.5
2022-11-18 10:11:44.662335,1848.0,70.5
2022-11-18 10:11:44.672382,1848.0,68.5
2022-11-18 10:11:44.680786,1848.0,67.5
2022-11-18 10:11:44.690786,1848.0,66.5
2022-11-18 10:11:44.702118,1848.0,64.5
2022-11-18 10:11:44.712463,1848.0,62.5
2022-11-18 10:11:44.720971,1848.0,60.5
2022-11-18 10:11:44.731264,1848.0,58.5
2022-11-18 10:11:44.742453,1848.0,55.5
2022-11-18 10:11:44.751857,1848.0,53.5
2022-11-18 10:11:44.761935,1847.0,49.5
2022-11-18 10:11:44.771929,1846.0,47.5
2022-11-18 10:11:44.781106,1846.0,46.5
2022-11-18 10:11:44.792070,1846.0,43.5
2022-11-18 10:11:44.802068,1846.0,42.5
2022-11-18 10:11:44.811846,1846.0,41.5
2022-11-18 10:11:44.820845,1846.0,40.5
2022-11-18 10:11:44.891784,1845.0,39.5
2022-11-18 10:11:44.982136,1844.0,38.5
2022-11-18 10:11:45.003931,1843.0,38.5
2022-11-18 10:11:45.032405,1842.0,38.5
2022-11-18 10:11:45.043324,1841.0,38.5
2022-11-18 10:11:45.053086,1840.0,38.5
2022-11-18 10:11:45.062053,1839.0,38.5
2022-11-18 10:11:45.072056,1837.0,38.5
2022-11-18 10:11:45.083468,1833.0,38.5
2022-11-18 10:11:45.093798,1826.0,38.5
2022-11-18 10:11:45.102242,1820.0,38.5
2022-11-18 10:11:45.111848,1813.0,38.5
2022-11-18 10:11:45.122173,1806.0,38.5
2022-11-18 10:11:45.133792,1801.0,38.5
2022-11-18 10:11:45.143787,1793.0,38.5
2022-11-18 10:11:45.153790,1789.0,38.5
2022-11-18 10:11:45.163891,1785.0,38.5
2022-11-18 10:11:45.174899,1782.0,38.5
2022-11-18 10:11:45.183934,1780.0,38.5
2022-11-18 10:11:45.193909,1778.0,38.5
2022-11-18 10:11:45.203602,1776.0,38.5
2022-11-18 10:11:45.214378,1774.0,38.5
2022-11-18 10:11:45.225050,1773.0,38.5
2022-11-18 10:11:45.233387,1771.0,40.5
2022-11-18 10:11:45.243391,1769.0,40.5
2022-11-18 10:11:45.254396,1767.0,40.5
2022-11-18 10:11:45.264718,1765.0,40.5
2022-11-18 10:11:45.273594,1762.0,40.5
2022-11-18 10:11:45.283627,1759.0,40.5
2022-11-18 10:11:45.294063,1755.0,40.5
2022-11-18 10:11:45.304319,1752.0,40.5
2022-11-18 10:11:45.313387,1749.0,40.5
2022-11-18 10:11:45.323654,1747.0,40.5
2022-11-18 10:11:45.333476,1744.0,41.5
2022-11-18 10:11:45.344307,1742.0,41.5
2022-11-18 10:11:45.353770,1740.0,41.5
2022-11-18 10:11:45.363190,1738.0,41.5
2022-11-18 10:11:45.373179,1736.0,41.5
2022-11-18 10:11:45.384331,1733.0,41.5
2022-11-18 10:11:45.394957,1728.0,41.5
2022-11-18 10:11:45.403958,1725.0,41.5
2022-11-18 10:11:45.413564,1719.0,42.5
2022-11-18 10:11:45.424310,1713.0,43.5
2022-11-18 10:11:45.434715,1707.0,43.5
2022-11-18 10:11:45.443453,1700.0,43.5
2022-11-18 10:11:45.453688,1694.0,43.5
2022-11-18 10:11:45.463187,1684.0,43.5
2022-11-18 10:11:45.474182,1676.0,43.5
2022-11-18 10:11:45.484416,1667.0,43.5
2022-11-18 10:11:45.494263,1659.0,43.5
2022-11-18 10:11:45.503942,1651.0,43.5
2022-11-18 10:11:45.515386,1643.0,43.5
2022-11-18 10:11:45.525602,1635.0,43.5
2022-11-18 10:11:45.534299,1626.0,43.5
2022-11-18 10:11:45.544434,1617.0,43.5
2022-11-18 10:11:45.555073,1609.0,43.5
2022-11-18 10:11:45.565448,1598.0,43.5
2022-11-18 10:11:45.574527,1589.0,43.5
2022-11-18 10:11:45.584897,1580.0,43.5
2022-11-18 10:11:45.595255,1571.0,43.5
2022-11-18 10:11:45.605291,1563.0,43.5
2022-11-18 10:11:45.614798,1557.0,43.5
2022-11-18 10:11:45.624303,1550.0,43.5
2022-11-18 10:11:45.634401,1546.0,43.5
2022-11-18 10:11:45.645477,1542.0,43.5
2022-11-18 10:11:45.655519,1538.0,43.5
2022-11-18 10:11:45.665756,1536.0,43.5
2022-11-18 10:11:45.675486,1534.0,43.5
2022-11-18 10:11:45.686948,1530.0,43.5
2022-11-18 10:11:45.696946,1528.0,43.5
2022-11-18 10:11:45.704946,1526.0,43.5
2022-11-18 10:11:45.715122,1525.0,43.5
2022-11-18 10:11:45.726753,1522.0,43.5
2022-11-18 10:11:45.736193,1519.0,43.5
2022-11-18 10:11:45.745474,1515.0,43.5
2022-11-18 10:11:45.756074,1512.0,43.5
2022-11-18 10:11:45.766186,1508.0,43.5
2022-11-18 10:11:45.776640,1504.0,43.5
2022-11-18 10:11:45.784967,1501.0,43.5
2022-11-18 10:11:45.795215,1496.0,43.5
2022-11-18 10:11:45.805964,1491.0,43.5
2022-11-18 10:11:45.816320,1486.0,43.5
2022-11-18 10:11:45.825694,1481.0,43.5
2022-11-18 10:11:45.835726,1474.0,43.5
2022-11-18 10:11:45.845726,1466.0,43.5
2022-11-18 10:11:45.856727,1458.0,43.5
2022-11-18 10:11:45.866849,1449.0,43.5
2022-11-18 10:11:45.875065,1444.0,43.5
2022-11-18 10:11:45.885771,1437.0,43.5
2022-11-18 10:11:45.896595,1432.0,43.5
2022-11-18 10:11:45.906618,1427.0,43.5
2022-11-18 10:11:45.915015,1422.0,43.5
2022-11-18 10:11:45.925038,1419.0,43.5
2022-11-18 10:11:45.936211,1416.0,43.5
2022-11-18 10:11:45.946242,1411.0,43.5
2022-11-18 10:11:45.955733,1408.0,43.5
2022-11-18 10:11:45.965045,1405.0,43.5
2022-11-18 10:11:45.975032,1400.0,43.5
2022-11-18 10:11:45.986062,1394.0,43.5
2022-11-18 10:11:45.996763,1389.0,43.5
2022-11-18 10:11:46.006031,1382.0,43.5
2022-11-18 10:11:46.017032,1378.0,43.5
2022-11-18 10:11:46.027160,1371.0,43.5
2022-11-18 10:11:46.037312,1367.0,43.5
2022-11-18 10:11:46.046581,1362.0,43.5
2022-11-18 10:11:46.056758,1356.0,43.5
2022-11-18 10:11:46.067896,1352.0,43.5
2022-11-18 10:11:46.077898,1347.0,43.5
2022-11-18 10:11:46.086900,1340.0,43.5
2022-11-18 10:11:46.096233,1336.0,43.5
2022-11-18 10:11:46.107571,1328.0,43.5
2022-11-18 10:11:46.117721,1321.0,43.5
2022-11-18 10:11:46.126792,1313.0,43.5
2022-11-18 10:11:46.136002,1307.0,43.5
2022-11-18 10:11:46.146102,1299.0,43.5
2022-11-18 10:11:46.157719,1291.0,43.5
2022-11-18 10:11:46.166915,1283.0,43.5
2022-11-18 10:11:46.177030,1275.0,43.5
2022-11-18 10:11:46.188031,1269.0,43.5
2022-11-18 10:11:46.198739,1260.0,43.5
2022-11-18 10:11:46.208740,1254.0,43.5
2022-11-18 10:11:46.217739,1246.0,43.5
2022-11-18 10:11:46.227009,1241.0,43.5
2022-11-18 10:11:46.238280,1235.0,43.5
2022-11-18 10:11:46.248333,1228.0,43.5
2022-11-18 10:11:46.257861,1222.0,43.5
2022-11-18 10:11:46.267327,1216.0,43.5
2022-11-18 10:11:46.278539,1211.0,43.5
2022-11-18 10:11:46.288884,1205.0,44.5
2022-11-18 10:11:46.297474,1201.0,44.5
2022-11-18 10:11:46.306852,1196.0,44.5
2022-11-18 10:11:46.318306,1192.0,44.5
2022-11-18 10:11:46.328726,1188.0,44.5
2022-11-18 10:11:46.337086,1185.0,44.5
2022-11-18 10:11:46.347174,1181.0,44.5
2022-11-18 10:11:46.358293,1177.0,44.5
2022-11-18 10:11:46.368057,1171.0,44.5
2022-11-18 10:11:46.378057,1165.0,44.5
2022-11-18 10:11:46.387305,1161.0,44.5
2022-11-18 10:11:46.397313,1156.0,44.5
2022-11-18 10:11:46.408351,1150.0,44.5
2022-11-18 10:11:46.418104,1145.0,44.5
2022-11-18 10:11:46.427100,1138.0,44.5
2022-11-18 10:11:46.437115,1134.0,44.5
2022-11-18 10:11:46.448434,1128.0,44.5
2022-11-18 10:11:46.458266,1122.0,44.5
2022-11-18 10:11:46.467481,1116.0,44.5
2022-11-18 10:11:46.477758,1110.0,44.5
2022-11-18 10:11:46.487671,1103.0,44.5
2022-11-18 10:11:46.497949,1095.0,44.5
2022-11-18 10:11:46.507978,1087.0,44.5
2022-11-18 10:11:46.518422,1082.0,44.5
2022-11-18 10:11:46.528784,1075.0,44.5
2022-11-18 10:11:46.539782,1070.0,44.5
2022-11-18 10:11:46.550139,1065.0,44.5
2022-11-18 10:11:46.558765,1059.0,44.5
2022-11-18 10:11:46.568651,1056.0,44.5
2022-11-18 10:11:46.579054,1051.0,44.5
2022-11-18 10:11:46.589574,1046.0,44.5
2022-11-18 10:11:46.598764,1042.0,44.5
2022-11-18 10:11:46.609011,1038.0,44.5
2022-11-18 10:11:46.619340,1034.0,44.5
2022-11-18 10:11:46.629249,1030.0,44.5
2022-11-18 10:11:46.638739,1025.0,44.5
2022-11-18 10:11:46.649061,1021.0,44.5
2022-11-18 10:11:46.659729,1017.0,44.5
2022-11-18 10:11:46.669752,1012.0,44.5
2022-11-18 10:11:46.678991,1008.0,44.5
2022-11-18 10:11:46.689407,1002.0,44.5
2022-11-18 10:11:46.699602,996.0,44.5
2022-11-18 10:11:46.710794,989.0,44.5
2022-11-18 10:11:46.720332,984.0,44.5
2022-11-18 10:11:46.729128,980.0,44.5
2022-11-18 10:11:46.739605,976.0,44.5
2022-11-18 10:11:46.750948,970.0,43.5
2022-11-18 10:11:46.759946,966.0,42.5
2022-11-18 10:11:46.769270,958.0,40.5
2022-11-18 10:11:46.779516,955.0,40.5
2022-11-18 10:11:46.790409,949.0,40.5
2022-11-18 10:11:46.800457,944.0,40.5
2022-11-18 10:11:46.809715,939.0,40.5
2022-11-18 10:11:46.820075,935.0,39.5
2022-11-18 10:11:46.830073,928.0,38.5
2022-11-18 10:11:46.840366,924.0,37.5
2022-11-18 10:11:46.849684,917.0,36.5
2022-11-18 10:11:46.858975,911.0,36.5
2022-11-18 10:11:46.869277,903.0,34.5
2022-11-18 10:11:46.881053,895.0,32.5
2022-11-18 10:11:46.890051,888.0,32.5
2022-11-18 10:11:46.899239,881.0,31.5
2022-11-18 10:11:46.909540,876.0,31.5
2022-11-18 10:11:46.920354,871.0,30.5
2022-11-18 10:11:46.930698,864.0,28.5
2022-11-18 10:11:46.940054,860.0,28.5
2022-11-18 10:11:46.949352,854.0,27.5
2022-11-18 10:11:46.960015,847.0,27.5
2022-11-18 10:11:46.970134,842.0,27.5
2022-11-18 10:11:46.980135,836.0,26.5
2022-11-18 10:11:46.989272,830.0,26.5
2022-11-18 10:11:47.000262,825.0,26.5
2022-11-18 10:11:47.010450,819.0,26.5
2022-11-18 10:11:47.020128,812.0,26.5
2022-11-18 10:11:47.030258,808.0,26.5
2022-11-18 10:11:47.040396,803.0,26.5
2022-11-18 10:11:47.051689,800.0,26.5
2022-11-18 10:11:47.061931,797.0,26.5
2022-11-18 10:11:47.080834,795.0,26.5
2022-11-18 10:11:47.091831,794.0,26.5
2022-11-18 10:11:47.101146,793.0,26.5
2022-11-18 10:11:47.120386,792.0,26.5
2022-11-18 10:11:47.131495,791.0,26.5
2022-11-18 10:11:47.141667,790.0,26.5
2022-11-18 10:11:47.150363,789.0,26.5
2022-11-18 10:11:47.160737,787.0,26.5
2022-11-18 10:11:47.171172,785.0,26.5
2022-11-18 10:11:47.181402,782.0,27.5
2022-11-18 10:11:47.191820,780.0,27.5
2022-11-18 10:11:47.201160,776.0,28.5
2022-11-18 10:11:47.211704,775.0,29.5
2022-11-18 10:11:47.222315,771.0,31.5
2022-11-18 10:11:47.232667,769.0,31.5
2022-11-18 10:11:47.240982,767.0,32.5
2022-11-18 10:11:47.250954,764.0,33.5
2022-11-18 10:11:47.262154,762.0,35.5
2022-11-18 10:11:47.272338,761.0,35.5
2022-11-18 10:11:47.281334,758.0,36.5
2022-11-18 10:11:47.291631,755.0,36.5
2022-11-18 10:11:47.302897,752.0,38.5
2022-11-18 10:11:47.312516,750.0,38.5
2022-11-18 10:11:47.432193,749.0,38.5
2022-11-18 10:11:47.491184,748.0,39.5
2022-11-18 10:11:47.501185,748.0,40.5
2022-11-18 10:11:47.512461,748.0,41.5
2022-11-18 10:11:47.522041,748.0,42.5
2022-11-18 10:11:47.532042,748.0,43.5
2022-11-18 10:11:47.543043,748.0,44.5
2022-11-18 10:11:47.552281,748.0,45.5
2022-11-18 10:11:47.563616,748.0,48.5
2022-11-18 10:11:47.573848,749.0,51.5
2022-11-18 10:11:47.582851,750.0,56.5
2022-11-18 10:11:47.592456,751.0,58.5
2022-11-18 10:11:47.604017,751.0,61.5
2022-11-18 10:11:47.613288,752.0,66.5
2022-11-18 10:11:47.622590,752.0,69.5
2022-11-18 10:11:47.632598,753.0,75.5
2022-11-18 10:11:47.643208,754.0,80.5
2022-11-18 10:11:47.653405,754.0,84.5
2022-11-18 10:11:47.662316,754.0,90.5
2022-11-18 10:11:47.672323,754.0,93.5
2022-11-18 10:11:47.683684,754.0,99.5
2022-11-18 10:11:47.692914,754.0,104.5
2022-11-18 10:11:47.703091,754.0,109.5
2022-11-18 10:11:47.714001,754.0,115.5
2022-11-18 10:11:47.723472,754.0,120.5
2022-11-18 10:11:47.734619,754.0,124.5
2022-11-18 10:11:47.744857,754.0,129.5
2022-11-18 10:11:47.753885,753.0,133.5
2022-11-18 10:11:47.762897,753.0,136.5
2022-11-18 10:11:47.774411,752.0,140.5
2022-11-18 10:11:47.784054,752.0,142.5
2022-11-18 10:11:47.793061,751.0,146.5
2022-11-18 10:11:47.803153,749.0,151.5
2022-11-18 10:11:47.814409,748.0,153.5
2022-11-18 10:11:47.824439,747.0,156.5
2022-11-18 10:11:47.833720,746.0,161.5
2022-11-18 10:11:47.843322,745.0,165.5
2022-11-18 10:11:47.854799,744.0,169.5
2022-11-18 10:11:47.865140,742.0,173.5
2022-11-18 10:11:47.873570,741.0,175.5
2022-11-18 10:11:47.883348,741.0,179.5
2022-11-18 10:11:47.893682,740.0,182.5
2022-11-18 10:11:47.904216,739.0,186.5
2022-11-18 10:11:47.914055,738.0,189.5
2022-11-18 10:11:47.923630,736.0,194.5
2022-11-18 10:11:47.933242,736.0,196.5
2022-11-18 10:11:47.944676,734.0,200.5
2022-11-18 10:11:47.954409,734.0,202.5
2022-11-18 10:11:47.963750,734.0,205.5
2022-11-18 10:11:47.973268,733.0,208.5
2022-11-18 10:11:47.984292,733.0,211.5
2022-11-18 10:11:47.995082,732.0,215.5
2022-11-18 10:11:48.003460,732.0,216.5
2022-11-18 10:11:48.013080,732.0,219.5
2022-11-18 10:11:48.024765,731.0,221.5
2022-11-18 10:11:48.035090,730.0,226.5
2022-11-18 10:11:48.044363,730.0,229.5
2022-11-18 10:11:48.054364,730.0,233.5
2022-11-18 10:11:48.064473,730.0,236.5
2022-11-18 10:11:48.075022,728.0,242.5
2022-11-18 10:11:48.085136,727.0,247.5
2022-11-18 10:11:48.094593,726.0,254.5
2022-11-18 10:11:48.104496,726.0,258.5
2022-11-18 10:11:48.115496,726.0,263.5
2022-11-18 10:11:48.125818,724.0,270.5
2022-11-18 10:11:48.134576,724.0,274.5
2022-11-18 10:11:48.144082,724.0,278.5
2022-11-18 10:11:48.155788,724.0,282.5
2022-11-18 10:11:48.165098,724.0,287.5
2022-11-18 10:11:48.174066,724.0,292.5
2022-11-18 10:11:48.184221,723.0,295.5
2022-11-18 10:11:48.195750,723.0,301.5
2022-11-18 10:11:48.205532,723.0,306.5
2022-11-18 10:11:48.215824,722.0,310.5
2022-11-18 10:11:48.225156,722.0,314.5
2022-11-18 10:11:48.236950,722.0,319.5
2022-11-18 10:11:48.246383,719.0,327.5
2022-11-18 10:11:48.256413,719.0,334.5
2022-11-18 10:11:48.265845,718.0,339.5
2022-11-18 10:11:48.275874,718.0,347.5
2022-11-18 10:11:48.286448,716.0,355.5
2022-11-18 10:11:49.239575,716.0,355.5
2022-11-18 10:11:49.249822,718.0,355.5
2022-11-18 10:11:50.011256,721.0,356.5
2022-11-18 10:11:50.022802,721.0,357.5
2022-11-18 10:11:50.032336,721.0,360.5
2022-11-18 10:11:50.042405,721.0,363.5
2022-11-18 10:11:50.051824,721.0,369.5
2022-11-18 10:11:50.061146,721.0,373.5
2022-11-18 10:11:50.072466,721.0,377.5
2022-11-18 10:11:50.083730,721.0,382.5
2022-11-18 10:11:50.092786,721.0,388.5
2022-11-18 10:11:50.102862,721.0,393.5
2022-11-18 10:11:50.112889,721.0,399.5
2022-11-18 10:11:50.123363,721.0,403.5
2022-11-18 10:11:50.133431,722.0,406.5
2022-11-18 10:11:50.142446,723.0,408.5
2022-11-18 10:11:50.154134,723.0,409.5
2022-11-18 10:11:50.164142,724.0,411.5
2022-11-18 10:11:50.193379,724.0,412.5
2022-11-18 10:11:50.213384,725.0,413.5
2022-11-18 10:11:50.243908,725.0,414.5
2022-11-18 10:11:50.273654,726.0,415.5
2022-11-18 10:11:50.304261,727.0,416.5
2022-11-18 10:11:50.324617,727.0,417.5
2022-11-18 10:11:50.333960,727.0,418.5
2022-11-18 10:11:50.343954,728.0,419.5
2022-11-18 10:11:50.354971,729.0,423.5
2022-11-18 10:11:50.364962,730.0,424.5
2022-11-18 10:11:50.374975,731.0,426.5
2022-11-18 10:11:50.383926,732.0,430.5
2022-11-18 10:11:50.392957,733.0,432.5
2022-11-18 10:11:50.404168,733.0,433.5
2022-11-18 10:11:50.414980,734.0,434.5
2022-11-18 10:11:50.424979,734.0,435.5
2022-11-18 10:11:50.434326,736.0,437.5
2022-11-18 10:11:50.443442,736.0,439.5
2022-11-18 10:11:50.463900,737.0,441.5
2022-11-18 10:11:50.474084,737.0,442.5
2022-11-18 10:11:50.494373,738.0,444.5
2022-11-18 10:11:50.514388,739.0,445.5
2022-11-18 10:11:50.534793,739.0,446.5
2022-11-18 10:11:50.544079,739.0,447.5
2022-11-18 10:11:50.563191,740.0,447.5
2022-11-18 10:11:50.584310,740.0,448.5
2022-11-18 10:11:50.604662,741.0,449.5
2022-11-18 10:11:50.615662,742.0,450.5
2022-11-18 10:11:50.635581,744.0,451.5
2022-11-18 10:11:50.645384,745.0,452.5
2022-11-18 10:11:50.654587,747.0,452.5
2022-11-18 10:11:50.665761,749.0,452.5
2022-11-18 10:11:50.675304,752.0,454.5
2022-11-18 10:11:50.685073,755.0,454.5
2022-11-18 10:11:50.694004,756.0,455.5
2022-11-18 10:11:50.705263,760.0,456.5
2022-11-18 10:11:50.715115,763.0,457.5
2022-11-18 10:11:50.725265,769.0,459.5
2022-11-18 10:11:50.734065,771.0,459.5
2022-11-18 10:11:50.745072,774.0,461.5
2022-11-18 10:11:50.755196,778.0,461.5
2022-11-18 10:11:50.765300,781.0,462.5
2022-11-18 10:11:50.775875,783.0,462.5
2022-11-18 10:11:50.785840,786.0,463.5
2022-11-18 10:11:50.796674,787.0,463.5
2022-11-18 10:11:50.805948,789.0,463.5
2022-11-18 10:11:50.815955,790.0,464.5
2022-11-18 10:11:50.825711,792.0,464.5
2022-11-18 10:11:50.836008,795.0,464.5
2022-11-18 10:11:50.845950,799.0,464.5
2022-11-18 10:11:50.856064,803.0,465.5
2022-11-18 10:11:50.865064,806.0,465.5
2022-11-18 10:11:50.876102,810.0,466.5
2022-11-18 10:11:50.887337,813.0,466.5
2022-11-18 10:11:50.896023,816.0,467.5
2022-11-18 10:11:50.907030,818.0,467.5
2022-11-18 10:11:50.915960,822.0,468.5
2022-11-18 10:11:50.926188,826.0,469.5
2022-11-18 10:11:50.936498,828.0,469.5
2022-11-18 10:11:50.945271,832.0,469.5
2022-11-18 10:11:50.956491,835.0,469.5
2022-11-18 10:11:50.966854,840.0,471.5
2022-11-18 10:11:50.976883,843.0,471.5
2022-11-18 10:11:50.986851,847.0,472.5
2022-11-18 10:11:50.995095,851.0,472.5
2022-11-18 10:11:51.007096,856.0,472.5
2022-11-18 10:11:51.016116,862.0,475.5
2022-11-18 10:11:51.026258,870.0,476.5
2022-11-18 10:11:51.034939,875.0,476.5
2022-11-18 10:11:51.046899,879.0,477.5
2022-11-18 10:11:51.056083,884.0,477.5
2022-11-18 10:11:51.066084,888.0,479.5
2022-11-18 10:11:51.075693,891.0,479.5
2022-11-18 10:11:51.086418,893.0,479.5
2022-11-18 10:11:51.096881,897.0,479.5
2022-11-18 10:11:51.106880,902.0,480.5
2022-11-18 10:11:51.116952,908.0,481.5
2022-11-18 10:11:51.127450,915.0,482.5
2022-11-18 10:11:51.137456,924.0,483.5
2022-11-18 10:11:51.146853,932.0,483.5
2022-11-18 10:11:51.157035,940.0,484.5
2022-11-18 10:11:51.166087,945.0,484.5
2022-11-18 10:11:51.177924,951.0,485.5
2022-11-18 10:11:51.187922,956.0,486.5
2022-11-18 10:11:51.196924,961.0,486.5
2022-11-18 10:11:51.206515,967.0,487.5
2022-11-18 10:11:51.217503,975.0,488.5
2022-11-18 10:11:51.227767,982.0,489.5
2022-11-18 10:11:51.237280,989.0,491.5
2022-11-18 10:11:51.246622,997.0,491.5
2022-11-18 10:11:51.257629,1002.0,492.5
2022-11-18 10:11:51.267757,1010.0,493.5
2022-11-18 10:11:51.276987,1017.0,495.5
2022-11-18 10:11:51.287192,1024.0,495.5
2022-11-18 10:11:51.298202,1030.0,495.5
2022-11-18 10:11:51.308973,1038.0,496.5
2022-11-18 10:11:51.318270,1043.0,496.5
2022-11-18 10:11:51.328271,1047.0,496.5
2022-11-18 10:11:51.338536,1050.0,496.5
2022-11-18 10:11:51.348787,1052.0,496.5
2022-11-18 10:11:51.358787,1055.0,496.5
2022-11-18 10:11:51.368883,1057.0,496.5
2022-11-18 10:11:51.377144,1059.0,496.5
2022-11-18 10:11:51.388268,1061.0,496.5
2022-11-18 10:11:51.398336,1064.0,496.5
2022-11-18 10:11:51.408919,1069.0,496.5
2022-11-18 10:11:51.417238,1073.0,496.5
2022-11-18 10:11:51.428598,1075.0,496.5
2022-11-18 10:11:51.438893,1079.0,496.5
2022-11-18 10:11:51.448695,1082.0,496.5
2022-11-18 10:11:51.457752,1085.0,496.5
2022-11-18 10:11:51.468846,1088.0,496.5
2022-11-18 10:11:51.479114,1091.0,496.5
2022-11-18 10:11:51.508759,1093.0,496.5
2022-11-18 10:11:51.518540,1094.0,496.5
2022-11-18 10:11:51.528011,1096.0,496.5
2022-11-18 10:11:51.538261,1099.0,496.5
2022-11-18 10:11:51.547771,1101.0,496.5
2022-11-18 10:11:51.558772,1103.0,496.5
2022-11-18 10:11:51.578395,1105.0,496.5
2022-11-18 10:11:51.587402,1107.0,496.5
2022-11-18 10:11:51.598472,1108.0,496.5
2022-11-18 10:11:51.608557,1111.0,496.5
2022-11-18 10:11:51.618536,1114.0,496.5
2022-11-18 10:11:51.628249,1117.0,496.5
2022-11-18 10:11:51.640341,1118.0,496.5
2022-11-18 10:11:51.649601,1119.0,496.5
2022-11-18 10:11:51.669502,1120.0,496.5
2022-11-18 10:11:51.769581,1121.0,496.5
2022-11-18 10:11:51.789056,1122.0,497.5
2022-11-18 10:11:51.799421,1122.0,499.5
2022-11-18 10:11:51.810092,1123.0,500.5
2022-11-18 10:11:51.820497,1124.0,501.5
2022-11-18 10:11:51.830826,1125.0,504.5
2022-11-18 10:11:51.840276,1125.0,506.5
2022-11-18 10:11:51.850277,1125.0,507.5
2022-11-18 10:11:51.860061,1126.0,509.5
2022-11-18 10:11:51.870320,1127.0,512.5
2022-11-18 10:11:51.880092,1128.0,513.5
2022-11-18 10:11:51.889562,1128.0,515.5
2022-11-18 10:11:51.899892,1128.0,516.5
2022-11-18 10:11:51.909891,1128.0,519.5
2022-11-18 10:11:51.919925,1128.0,520.5
2022-11-18 10:11:51.929210,1129.0,522.5
2022-11-18 10:11:51.939251,1129.0,524.5
2022-11-18 10:11:51.950124,1129.0,526.5
2022-11-18 10:11:51.960403,1129.0,528.5
2022-11-18 10:11:51.968965,1129.0,530.5
2022-11-18 10:11:51.979778,1129.0,533.5
2022-11-18 10:11:51.990004,1130.0,535.5
2022-11-18 10:11:52.000569,1130.0,539.5
2022-11-18 10:11:52.010178,1131.0,543.5
2022-11-18 10:11:52.020006,1132.0,547.5
2022-11-18 10:11:52.030397,1132.0,550.5
2022-11-18 10:11:52.039951,1132.0,553.5
2022-11-18 10:11:52.050175,1132.0,556.5
2022-11-18 10:11:52.059550,1132.0,561.5
2022-11-18 10:11:52.069319,1132.0,563.5
2022-11-18 10:11:52.080672,1132.0,566.5
2022-11-18 10:11:52.089978,1132.0,569.5
2022-11-18 10:11:52.098978,1132.0,572.5
2022-11-18 10:11:52.109224,1132.0,573.5
2022-11-18 10:11:52.120484,1132.0,575.5
2022-11-18 10:11:52.130890,1132.0,576.5
2022-11-18 10:11:52.139888,1132.0,578.5
2022-11-18 10:11:52.162448,1133.0,580.5
2022-11-18 10:11:52.171438,1133.0,581.5
2022-11-18 10:11:52.181469,1133.0,582.5
2022-11-18 10:11:52.190071,1133.0,583.5
2022-11-18 10:11:52.202032,1133.0,584.5
2022-11-18 10:11:52.210965,1133.0,587.5
2022-11-18 10:11:52.221239,1133.0,588.5
2022-11-18 10:11:52.230601,1133.0,590.5
2022-11-18 10:11:52.240766,1133.0,593.5
2022-11-18 10:11:52.251143,1134.0,595.5
2022-11-18 10:11:52.261146,1134.0,598.5
2022-11-18 10:11:52.270569,1135.0,601.5
2022-11-18 10:11:52.280061,1135.0,603.5
2022-11-18 10:11:52.291943,1135.0,605.5
2022-11-18 10:11:52.300944,1135.0,607.5
2022-11-18 10:11:52.310974,1135.0,610.5
2022-11-18 10:11:52.321267,1135.0,612.5
2022-11-18 10:11:52.332704,1135.0,615.5
2022-11-18 10:11:52.342093,1135.0,618.5
2022-11-18 10:11:52.352490,1135.0,621.5
2022-11-18 10:11:52.361537,1135.0,625.5
2022-11-18 10:11:52.372707,1135.0,628.5
2022-11-18 10:11:52.381960,1135.0,631.5
2022-11-18 10:11:52.392922,1135.0,638.5
2022-11-18 10:11:52.401210,1135.0,643.5
2022-11-18 10:11:52.411530,1135.0,647.5
2022-11-18 10:11:52.422239,1135.0,654.5
2022-11-18 10:11:52.432668,1135.0,659.5
2022-11-18 10:11:52.441087,1137.0,667.5
2022-11-18 10:11:52.451319,1137.0,672.5
2022-11-18 10:11:52.462335,1137.0,678.5
2022-11-18 10:11:52.471930,1137.0,684.5
2022-11-18 10:11:52.481215,1137.0,688.5
2022-11-18 10:11:52.491371,1137.0,693.5
2022-11-18 10:11:52.502678,1137.0,697.5
2022-11-18 10:11:52.511928,1137.0,700.5
2022-11-18 10:11:52.521896,1137.0,704.5
2022-11-18 10:11:52.531429,1137.0,706.5
2022-11-18 10:11:52.542689,1137.0,709.5
2022-11-18 10:11:52.552936,1137.0,712.5
2022-11-18 10:11:52.562936,1137.0,715.5
2022-11-18 10:11:52.571878,1137.0,719.5
2022-11-18 10:11:52.581879,1137.0,722.5
2022-11-18 10:11:52.592624,1137.0,724.5
2022-11-18 10:11:52.601916,1137.0,728.5
2022-11-18 10:11:52.611068,1137.0,731.5
2022-11-18 10:11:52.622070,1137.0,735.5
2022-11-18 10:11:52.632948,1138.0,739.5
2022-11-18 10:11:52.642636,1138.0,742.5
2022-11-18 10:11:52.652680,1139.0,746.5
2022-11-18 10:11:52.662080,1139.0,749.5
2022-11-18 10:11:52.673446,1139.0,751.5
2022-11-18 10:11:52.683862,1139.0,754.5
2022-11-18 10:11:52.693239,1139.0,756.5
2022-11-18 10:11:52.702245,1139.0,758.5
2022-11-18 10:11:52.713774,1139.0,761.5
2022-11-18 10:11:52.723443,1139.0,762.5
2022-11-18 10:11:52.733836,1139.0,765.5
2022-11-18 10:11:52.742449,1140.0,768.5
2022-11-18 10:11:52.753804,1140.0,771.5
2022-11-18 10:11:52.764101,1141.0,774.5
2022-11-18 10:11:52.773100,1141.0,776.5
2022-11-18 10:11:52.782131,1141.0,779.5
2022-11-18 10:11:52.792150,1141.0,782.5
2022-11-18 10:11:52.803485,1141.0,785.5
2022-11-18 10:11:52.813854,1141.0,787.5
2022-11-18 10:11:52.823361,1141.0,790.5
2022-11-18 10:11:52.833424,1141.0,793.5
2022-11-18 10:11:52.844284,1141.0,796.5
2022-11-18 10:11:52.854612,1141.0,800.5
2022-11-18 10:11:52.864057,1141.0,803.5
2022-11-18 10:11:52.873834,1141.0,806.5
2022-11-18 10:11:52.884913,1141.0,810.5
2022-11-18 10:11:52.895347,1141.0,815.5
2022-11-18 10:11:52.905237,1141.0,819.5
2022-11-18 10:11:52.913672,1141.0,824.5
2022-11-18 10:11:52.924600,1141.0,828.5
2022-11-18 10:11:52.934637,1141.0,834.5
2022-11-18 10:11:52.944322,1141.0,839.5
2022-11-18 10:11:52.953675,1141.0,845.5
2022-11-18 10:11:52.963670,1141.0,850.5
2022-11-18 10:11:52.974010,1141.0,855.5
2022-11-18 10:11:52.984665,1141.0,862.5
2022-11-18 10:11:52.993724,1141.0,868.5
2022-11-18 10:11:53.003664,1141.0,873.5
2022-11-18 10:11:53.014226,1141.0,882.5
2022-11-18 10:11:53.025286,1141.0,887.5
2022-11-18 10:11:53.035344,1141.0,893.5
2022-11-18 10:11:53.043656,1141.0,901.5
2022-11-18 10:11:53.053980,1141.0,905.5
2022-11-18 10:11:53.063978,1141.0,911.5
2022-11-18 10:11:53.074581,1141.0,917.5
2022-11-18 10:11:53.084173,1141.0,922.5
2022-11-18 10:11:53.094312,1141.0,926.5
2022-11-18 10:11:53.104685,1141.0,931.5
2022-11-18 10:11:53.114035,1141.0,935.5
2022-11-18 10:11:53.124005,1141.0,940.5
2022-11-18 10:11:53.133015,1141.0,943.5
2022-11-18 10:11:53.144123,1141.0,947.5
2022-11-18 10:11:53.154113,1141.0,951.5
2022-11-18 10:11:53.164258,1141.0,954.5
2022-11-18 10:11:53.174441,1141.0,956.5
2022-11-18 10:11:53.185853,1141.0,959.5
2022-11-18 10:11:53.195853,1141.0,961.5
2022-11-18 10:11:53.204859,1141.0,963.5
2022-11-18 10:11:53.214135,1141.0,965.5
2022-11-18 10:11:53.225145,1141.0,966.5
2022-11-18 10:11:53.235273,1141.0,967.5
2022-11-18 10:11:53.245585,1141.0,968.5
2022-11-18 10:11:53.254994,1141.0,970.5
2022-11-18 10:11:53.265981,1141.0,971.5
2022-11-18 10:11:53.275996,1141.0,972.5
2022-11-18 10:11:53.285960,1141.0,973.5
2022-11-18 10:11:53.294350,1141.0,974.5
2022-11-18 10:11:53.304642,1141.0,975.5
2022-11-18 10:11:53.325089,1141.0,976.5
2022-11-18 10:11:53.345635,1141.0,977.5
2022-11-18 10:11:53.355970,1141.0,978.5
2022-11-18 10:11:53.365987,1141.0,979.5
2022-11-18 10:11:53.376264,1141.0,980.5
2022-11-18 10:11:53.396391,1141.0,982.5
2022-11-18 10:11:53.416754,1141.0,983.5
2022-11-18 10:11:53.425631,1141.0,984.5
2022-11-18 10:11:53.446656,1141.0,985.5
2022-11-18 10:11:53.456326,1141.0,986.5
2022-11-18 10:11:53.486759,1140.0,987.5
2022-11-18 10:11:53.496075,1138.0,989.5
2022-11-18 10:11:53.505279,1137.0,989.5
2022-11-18 10:11:53.516064,1136.0,989.5
2022-11-18 10:11:53.526060,1134.0,991.5
2022-11-18 10:11:53.536062,1132.0,991.5
2022-11-18 10:11:53.547064,1131.0,992.5
2022-11-18 10:11:53.555831,1129.0,993.5
2022-11-18 10:11:53.566737,1127.0,994.5
2022-11-18 10:11:53.576735,1124.0,995.5
2022-11-18 10:11:53.587089,1123.0,995.5
2022-11-18 10:11:53.595365,1122.0,996.5
2022-11-18 10:11:53.606770,1121.0,996.5
2022-11-18 10:11:53.617020,1119.0,997.5
2022-11-18 10:11:53.626018,1118.0,997.5
2022-11-18 10:11:53.635279,1114.0,998.5
2022-11-18 10:11:53.645580,1112.0,999.5
2022-11-18 10:11:53.656073,1110.0,999.5
2022-11-18 10:11:53.666378,1106.0,1001.5
2022-11-18 10:11:53.676940,1105.0,1001.5
2022-11-18 10:11:53.685951,1102.0,1001.5
2022-11-18 10:11:53.697108,1099.0,1001.5
2022-11-18 10:11:53.707110,1097.0,1002.5
2022-11-18 10:11:53.717791,1092.0,1002.5
2022-11-18 10:11:53.726203,1086.0,1004.5
2022-11-18 10:11:53.737373,1082.0,1004.5
2022-11-18 10:11:53.747816,1077.0,1004.5
2022-11-18 10:11:53.757368,1070.0,1004.5
2022-11-18 10:11:53.766366,1065.0,1004.5
2022-11-18 10:11:53.778378,1060.0,1005.5
2022-11-18 10:11:53.786926,1057.0,1006.5
2022-11-18 10:11:53.797118,1055.0,1006.5
2022-11-18 10:11:53.806156,1052.0,1006.5
2022-11-18 10:11:53.816903,1050.0,1006.5
2022-11-18 10:11:53.827902,1048.0,1006.5
2022-11-18 10:11:53.837953,1046.0,1007.5
2022-11-18 10:11:53.847854,1042.0,1008.5
2022-11-18 10:11:53.857421,1040.0,1008.5
2022-11-18 10:11:53.869278,1037.0,1008.5
2022-11-18 10:11:53.878197,1034.0,1008.5
2022-11-18 10:11:53.888622,1030.0,1008.5
2022-11-18 10:11:53.897662,1026.0,1008.5
2022-11-18 10:11:53.909014,1022.0,1009.5
2022-11-18 10:11:53.918870,1018.0,1011.5
2022-11-18 10:11:53.928094,1013.0,1011.5
2022-11-18 10:11:53.937361,1008.0,1011.5
2022-11-18 10:11:53.948149,1005.0,1011.5
2022-11-18 10:11:53.958141,1002.0,1011.5
2022-11-18 10:11:53.968141,999.0,1011.5
2022-11-18 10:11:53.977776,995.0,1012.5
2022-11-18 10:11:53.987544,992.0,1012.5
2022-11-18 10:11:53.998440,988.0,1013.5
2022-11-18 10:11:54.008066,985.0,1013.5
2022-11-18 10:11:54.017395,981.0,1014.5
2022-11-18 10:11:54.027630,980.0,1014.5
2022-11-18 10:11:54.038359,977.0,1015.5
2022-11-18 10:11:54.048539,973.0,1015.5
2022-11-18 10:11:54.058320,969.0,1015.5
2022-11-18 10:11:54.067753,966.0,1016.5
2022-11-18 10:11:54.079144,960.0,1016.5
2022-11-18 10:11:54.088482,956.0,1017.5
2022-11-18 10:11:54.098487,951.0,1018.5
2022-11-18 10:11:54.107757,944.0,1019.5
2022-11-18 10:11:54.118021,938.0,1019.5
2022-11-18 10:11:54.128065,932.0,1019.5
2022-11-18 10:11:54.138762,927.0,1019.5
2022-11-18 10:11:54.147091,919.0,1019.5
2022-11-18 10:11:54.157084,915.0,1019.5
2022-11-18 10:11:54.168394,910.0,1019.5
2022-11-18 10:11:54.178716,905.0,1019.5
2022-11-18 10:11:54.188486,902.0,1019.5
2022-11-18 10:11:54.198824,898.0,1019.5
2022-11-18 10:11:54.209558,893.0,1019.5
2022-11-18 10:11:54.218985,887.0,1019.5
2022-11-18 10:11:54.228986,883.0,1019.5
2022-11-18 10:11:54.238340,878.0,1019.5
2022-11-18 10:11:54.249700,875.0,1019.5
2022-11-18 10:11:54.259211,871.0,1019.5
2022-11-18 10:11:54.269849,868.0,1019.5
2022-11-18 10:11:54.278336,865.0,1019.5
2022-11-18 10:11:54.289518,862.0,1019.5
2022-11-18 10:11:54.298896,858.0,1019.5
2022-11-18 10:11:54.309526,855.0,1019.5
2022-11-18 10:11:54.317959,852.0,1019.5
2022-11-18 10:11:54.328578,849.0,1019.5
2022-11-18 10:11:54.339010,844.0,1018.5
2022-11-18 10:11:54.348943,841.0,1018.5
2022-11-18 10:11:54.359095,835.0,1017.5
2022-11-18 10:11:54.369543,832.0,1017.5
2022-11-18 10:11:54.380524,828.0,1017.5
2022-11-18 10:11:54.390392,824.0,1017.5
2022-11-18 10:11:54.400895,820.0,1015.5
2022-11-18 10:11:54.409406,815.0,1014.5
2022-11-18 10:11:54.420076,813.0,1014.5
2022-11-18 10:11:54.430077,810.0,1014.5
2022-11-18 10:11:54.440418,806.0,1014.5
2022-11-18 10:11:54.449120,803.0,1014.5
2022-11-18 10:11:54.460488,801.0,1014.5
2022-11-18 10:11:54.470767,797.0,1014.5
2022-11-18 10:11:54.480730,793.0,1013.5
2022-11-18 10:11:54.489127,788.0,1013.5
2022-11-18 10:11:54.499129,783.0,1013.5
2022-11-18 10:11:54.510337,778.0,1013.5
2022-11-18 10:11:54.519898,770.0,1013.5
2022-11-18 10:11:54.529423,763.0,1013.5
2022-11-18 10:11:54.539752,758.0,1013.5
2022-11-18 10:11:54.550464,750.0,1013.5
2022-11-18 10:11:54.560399,743.0,1011.5
2022-11-18 10:11:54.570659,735.0,1010.5
2022-11-18 10:11:54.579262,728.0,1010.5
2022-11-18 10:11:54.590121,724.0,1010.5
2022-11-18 10:11:54.600757,719.0,1010.5
2022-11-18 10:11:54.610361,715.0,1009.5
2022-11-18 10:11:54.619634,712.0,1009.5
2022-11-18 10:11:54.630429,710.0,1009.5
2022-11-18 10:11:54.640334,709.0,1009.5
2022-11-18 10:11:54.650631,706.0,1009.5
2022-11-18 10:11:54.659664,704.0,1009.5
2022-11-18 10:11:54.669762,703.0,1009.5
2022-11-18 10:11:54.680626,700.0,1009.5
2022-11-18 10:11:54.690059,697.0,1009.5
2022-11-18 10:11:54.700518,694.0,1009.5
2022-11-18 10:11:54.710136,692.0,1009.5
2022-11-18 10:11:54.721130,688.0,1009.5
2022-11-18 10:11:54.731676,686.0,1009.5
2022-11-18 10:11:54.741697,684.0,1009.5
2022-11-18 10:11:54.750129,682.0,1009.5
2022-11-18 10:11:54.761650,679.0,1009.5
2022-11-18 10:11:54.771674,676.0,1009.5
2022-11-18 10:11:54.781597,673.0,1009.5
2022-11-18 10:11:54.790604,670.0,1009.5
2022-11-18 10:11:54.801772,666.0,1009.5
2022-11-18 10:11:54.811893,665.0,1009.5
2022-11-18 10:11:54.820896,662.0,1008.5
2022-11-18 10:11:54.830926,659.0,1008.5
2022-11-18 10:11:54.840896,654.0,1008.5
2022-11-18 10:11:54.851572,651.0,1008.5
2022-11-18 10:11:54.861078,647.0,1008.5
2022-11-18 10:11:54.872658,644.0,1008.5
2022-11-18 10:11:54.881427,642.0,1008.5
2022-11-18 10:11:54.892469,639.0,1007.5
2022-11-18 10:11:54.902466,635.0,1007.5
2022-11-18 10:11:54.912653,632.0,1007.5
2022-11-18 10:11:54.920924,629.0,1006.5
2022-11-18 10:11:54.933637,626.0,1006.5
2022-11-18 10:11:54.942593,623.0,1006.5
2022-11-18 10:11:54.951932,620.0,1006.5
2022-11-18 10:11:54.961509,616.0,1004.5
2022-11-18 10:11:54.972909,613.0,1004.5
2022-11-18 10:11:54.982200,608.0,1003.5
2022-11-18 10:11:54.992357,604.0,1003.5
2022-11-18 10:11:55.001382,597.0,1002.5
2022-11-18 10:11:55.012002,594.0,1002.5
2022-11-18 10:11:55.131768,591.0,1000.5
2022-11-18 10:11:55.171778,590.0,1000.5
2022-11-18 10:11:55.182740,590.0,999.5
2022-11-18 10:11:55.193705,590.0,997.5
2022-11-18 10:11:55.201907,590.0,995.5
2022-11-18 10:11:55.212148,590.0,992.5
2022-11-18 10:11:55.222149,590.0,989.5
2022-11-18 10:11:55.233237,590.0,984.5
2022-11-18 10:11:55.243241,590.0,981.5
2022-11-18 10:11:55.253549,590.0,977.5
2022-11-18 10:11:55.262356,590.0,970.5
2022-11-18 10:11:55.273148,590.0,968.5
2022-11-18 10:11:55.283179,590.0,965.5
2022-11-18 10:11:55.293188,590.0,961.5
2022-11-18 10:11:55.302430,590.0,957.5
2022-11-18 10:11:55.313829,590.0,954.5
2022-11-18 10:11:55.323722,590.0,950.5
2022-11-18 10:11:55.333452,590.0,947.5
2022-11-18 10:11:55.342458,591.0,944.5
2022-11-18 10:11:55.353543,592.0,941.5
2022-11-18 10:11:55.363785,592.0,938.5
2022-11-18 10:11:55.373780,592.0,936.5
2022-11-18 10:11:55.383278,593.0,932.5
2022-11-18 10:11:55.393626,593.0,927.5
2022-11-18 10:11:55.403892,594.0,926.5
2022-11-18 10:11:55.414201,594.0,923.5
2022-11-18 10:11:55.424921,594.0,919.5
2022-11-18 10:11:55.433164,594.0,917.5
2022-11-18 10:11:55.444163,594.0,915.5
2022-11-18 10:11:55.454174,594.0,913.5
2022-11-18 10:11:55.464833,594.0,912.5
2022-11-18 10:11:55.473797,595.0,910.5
2022-11-18 10:11:55.484086,595.0,909.5
2022-11-18 10:11:55.494367,595.0,908.5
2022-11-18 10:11:55.513705,595.0,906.5
2022-11-18 10:11:55.524688,595.0,904.5
2022-11-18 10:11:55.534677,595.0,903.5
2022-11-18 10:11:55.544782,596.0,901.5
2022-11-18 10:11:55.553068,596.0,900.5
2022-11-18 10:11:55.563447,596.0,898.5
2022-11-18 10:11:55.573938,596.0,897.5
2022-11-18 10:11:55.584255,596.0,894.5
2022-11-18 10:11:55.594316,596.0,893.5
2022-11-18 10:11:55.603313,596.0,889.5
2022-11-18 10:11:55.614634,596.0,888.5
2022-11-18 10:11:55.625116,596.0,885.5
2022-11-18 10:11:55.634440,596.0,881.5
2022-11-18 10:11:55.643185,596.0,876.5
2022-11-18 10:11:55.654625,596.0,872.5
2022-11-18 10:11:55.664744,596.0,867.5
2022-11-18 10:11:55.674598,596.0,861.5
2022-11-18 10:11:55.683644,596.0,854.5
2022-11-18 10:11:55.694648,596.0,849.5
2022-11-18 10:11:55.704449,596.0,843.5
2022-11-18 10:11:55.714786,596.0,836.5
2022-11-18 10:11:55.724591,596.0,829.5
2022-11-18 10:11:55.734425,596.0,822.5
2022-11-18 10:11:55.745487,596.0,816.5
2022-11-18 10:11:55.755766,596.0,811.5
2022-11-18 10:11:55.765764,596.0,803.5
2022-11-18 10:11:55.774215,596.0,796.5
2022-11-18 10:11:55.785749,596.0,790.5
2022-11-18 10:11:55.796583,596.0,783.5
2022-11-18 10:11:55.806780,596.0,776.5
2022-11-18 10:11:55.814632,596.0,771.5
2022-11-18 10:11:55.825581,596.0,765.5
2022-11-18 10:11:55.835259,596.0,759.5
2022-11-18 10:11:55.845481,596.0,755.5
2022-11-18 10:11:55.854088,596.0,749.5
2022-11-18 10:11:55.865105,596.0,745.5
2022-11-18 10:11:55.875316,596.0,741.5
2022-11-18 10:11:55.885284,596.0,737.5
2022-11-18 10:11:55.895576,596.0,732.5
2022-11-18 10:11:55.905666,596.0,727.5
2022-11-18 10:11:55.916751,596.0,723.5
2022-11-18 10:11:55.926515,596.0,720.5
2022-11-18 10:11:55.936159,596.0,716.5
2022-11-18 10:11:55.945842,596.0,712.5
2022-11-18 10:11:55.956844,596.0,708.5
2022-11-18 10:11:55.966192,596.0,705.5
2022-11-18 10:11:55.976680,596.0,702.5
2022-11-18 10:11:55.985747,596.0,695.5
2022-11-18 10:11:55.996797,596.0,692.5
2022-11-18 10:11:56.006796,596.0,687.5
2022-11-18 10:11:56.016061,596.0,682.5
2022-11-18 10:11:56.026096,596.0,677.5
2022-11-18 10:11:56.036365,596.0,673.5
2022-11-18 10:11:56.046817,596.0,669.5
2022-11-18 10:11:56.056884,596.0,665.5
2022-11-18 10:11:56.065310,596.0,659.5
2022-11-18 10:11:56.075305,596.0,656.5
2022-11-18 10:11:56.086800,596.0,652.5
2022-11-18 10:11:56.095817,596.0,648.5
2022-11-18 10:11:56.106021,596.0,644.5
2022-11-18 10:11:56.116163,596.0,641.5
2022-11-18 10:11:56.126107,596.0,637.5
2022-11-18 10:11:56.136249,596.0,634.5
2022-11-18 10:11:56.146255,596.0,631.5
2022-11-18 10:11:56.155332,596.0,627.5
2022-11-18 10:11:56.166684,596.0,624.5
2022-11-18 10:11:56.176698,596.0,620.5
2022-11-18 10:11:56.186754,596.0,617.5
2022-11-18 10:11:56.195867,596.0,613.5
2022-11-18 10:11:56.206029,596.0,611.5
2022-11-18 10:11:56.216058,596.0,609.5
2022-11-18 10:11:56.226906,596.0,605.5
2022-11-18 10:11:56.236091,596.0,602.5
2022-11-18 10:11:56.247093,596.0,599.5
2022-11-18 10:11:56.257363,596.0,596.5
2022-11-18 10:11:56.267122,596.0,595.5
2022-11-18 10:11:56.277092,596.0,592.5
2022-11-18 10:11:56.286947,596.0,588.5
2022-11-18 10:11:56.297395,596.0,586.5
2022-11-18 10:11:56.307428,596.0,584.5
2022-11-18 10:11:56.317456,596.0,581.5
2022-11-18 10:11:56.326801,596.0,578.5
2022-11-18 10:11:56.337116,596.0,576.5
2022-11-18 10:11:56.347116,596.0,573.5
2022-11-18 10:11:56.357762,596.0,571.5
2022-11-18 10:11:56.366128,596.0,567.5
2022-11-18 10:11:56.378099,596.0,565.5
2022-11-18 10:11:56.387768,596.0,562.5
2022-11-18 10:11:56.397413,596.0,559.5
2022-11-18 10:11:56.407463,596.0,554.5
2022-11-18 10:11:56.417843,596.0,552.5
2022-11-18 10:11:56.428342,596.0,549.5
2022-11-18 10:11:56.438996,596.0,546.5
2022-11-18 10:11:56.448798,596.0,544.5
2022-11-18 10:11:56.457052,596.0,540.5
2022-11-18 10:11:56.468075,596.0,538.5
2022-11-18 10:11:56.478074,596.0,536.5
2022-11-18 10:11:56.488811,596.0,532.5
2022-11-18 10:11:56.498814,595.0,529.5
2022-11-18 10:11:56.508860,595.0,525.5
2022-11-18 10:11:56.518903,594.0,523.5
2022-11-18 10:11:56.527978,593.0,518.5
2022-11-18 10:11:56.537979,592.0,515.5
2022-11-18 10:11:56.548335,592.0,512.5
2022-11-18 10:11:56.558728,592.0,509.5
2022-11-18 10:11:56.568756,592.0,506.5
2022-11-18 10:11:56.577890,591.0,505.5
2022-11-18 10:11:56.587072,591.0,502.5
2022-11-18 10:11:56.598199,591.0,500.5
2022-11-18 10:11:56.608203,590.0,497.5
2022-11-18 10:11:56.618742,589.0,496.5
2022-11-18 10:11:56.627396,589.0,493.5
2022-11-18 10:11:56.638436,589.0,491.5
2022-11-18 10:11:56.648967,589.0,490.5
2022-11-18 10:11:56.658329,589.0,489.5
2022-11-18 10:11:56.667366,588.0,488.5
2022-11-18 10:11:56.678604,588.0,487.5
2022-11-18 10:11:56.699428,587.0,486.5
2022-11-18 10:11:56.728715,587.0,485.5
2022-11-18 10:11:56.749030,586.0,484.5
2022-11-18 10:11:56.770042,585.0,483.5
2022-11-18 10:11:56.798336,585.0,482.5
2022-11-18 10:11:56.809135,584.0,482.5
2022-11-18 10:11:56.829131,583.0,482.5
2022-11-18 10:11:56.838958,582.0,482.5
2022-11-18 10:11:56.849455,581.0,482.5
2022-11-18 10:11:56.869034,580.0,482.5
2022-11-18 10:11:56.889774,578.0,481.5
2022-11-18 10:11:56.898773,575.0,481.5
2022-11-18 10:11:56.909633,571.0,480.5
2022-11-18 10:11:56.920020,567.0,480.5
2022-11-18 10:11:56.929017,563.0,479.5
2022-11-18 10:11:56.940283,556.0,479.5
2022-11-18 10:11:56.950762,553.0,479.5
2022-11-18 10:11:56.960859,550.0,479.5
2022-11-18 10:11:56.969685,546.0,478.5
2022-11-18 10:11:56.980082,544.0,478.5
2022-11-18 10:11:56.990072,541.0,478.5
2022-11-18 10:11:57.000185,538.0,478.5
2022-11-18 10:11:57.009683,535.0,478.5
2022-11-18 10:11:57.020463,531.0,477.5
2022-11-18 10:11:57.030466,528.0,477.5
2022-11-18 10:11:57.040750,526.0,476.5
2022-11-18 10:11:57.050092,522.0,476.5
2022-11-18 10:11:57.060151,520.0,476.5
2022-11-18 10:11:57.070033,518.0,476.5
2022-11-18 10:11:57.080350,514.0,475.5
2022-11-18 10:11:57.088978,512.0,475.5
2022-11-18 10:11:57.100223,510.0,475.5
2022-11-18 10:11:57.110843,507.0,474.5
2022-11-18 10:11:57.119866,505.0,474.5
2022-11-18 10:11:57.129917,503.0,474.5
2022-11-18 10:11:57.139057,499.0,473.5
2022-11-18 10:11:57.151059,495.0,473.5
2022-11-18 10:11:57.160093,492.0,473.5
2022-11-18 10:11:57.170618,486.0,473.5
2022-11-18 10:11:57.179276,479.0,473.5
2022-11-18 10:11:57.190708,473.0,473.5
2022-11-18 10:11:57.200122,466.0,473.5
2022-11-18 10:11:57.210328,458.0,473.5
2022-11-18 10:11:57.219071,450.0,473.5
2022-11-18 10:11:57.230361,443.0,473.5
2022-11-18 10:11:57.240610,434.0,473.5
2022-11-18 10:11:57.250984,427.0,473.5
2022-11-18 10:11:57.259982,421.0,473.5
2022-11-18 10:11:57.271001,415.0,473.5
2022-11-18 10:11:57.281052,410.0,473.5
2022-11-18 10:11:57.291146,406.0,473.5
2022-11-18 10:11:57.301402,400.0,473.5
2022-11-18 10:11:57.310288,396.0,473.5
2022-11-18 10:11:57.321687,392.0,473.5
2022-11-18 10:11:57.331694,388.0,473.5
2022-11-18 10:11:57.342003,384.0,473.5
2022-11-18 10:11:57.350003,380.0,473.5
2022-11-18 10:11:57.361408,377.0,473.5
2022-11-18 10:11:57.371832,374.0,473.5
2022-11-18 10:11:57.381798,370.0,473.5
2022-11-18 10:11:57.390308,367.0,473.5
2022-11-18 10:11:57.401615,364.0,473.5
2022-11-18 10:11:57.411895,360.0,473.5
2022-11-18 10:11:57.421410,357.0,473.5
2022-11-18 10:11:57.431774,353.0,473.5
2022-11-18 10:11:57.442753,348.0,473.5
2022-11-18 10:11:57.452138,344.0,473.5
2022-11-18 10:11:57.461969,340.0,473.5
2022-11-18 10:11:57.472491,336.0,473.5
2022-11-18 10:11:57.481949,332.0,473.5
2022-11-18 10:11:57.492280,329.0,473.5
2022-11-18 10:11:57.502150,326.0,473.5
2022-11-18 10:11:57.512392,321.0,473.5
2022-11-18 10:11:57.521895,317.0,473.5
2022-11-18 10:11:57.532189,314.0,473.5
2022-11-18 10:11:57.542436,309.0,473.5
2022-11-18 10:11:57.552036,305.0,473.5
2022-11-18 10:11:57.561357,301.0,473.5
2022-11-18 10:11:57.572721,296.0,473.5
2022-11-18 10:11:57.582745,291.0,473.5
2022-11-18 10:11:57.592190,286.0,473.5
2022-11-18 10:11:57.601219,281.0,473.5
2022-11-18 10:11:57.611140,277.0,473.5
2022-11-18 10:11:57.622589,272.0,473.5
2022-11-18 10:11:57.632677,268.0,473.5
2022-11-18 10:11:57.642456,265.0,473.5
2022-11-18 10:11:57.651120,261.0,473.5
2022-11-18 10:11:57.662161,258.0,473.5
2022-11-18 10:11:57.672323,252.0,473.5
2022-11-18 10:11:57.682894,247.0,473.5
2022-11-18 10:11:57.691166,243.0,473.5
2022-11-18 10:11:57.702406,239.0,473.5
2022-11-18 10:11:57.712784,233.0,473.5
2022-11-18 10:11:57.722062,229.0,473.5
2022-11-18 10:11:57.731065,224.0,473.5
2022-11-18 10:11:57.743056,220.0,473.5
2022-11-18 10:11:57.752082,217.0,473.5
2022-11-18 10:11:57.762294,214.0,473.5
2022-11-18 10:11:57.771983,208.0,473.5
2022-11-18 10:11:57.783367,204.0,473.5
2022-11-18 10:11:57.793620,200.0,473.5
2022-11-18 10:11:57.804109,193.0,473.5
2022-11-18 10:11:57.813842,188.0,473.5
2022-11-18 10:11:57.822587,184.0,473.5
2022-11-18 10:11:57.833980,180.0,473.5
2022-11-18 10:11:57.843646,177.0,473.5
2022-11-18 10:11:57.853642,174.0,473.5
2022-11-18 10:11:57.862663,170.0,473.5
2022-11-18 10:11:57.873235,168.0,473.5
2022-11-18 10:11:57.883229,166.0,473.5
2022-11-18 10:11:57.893771,163.0,473.5
2022-11-18 10:11:57.902139,161.0,473.5
2022-11-18 10:11:57.913521,159.0,473.5
2022-11-18 10:11:57.923763,156.0,473.5
2022-11-18 10:11:57.933411,153.0,473.5
2022-11-18 10:11:57.943746,150.0,473.5
2022-11-18 10:11:57.954746,147.0,473.5
2022-11-18 10:11:57.964481,144.0,473.5
2022-11-18 10:11:57.974176,141.0,473.5
2022-11-18 10:11:57.984715,138.0,473.5
2022-11-18 10:11:57.993713,136.0,473.5
2022-11-18 10:11:58.004475,134.0,473.5
2022-11-18 10:11:58.014439,131.0,473.5
2022-11-18 10:11:58.023948,128.0,473.5
2022-11-18 10:11:58.033257,125.0,473.5
2022-11-18 10:11:58.044052,122.0,472.5
2022-11-18 10:11:58.054218,118.0,472.5
2022-11-18 10:11:58.064589,114.0,472.5
2022-11-18 10:11:58.073490,110.0,472.5
2022-11-18 10:11:58.084560,106.0,472.5
2022-11-18 10:11:58.095108,101.0,472.5
2022-11-18 10:11:58.104626,97.0,472.5
2022-11-18 10:11:58.113613,92.0,472.5
2022-11-18 10:11:58.123980,88.0,471.5
2022-11-18 10:11:58.134745,85.0,471.5
2022-11-18 10:11:58.143999,81.0,470.5
2022-11-18 10:11:58.154649,79.0,470.5
2022-11-18 10:11:58.162977,76.0,469.5
2022-11-18 10:11:58.174091,74.0,469.5
2022-11-18 10:11:58.184251,73.0,469.5
2022-11-18 10:11:58.194612,70.0,469.5
2022-11-18 10:11:58.203877,69.0,468.5
2022-11-18 10:11:58.214197,68.0,468.5
2022-11-18 10:11:58.224834,67.0,468.5
2022-11-18 10:11:58.235056,65.0,468.5
2022-11-18 10:11:58.243090,62.0,468.5
2022-11-18 10:11:58.254244,58.0,468.5
2022-11-18 10:11:58.264596,57.0,468.5
2022-11-18 10:11:58.315905,55.0,467.5
2022-11-18 10:11:58.325238,54.0,467.5
2022-11-18 10:11:58.365716,53.0,467.5
2022-11-18 10:11:58.425439,53.0,466.5
2022-11-18 10:11:58.435708,52.0,466.5
2022-11-18 10:11:58.455195,52.0,465.5
2022-11-18 10:11:58.466491,51.0,464.5
2022-11-18 10:11:58.476240,50.0,462.5
2022-11-18 10:11:58.486510,50.0,461.5
2022-11-18 10:11:58.496539,50.0,460.5
2022-11-18 10:11:58.506690,49.0,459.5
2022-11-18 10:11:58.515955,48.0,457.5
2022-11-18 10:11:58.526537,48.0,456.5
2022-11-18 10:11:58.536657,48.0,455.5
2022-11-18 10:11:58.545806,48.0,454.5
2022-11-18 10:11:58.556123,48.0,453.5
2022-11-18 10:11:58.576114,47.0,450.5
2022-11-18 10:11:58.585355,47.0,448.5
2022-11-18 10:11:58.596468,47.0,446.5
2022-11-18 10:11:58.606022,47.0,444.5
2022-11-18 10:11:58.616306,47.0,442.5
2022-11-18 10:11:58.625748,47.0,440.5
2022-11-18 10:11:58.636868,47.0,439.5
2022-11-18 10:11:58.646073,47.0,437.5
2022-11-18 10:11:58.656800,47.0,435.5
2022-11-18 10:11:58.666604,47.0,433.5
2022-11-18 10:11:58.675725,47.0,430.5
2022-11-18 10:11:58.686211,47.0,428.5
2022-11-18 10:11:58.696946,47.0,426.5
2022-11-18 10:11:58.705925,47.0,424.5
2022-11-18 10:11:58.715177,47.0,422.5
2022-11-18 10:11:58.726214,47.0,418.5
2022-11-18 10:11:58.736781,47.0,415.5
2022-11-18 10:11:58.746163,47.0,412.5
2022-11-18 10:11:58.755342,47.0,409.5
2022-11-18 10:11:58.766812,47.0,405.5
2022-11-18 10:11:58.776182,47.0,402.5
2022-11-18 10:11:58.786628,47.0,399.5
2022-11-18 10:11:58.796507,47.0,394.5
2022-11-18 10:11:58.807650,47.0,391.5
2022-11-18 10:11:58.817724,47.0,386.5
2022-11-18 10:11:58.828043,47.0,381.5
2022-11-18 10:11:58.837430,47.0,378.5
2022-11-18 10:11:58.846689,47.0,374.5
2022-11-18 10:11:58.857688,47.0,370.5
2022-11-18 10:11:58.867819,47.0,366.5
2022-11-18 10:11:58.877141,47.0,361.5
2022-11-18 10:11:58.886273,47.0,356.5
2022-11-18 10:11:58.897225,47.0,353.5
2022-11-18 10:11:58.907542,47.0,349.5
2022-11-18 10:11:58.917549,47.0,342.5
2022-11-18 10:11:58.926144,47.0,338.5
2022-11-18 10:11:58.937462,47.0,334.5
2022-11-18 10:11:58.947471,47.0,329.5
2022-11-18 10:11:58.956798,47.0,324.5
2022-11-18 10:11:58.967096,47.0,319.5
2022-11-18 10:11:58.978553,47.0,315.5
2022-11-18 10:11:58.988675,47.0,309.5
2022-11-18 10:11:58.999080,47.0,303.5
2022-11-18 10:11:59.008865,47.0,300.5
2022-11-18 10:11:59.017835,47.0,296.5
2022-11-18 10:11:59.028060,47.0,291.5
2022-11-18 10:11:59.038307,47.0,287.5
2022-11-18 10:11:59.048346,47.0,283.5
2022-11-18 10:11:59.057690,47.0,278.5
2022-11-18 10:11:59.068254,47.0,274.5
2022-11-18 10:11:59.078564,47.0,269.5
2022-11-18 10:11:59.088093,47.0,264.5
2022-11-18 10:11:59.097450,47.0,260.5
2022-11-18 10:11:59.108441,47.0,257.5
2022-11-18 10:11:59.118728,47.0,252.5
2022-11-18 10:11:59.128418,47.0,246.5
2022-11-18 10:11:59.137574,47.0,242.5
2022-11-18 10:11:59.148657,47.0,238.5
2022-11-18 10:11:59.158701,47.0,233.5
2022-11-18 10:11:59.168206,47.0,227.5
2022-11-18 10:11:59.178227,47.0,224.5
2022-11-18 10:11:59.187496,47.0,220.5
2022-11-18 10:11:59.198278,47.0,217.5
2022-11-18 10:11:59.208087,47.0,213.5
2022-11-18 10:11:59.218677,47.0,209.5
2022-11-18 10:11:59.228042,47.0,206.5
2022-11-18 10:11:59.238043,47.0,202.5
2022-11-18 10:11:59.248288,47.0,197.5
2022-11-18 10:11:59.258587,47.0,194.5
2022-11-18 10:11:59.267447,47.0,190.5
2022-11-18 10:11:59.278453,47.0,187.5
2022-11-18 10:11:59.287893,47.0,183.5
2022-11-18 10:11:59.298155,47.0,179.5
2022-11-18 10:11:59.308153,47.0,175.5
2022-11-18 10:11:59.319349,47.0,171.5
2022-11-18 10:11:59.329669,47.0,164.5
2022-11-18 10:11:59.339515,47.0,159.5
2022-11-18 10:11:59.349833,47.0,155.5
2022-11-18 10:11:59.358610,47.0,149.5
2022-11-18 10:11:59.369040,47.0,145.5
2022-11-18 10:11:59.379289,47.0,138.5
2022-11-18 10:11:59.389768,47.0,134.5
2022-11-18 10:11:59.398665,47.0,130.5
2022-11-18 10:11:59.408998,47.0,123.5
2022-11-18 10:11:59.419304,47.0,118.5
2022-11-18 10:11:59.429132,47.0,113.5
2022-11-18 10:11:59.438126,47.0,107.5
2022-11-18 10:11:59.449468,47.0,103.5
2022-11-18 10:11:59.459837,47.0,98.5
2022-11-18 10:11:59.469832,47.0,93.5
2022-11-18 10:11:59.479066,47.0,89.5
2022-11-18 10:11:59.490395,47.0,84.5
2022-11-18 10:11:59.500097,47.0,81.5
2022-11-18 10:11:59.510103,47.0,77.5
2022-11-18 10:11:59.520795,47.0,73.5
2022-11-18 10:11:59.530785,47.0,69.5
2022-11-18 10:11:59.540098,47.0,67.5
2022-11-18 10:11:59.550751,47.0,64.5
2022-11-18 10:11:59.560611,47.0,61.5
2022-11-18 10:11:59.569503,47.0,59.5
2022-11-18 10:11:59.580286,47.0,58.5
2022-11-18 10:11:59.590693,47.0,57.5
2022-11-18 10:11:59.600280,47.0,56.5
2022-11-18 10:11:59.630033,47.0,55.5
2022-11-18 10:11:59.650112,47.0,54.5
2022-11-18 10:11:59.700847,47.0,53.5
2022-11-18 10:11:59.730091,47.0,52.5
2022-11-18 10:11:59.760857,47.0,51.5
2022-11-18 10:11:59.770214,48.0,50.5
2022-11-18 10:11:59.779554,49.0,50.5
2022-11-18 10:11:59.800121,51.0,49.5
2022-11-18 10:11:59.820446,52.0,48.5
2022-11-18 10:11:59.831179,53.0,48.5
2022-11-18 10:11:59.841333,54.0,48.5
2022-11-18 10:11:59.851365,56.0,47.5
2022-11-18 10:11:59.861634,57.0,47.5
2022-11-18 10:11:59.871014,60.0,47.5
2022-11-18 10:11:59.881580,61.0,47.5
2022-11-18 10:11:59.891255,66.0,46.5
2022-11-18 10:11:59.901691,70.0,46.5
2022-11-18 10:11:59.909964,74.0,46.5
2022-11-18 10:11:59.920964,77.0,46.5
2022-11-18 10:11:59.930817,80.0,45.5
2022-11-18 10:11:59.949982,81.0,45.5
2022-11-18 10:11:59.960866,82.0,45.5
2022-11-18 10:11:59.971063,83.0,45.5
2022-11-18 10:11:59.982065,84.0,45.5
2022-11-18 10:11:59.991807,88.0,45.5
2022-11-18 10:12:00.002067,94.0,45.5
2022-11-18 10:12:00.012066,101.0,45.5
2022-11-18 10:12:00.021960,110.0,45.5
2022-11-18 10:12:00.032895,118.0,45.5
2022-11-18 10:12:00.042398,126.0,45.5
2022-11-18 10:12:00.052655,132.0,45.5
2022-11-18 10:12:00.062039,139.0,45.5
2022-11-18 10:12:00.071907,146.0,45.5
2022-11-18 10:12:00.081902,152.0,45.5
2022-11-18 10:12:00.092523,158.0,45.5
2022-11-18 10:12:00.101959,163.0,45.5
2022-11-18 10:12:00.112507,168.0,45.5
2022-11-18 10:12:00.121185,174.0,45.5
2022-11-18 10:12:00.132444,179.0,45.5
2022-11-18 10:12:00.142494,187.0,45.5
2022-11-18 10:12:00.153958,191.0,45.5
2022-11-18 10:12:00.161951,194.0,45.5
2022-11-18 10:12:00.175226,197.0,45.5
2022-11-18 10:12:00.183314,199.0,45.5
2022-11-18 10:12:00.192494,200.0,45.5
2022-11-18 10:12:00.202101,202.0,45.5
2022-11-18 10:12:00.212684,204.0,45.5
2022-11-18 10:12:00.222024,208.0,45.5
2022-11-18 10:12:00.232183,213.0,45.5
2022-11-18 10:12:00.242698,217.0,45.5
2022-11-18 10:12:00.250967,224.0,45.5
2022-11-18 10:12:00.262226,229.0,45.5
2022-11-18 10:12:00.272768,236.0,45.5
2022-11-18 10:12:00.282079,245.0,45.5
2022-11-18 10:12:00.291432,253.0,45.5
2022-11-18 10:12:00.302127,261.0,45.5
2022-11-18 10:12:00.312576,268.0,45.5
2022-11-18 10:12:00.321933,274.0,45.5
2022-11-18 10:12:00.331968,278.0,45.5
2022-11-18 10:12:00.343813,282.0,45.5
2022-11-18 10:12:00.354539,288.0,45.5
2022-11-18 10:12:00.364530,293.0,45.5
2022-11-18 10:12:00.374564,300.0,45.5
2022-11-18 10:12:00.383566,307.0,45.5
2022-11-18 10:12:00.393426,313.0,45.5
2022-11-18 10:12:00.403717,321.0,45.5
2022-11-18 10:12:00.414779,327.0,45.5
2022-11-18 10:12:00.422016,332.0,45.5
2022-11-18 10:12:00.432883,336.0,45.5
2022-11-18 10:12:00.443294,340.0,45.5
2022-11-18 10:12:00.453140,349.0,45.5
2022-11-18 10:12:00.462169,356.0,45.5
2022-11-18 10:12:00.473701,364.0,45.5
2022-11-18 10:12:00.483310,371.0,45.5
2022-11-18 10:12:00.493315,378.0,45.5
2022-11-18 10:12:00.503564,385.0,45.5
2022-11-18 10:12:00.514397,389.0,45.5
2022-11-18 10:12:00.524155,396.0,45.5
2022-11-18 10:12:00.535101,400.0,45.5
2022-11-18 10:12:00.544494,407.0,45.5
2022-11-18 10:12:00.554300,413.0,45.5
2022-11-18 10:12:00.564302,419.0,45.5
2022-11-18 10:12:00.574697,427.0,45.5
2022-11-18 10:12:00.584698,434.0,45.5
2022-11-18 10:12:00.593633,442.0,45.5
2022-11-18 10:12:00.604412,448.0,45.5
2022-11-18 10:12:00.614467,457.0,45.5
2022-11-18 10:12:00.624491,462.0,45.5
2022-11-18 10:12:00.633666,470.0,45.5
2022-11-18 10:12:00.644415,476.0,45.5
2022-11-18 10:12:00.654169,483.0,45.5
2022-11-18 10:12:00.665109,491.0,45.5
2022-11-18 10:12:00.673661,499.0,45.5
2022-11-18 10:12:00.684657,506.0,45.5
2022-11-18 10:12:00.693922,511.0,45.5
2022-11-18 10:12:00.704804,517.0,45.5
2022-11-18 10:12:00.714749,520.0,45.5
2022-11-18 10:12:00.724699,523.0,45.5
2022-11-18 10:12:00.734367,526.0,45.5
2022-11-18 10:12:00.744109,533.0,45.5
2022-11-18 10:12:00.754496,545.0,45.5
2022-11-18 10:12:00.763700,555.0,45.5
2022-11-18 10:12:00.774404,564.0,45.5
2022-11-18 10:12:00.784603,574.0,45.5
2022-11-18 10:12:00.793957,581.0,45.5
2022-11-18 10:12:00.803320,590.0,45.5
2022-11-18 10:12:00.814268,598.0,45.5
2022-11-18 10:12:00.824397,598.0,45.5
2022-11-18 10:12:00.834710,598.0,45.5
2022-11-18 10:12:00.844710,598.0,45.5
2022-11-18 10:12:00.865133,598.0,45.5
2022-11-18 10:12:00.875132,598.0,45.5
2022-11-18 10:12:00.885316,598.0,45.5
2022-11-18 10:12:00.895028,598.0,45.5
2022-11-18 10:12:00.905038,598.0,45.5
2022-11-18 10:12:00.915028,598.0,45.5
2022-11-18 10:12:00.925287,598.0,45.5
2022-11-18 10:12:00.934235,598.0,45.5
2022-11-18 10:12:01.035951,598.0,45.5
2022-11-18 10:12:01.046065,598.0,45.5
