2022-11-18 10:18:24.363192,11,1800.0,900.0
2022-11-18 10:18:24.373242,11,1799.0,900.0
2022-11-18 10:18:24.385170,11,1796.0,900.0
2022-11-18 10:18:24.393175,11,1792.0,900.0
2022-11-18 10:18:24.403136,11,1787.0,900.0
2022-11-18 10:18:24.413136,11,1778.0,900.0
2022-11-18 10:18:24.424582,11,1767.0,900.0
2022-11-18 10:18:24.433338,11,1752.0,895.0
2022-11-18 10:18:24.443338,11,1738.0,893.0
2022-11-18 10:18:24.453063,11,1719.0,888.0
2022-11-18 10:18:24.464570,11,1699.0,883.0
2022-11-18 10:18:24.473538,11,1677.0,881.0
2022-11-18 10:18:24.483826,11,1662.0,877.0
2022-11-18 10:18:24.493355,11,1641.0,875.0
2022-11-18 10:18:24.504513,11,1622.0,871.0
2022-11-18 10:18:24.515090,11,1600.0,869.0
2022-11-18 10:18:24.525182,11,1585.0,866.0
2022-11-18 10:18:24.534179,11,1568.0,863.0
2022-11-18 10:18:24.544186,11,1555.0,859.0
2022-11-18 10:18:24.555195,11,1540.0,855.0
2022-11-18 10:18:24.564193,11,1524.0,851.0
2022-11-18 10:18:24.574186,11,1514.0,849.0
2022-11-18 10:18:24.584872,11,1501.0,846.0
2022-11-18 10:18:24.595059,11,1492.0,843.0
2022-11-18 10:18:24.604050,11,1479.0,840.0
2022-11-18 10:18:24.614059,11,1472.0,840.0
2022-11-18 10:18:24.624067,11,1463.0,840.0
2022-11-18 10:18:24.634949,11,1454.0,837.0
2022-11-18 10:18:24.643961,11,1445.0,837.0
2022-11-18 10:18:24.654684,11,1435.0,836.0
2022-11-18 10:18:24.664711,11,1426.0,835.0
2022-11-18 10:18:24.675684,11,1413.0,832.0
2022-11-18 10:18:24.684685,11,1403.0,832.0
2022-11-18 10:18:24.694436,11,1393.0,830.0
2022-11-18 10:18:24.704210,11,1382.0,828.0
2022-11-18 10:18:24.714945,11,1373.0,827.0
2022-11-18 10:18:24.725942,11,1364.0,826.0
2022-11-18 10:18:24.734710,11,1354.0,823.0
2022-11-18 10:18:24.744951,11,1347.0,821.0
2022-11-18 10:18:24.754775,11,1339.0,818.0
2022-11-18 10:18:24.765755,11,1331.0,815.0
2022-11-18 10:18:24.774806,11,1325.0,813.0
2022-11-18 10:18:24.784629,11,1319.0,811.0
2022-11-18 10:18:24.794772,11,1312.0,806.0
2022-11-18 10:18:24.805677,11,1307.0,803.0
2022-11-18 10:18:24.814607,11,1298.0,797.0
2022-11-18 10:18:24.825194,11,1291.0,792.0
2022-11-18 10:18:24.834421,11,1279.0,784.0
2022-11-18 10:18:24.845773,11,1271.0,778.0
2022-11-18 10:18:24.855998,11,1263.0,774.0
2022-11-18 10:18:24.864997,11,1254.0,769.0
2022-11-18 10:18:24.875895,11,1246.0,763.0
2022-11-18 10:18:24.886445,11,1239.0,757.0
2022-11-18 10:18:24.896436,11,1232.0,751.0
2022-11-18 10:18:24.904993,11,1225.0,744.0
2022-11-18 10:18:24.915000,11,1219.0,738.0
2022-11-18 10:18:24.925209,11,1214.0,733.0
2022-11-18 10:18:24.936364,11,1206.0,725.0
2022-11-18 10:18:24.945364,11,1201.0,718.0
2022-11-18 10:18:24.955371,11,1196.0,711.0
2022-11-18 10:18:24.964978,11,1191.0,703.0
2022-11-18 10:18:24.975987,11,1185.0,695.0
2022-11-18 10:18:24.984987,11,1179.0,687.0
2022-11-18 10:18:24.995659,11,1175.0,681.0
2022-11-18 10:18:25.005200,11,1169.0,673.0
2022-11-18 10:18:25.016460,11,1164.0,667.0
2022-11-18 10:18:25.026098,11,1161.0,661.0
2022-11-18 10:18:25.036791,11,1157.0,656.0
2022-11-18 10:18:25.047506,11,1152.0,648.0
2022-11-18 10:18:25.057566,11,1148.0,642.0
2022-11-18 10:18:25.068413,11,1142.0,638.0
2022-11-18 10:18:25.076823,11,1138.0,633.0
2022-11-18 10:18:25.086682,11,1135.0,629.0
2022-11-18 10:18:25.096091,11,1130.0,623.0
2022-11-18 10:18:25.107321,11,1125.0,618.0
2022-11-18 10:18:25.116068,11,1121.0,614.0
2022-11-18 10:18:25.126326,11,1117.0,610.0
2022-11-18 10:18:25.136326,11,1112.0,606.0
2022-11-18 10:18:25.147445,11,1107.0,601.0
2022-11-18 10:18:25.156476,11,1102.0,597.0
2022-11-18 10:18:25.166443,11,1095.0,591.0
2022-11-18 10:18:25.176049,11,1089.0,586.0
2022-11-18 10:18:25.187056,11,1082.0,581.0
2022-11-18 10:18:25.196049,11,1073.0,574.0
2022-11-18 10:18:25.206050,11,1066.0,569.0
2022-11-18 10:18:25.217052,11,1059.0,565.0
2022-11-18 10:18:25.227138,11,1055.0,561.0
2022-11-18 10:18:25.237414,11,1051.0,559.0
2022-11-18 10:18:25.246666,11,1048.0,557.0
2022-11-18 10:18:25.256670,11,1047.0,556.0
2022-11-18 10:18:25.266022,11,1046.0,554.0
2022-11-18 10:18:25.277022,11,1045.0,554.0
2022-11-18 10:18:25.286446,11,1044.0,554.0
2022-11-18 10:18:25.296180,11,1043.0,554.0
2022-11-18 10:18:25.306456,11,1041.0,553.0
2022-11-18 10:18:25.317706,11,1040.0,553.0
2022-11-18 10:18:25.326410,11,1037.0,553.0
2022-11-18 10:18:25.336151,11,1033.0,551.0
2022-11-18 10:18:25.346439,11,1027.0,551.0
2022-11-18 10:18:25.357163,11,1022.0,551.0
2022-11-18 10:18:25.367161,11,1015.0,551.0
2022-11-18 10:18:25.377172,11,1010.0,551.0
2022-11-18 10:18:25.387518,11,1007.0,551.0
2022-11-18 10:18:25.398031,11,1001.0,551.0
2022-11-18 10:18:25.408190,11,996.0,551.0
2022-11-18 10:18:25.417193,11,989.0,551.0
2022-11-18 10:18:25.427202,11,983.0,551.0
2022-11-18 10:18:25.438024,11,977.0,553.0
2022-11-18 10:18:25.448856,11,972.0,555.0
2022-11-18 10:18:25.457221,11,967.0,556.0
2022-11-18 10:18:25.467220,11,964.0,556.0
2022-11-18 10:18:25.477452,11,959.0,560.0
2022-11-18 10:18:25.489035,11,957.0,560.0
2022-11-18 10:18:25.497069,11,955.0,560.0
2022-11-18 10:18:25.507740,11,952.0,562.0
2022-11-18 10:18:25.517512,11,950.0,563.0
2022-11-18 10:18:25.528515,11,948.0,563.0
2022-11-18 10:18:25.538688,11,944.0,565.0
2022-11-18 10:18:25.548460,11,941.0,565.0
2022-11-18 10:18:25.558514,11,938.0,566.0
2022-11-18 10:18:25.569695,11,933.0,569.0
2022-11-18 10:18:25.579262,11,932.0,570.0
2022-11-18 10:18:25.588635,11,928.0,573.0
2022-11-18 10:18:25.598390,11,924.0,574.0
2022-11-18 10:18:25.609298,11,917.0,578.0
2022-11-18 10:18:25.619480,11,911.0,581.0
2022-11-18 10:18:25.628484,11,906.0,585.0
2022-11-18 10:18:25.638749,11,900.0,589.0
2022-11-18 10:18:25.648965,11,894.0,594.0
2022-11-18 10:18:25.659127,11,886.0,598.0
2022-11-18 10:18:25.667984,11,879.0,602.0
2022-11-18 10:18:25.678984,11,875.0,605.0
2022-11-18 10:18:25.688333,11,870.0,610.0
2022-11-18 10:18:25.699471,11,867.0,612.0
2022-11-18 10:18:25.708875,11,865.0,615.0
2022-11-18 10:18:25.718740,11,862.0,619.0
2022-11-18 10:18:25.728593,11,861.0,622.0
2022-11-18 10:18:25.739639,11,859.0,626.0
2022-11-18 10:18:25.749769,11,858.0,629.0
2022-11-18 10:18:25.758847,11,857.0,633.0
2022-11-18 10:18:25.768068,11,853.0,636.0
2022-11-18 10:18:25.779518,11,851.0,642.0
2022-11-18 10:18:25.789028,11,849.0,647.0
2022-11-18 10:18:25.798039,11,848.0,652.0
2022-11-18 10:18:25.808262,11,846.0,657.0
2022-11-18 10:18:25.818047,11,843.0,662.0
2022-11-18 10:18:25.829690,11,842.0,664.0
2022-11-18 10:18:25.838418,11,841.0,667.0
2022-11-18 10:18:25.848349,11,841.0,670.0
2022-11-18 10:18:25.857928,11,840.0,672.0
2022-11-18 10:18:25.869556,11,839.0,675.0
2022-11-18 10:18:25.879190,11,839.0,676.0
2022-11-18 10:18:25.889179,11,838.0,679.0
2022-11-18 10:18:25.899107,11,837.0,682.0
2022-11-18 10:18:25.910921,11,836.0,683.0
2022-11-18 10:18:25.920461,11,836.0,685.0
2022-11-18 10:18:25.929688,11,835.0,688.0
2022-11-18 10:18:25.939062,11,833.0,690.0
2022-11-18 10:18:25.950060,11,832.0,691.0
2022-11-18 10:18:25.960058,11,830.0,693.0
2022-11-18 10:18:25.969067,11,829.0,694.0
2022-11-18 10:18:25.979066,11,827.0,696.0
2022-11-18 10:18:25.989617,11,826.0,698.0
2022-11-18 10:18:26.009747,11,824.0,700.0
2022-11-18 10:18:26.018618,11,823.0,701.0
2022-11-18 10:18:26.029121,11,822.0,702.0
2022-11-18 10:18:26.040172,11,819.0,704.0
2022-11-18 10:18:26.050118,11,816.0,707.0
2022-11-18 10:18:26.060269,11,814.0,707.0
2022-11-18 10:18:26.070276,11,813.0,708.0
2022-11-18 10:18:26.081090,11,811.0,709.0
2022-11-18 10:18:27.344429,12,1700.0,300.0
2022-11-18 10:18:27.355210,12,1699.0,301.0
2022-11-18 10:18:27.365253,12,1698.0,303.0
2022-11-18 10:18:27.374555,12,1697.0,307.0
2022-11-18 10:18:27.384306,12,1694.0,313.0
2022-11-18 10:18:27.394610,12,1691.0,323.0
2022-11-18 10:18:27.404438,12,1683.0,338.0
2022-11-18 10:18:27.414954,12,1675.0,357.0
2022-11-18 10:18:27.424955,12,1667.0,377.0
2022-11-18 10:18:27.434955,12,1654.0,404.0
2022-11-18 10:18:27.444957,12,1645.0,428.0
2022-11-18 10:18:27.456960,12,1635.0,453.0
2022-11-18 10:18:27.465390,12,1628.0,473.0
2022-11-18 10:18:27.475312,12,1624.0,486.0
2022-11-18 10:18:27.485285,12,1617.0,501.0
2022-11-18 10:18:27.496284,12,1612.0,513.0
2022-11-18 10:18:27.505158,12,1608.0,518.0
2022-11-18 10:18:27.515257,12,1604.0,525.0
2022-11-18 10:18:27.526550,12,1599.0,532.0
2022-11-18 10:18:27.536631,12,1594.0,538.0
2022-11-18 10:18:27.545639,12,1590.0,542.0
2022-11-18 10:18:27.555381,12,1586.0,547.0
2022-11-18 10:18:27.565372,12,1579.0,553.0
2022-11-18 10:18:27.576774,12,1571.0,557.0
2022-11-18 10:18:27.586699,12,1563.0,563.0
2022-11-18 10:18:27.596788,12,1555.0,568.0
2022-11-18 10:18:27.606787,12,1542.0,574.0
2022-11-18 10:18:27.616794,12,1524.0,581.0
2022-11-18 10:18:27.627522,12,1504.0,589.0
2022-11-18 10:18:27.636513,12,1480.0,596.0
2022-11-18 10:18:27.646044,12,1458.0,602.0
2022-11-18 10:18:27.657046,12,1431.0,607.0
2022-11-18 10:18:27.667727,12,1401.0,612.0
2022-11-18 10:18:27.676008,12,1372.0,616.0
2022-11-18 10:18:27.686274,12,1346.0,616.0
2022-11-18 10:18:27.696015,12,1315.0,616.0
2022-11-18 10:18:27.706960,12,1287.0,616.0
2022-11-18 10:18:27.716680,12,1263.0,616.0
2022-11-18 10:18:27.727207,12,1246.0,616.0
2022-11-18 10:18:27.736257,12,1230.0,616.0
2022-11-18 10:18:27.747057,12,1221.0,616.0
2022-11-18 10:18:27.756070,12,1212.0,616.0
2022-11-18 10:18:27.766619,12,1209.0,616.0
2022-11-18 10:18:27.776625,12,1203.0,617.0
2022-11-18 10:18:27.786804,12,1199.0,618.0
2022-11-18 10:18:27.797345,12,1196.0,618.0
2022-11-18 10:18:27.806633,12,1193.0,618.0
2022-11-18 10:18:27.816649,12,1190.0,618.0
2022-11-18 10:18:27.825867,12,1188.0,618.0
2022-11-18 10:18:27.836576,12,1184.0,618.0
2022-11-18 10:18:27.846044,12,1179.0,618.0
2022-11-18 10:18:27.857047,12,1174.0,618.0
2022-11-18 10:18:27.866333,12,1167.0,618.0
2022-11-18 10:18:27.877630,12,1160.0,618.0
2022-11-18 10:18:27.886790,12,1151.0,614.0
2022-11-18 10:18:27.896526,12,1144.0,612.0
2022-11-18 10:18:27.906389,12,1135.0,610.0
2022-11-18 10:18:27.916347,12,1124.0,608.0
2022-11-18 10:18:27.926716,12,1114.0,605.0
2022-11-18 10:18:27.937166,12,1104.0,603.0
2022-11-18 10:18:27.947736,12,1094.0,600.0
2022-11-18 10:18:27.956732,12,1087.0,598.0
2022-11-18 10:18:27.968122,12,1079.0,596.0
2022-11-18 10:18:27.977051,12,1072.0,594.0
2022-11-18 10:18:27.987312,12,1067.0,592.0
2022-11-18 10:18:27.997317,12,1059.0,590.0
2022-11-18 10:18:28.008316,12,1055.0,588.0
2022-11-18 10:18:28.017323,12,1052.0,586.0
2022-11-18 10:18:28.027005,12,1049.0,585.0
2022-11-18 10:18:28.036993,12,1048.0,584.0
2022-11-18 10:18:28.048287,12,1046.0,583.0
2022-11-18 10:18:28.057278,12,1045.0,582.0
2022-11-18 10:18:28.067310,12,1043.0,581.0
2022-11-18 10:18:28.077314,12,1040.0,580.0
2022-11-18 10:18:28.088339,12,1036.0,578.0
2022-11-18 10:18:28.098327,12,1033.0,576.0
2022-11-18 10:18:28.108336,12,1026.0,575.0
2022-11-18 10:18:28.118744,12,1018.0,573.0
2022-11-18 10:18:28.128802,12,1012.0,570.0
2022-11-18 10:18:28.139188,12,1006.0,568.0
2022-11-18 10:18:28.148097,12,999.0,566.0
2022-11-18 10:18:28.158115,12,995.0,565.0
2022-11-18 10:18:28.167962,12,990.0,564.0
2022-11-18 10:18:28.179195,12,987.0,563.0
2022-11-18 10:18:28.188167,12,985.0,562.0
2022-11-18 10:18:28.197967,12,983.0,561.0
2022-11-18 10:18:28.207967,12,980.0,561.0
2022-11-18 10:18:28.219822,12,974.0,559.0
2022-11-18 10:18:28.228820,12,971.0,559.0
2022-11-18 10:18:28.238581,12,965.0,558.0
2022-11-18 10:18:28.248275,12,960.0,558.0
2022-11-18 10:18:28.259054,12,953.0,557.0
2022-11-18 10:18:28.268025,12,946.0,555.0
2022-11-18 10:18:28.278707,12,938.0,554.0
2022-11-18 10:18:28.288745,12,930.0,554.0
2022-11-18 10:18:28.298154,12,919.0,551.0
2022-11-18 10:18:28.309342,12,912.0,550.0
2022-11-18 10:18:28.319158,12,906.0,549.0
2022-11-18 10:18:28.328191,12,899.0,548.0
2022-11-18 10:18:28.338014,12,893.0,547.0
2022-11-18 10:18:28.349010,12,888.0,547.0
2022-11-18 10:18:28.358011,12,884.0,546.0
2022-11-18 10:18:28.368018,12,879.0,544.0
2022-11-18 10:18:28.379019,12,872.0,542.0
2022-11-18 10:18:28.389029,12,867.0,540.0
2022-11-18 10:18:28.398335,12,861.0,539.0
2022-11-18 10:18:28.408593,12,857.0,537.0
2022-11-18 10:18:28.418599,12,852.0,535.0
2022-11-18 10:18:28.429332,12,846.0,531.0
2022-11-18 10:18:28.439500,12,841.0,528.0
2022-11-18 10:18:28.449802,12,835.0,524.0
2022-11-18 10:18:28.459813,12,828.0,518.0
2022-11-18 10:18:28.469805,12,823.0,513.0
2022-11-18 10:18:28.480414,12,817.0,507.0
2022-11-18 10:18:28.489409,12,812.0,501.0
2022-11-18 10:18:28.499192,12,808.0,495.0
2022-11-18 10:18:28.510094,12,804.0,487.0
2022-11-18 10:18:28.520103,12,800.0,480.0
2022-11-18 10:18:28.529647,12,796.0,474.0
2022-11-18 10:18:28.539456,12,793.0,466.0
2022-11-18 10:18:28.549096,12,790.0,458.0
2022-11-18 10:18:28.560240,12,787.0,450.0
2022-11-18 10:18:28.569241,12,786.0,442.0
2022-11-18 10:18:28.580262,12,783.0,435.0
2022-11-18 10:18:28.589248,12,781.0,427.0
2022-11-18 10:18:28.600133,12,779.0,418.0
2022-11-18 10:18:28.610160,12,775.0,408.0
2022-11-18 10:18:28.620296,12,773.0,397.0
2022-11-18 10:18:28.630082,12,770.0,387.0
2022-11-18 10:18:28.641042,12,768.0,377.0
2022-11-18 10:18:28.652037,12,763.0,365.0
2022-11-18 10:18:28.660853,12,760.0,354.0
2022-11-18 10:18:28.670807,12,757.0,344.0
2022-11-18 10:18:28.680666,12,752.0,334.0
2022-11-18 10:18:28.691688,12,748.0,324.0
2022-11-18 10:18:28.700692,12,745.0,316.0
2022-11-18 10:18:28.710845,12,742.0,310.0
2022-11-18 10:18:28.720688,12,738.0,302.0
2022-11-18 10:18:28.730907,12,737.0,295.0
2022-11-18 10:18:28.740801,12,735.0,291.0
2022-11-18 10:18:28.749945,12,734.0,286.0
2022-11-18 10:18:28.760134,12,733.0,278.0
2022-11-18 10:18:28.771736,12,730.0,274.0
2022-11-18 10:18:28.780803,12,729.0,267.0
2022-11-18 10:18:28.790932,12,725.0,261.0
2022-11-18 10:18:28.800699,12,721.0,254.0
2022-11-18 10:18:28.810487,12,718.0,248.0
2022-11-18 10:18:28.821697,12,714.0,240.0
2022-11-18 10:18:28.830703,12,713.0,233.0
2022-11-18 10:18:28.840482,12,709.0,228.0
2022-11-18 10:18:28.850642,12,709.0,223.0
2022-11-18 10:18:28.861352,12,707.0,218.0
2022-11-18 10:18:28.870360,12,706.0,214.0
2022-11-18 10:18:28.880363,12,706.0,210.0
2022-11-18 10:18:30.025238,13,1500.0,150.0
2022-11-18 10:18:30.035508,13,1498.0,150.0
2022-11-18 10:18:30.045275,13,1493.0,151.0
2022-11-18 10:18:30.056495,13,1487.0,153.0
2022-11-18 10:18:30.065419,13,1477.0,157.0
2022-11-18 10:18:30.075704,13,1466.0,162.0
2022-11-18 10:18:30.085403,13,1447.0,171.0
2022-11-18 10:18:30.095829,13,1425.0,180.0
2022-11-18 10:18:30.105235,13,1402.0,189.0
2022-11-18 10:18:30.115785,13,1385.0,201.0
2022-11-18 10:18:30.125792,13,1361.0,214.0
2022-11-18 10:18:30.136817,13,1340.0,226.0
2022-11-18 10:18:30.146756,13,1319.0,238.0
2022-11-18 10:18:30.155976,13,1300.0,250.0
2022-11-18 10:18:30.166817,13,1281.0,260.0
2022-11-18 10:18:30.177279,13,1268.0,267.0
2022-11-18 10:18:30.187356,13,1255.0,275.0
2022-11-18 10:18:30.196595,13,1249.0,279.0
2022-11-18 10:18:30.206214,13,1242.0,284.0
2022-11-18 10:18:30.216453,13,1237.0,287.0
2022-11-18 10:18:30.227045,13,1233.0,291.0
2022-11-18 10:18:30.237047,13,1229.0,295.0
2022-11-18 10:18:30.246289,13,1226.0,298.0
2022-11-18 10:18:30.256299,13,1222.0,303.0
2022-11-18 10:18:30.267690,13,1216.0,310.0
2022-11-18 10:18:30.276668,13,1210.0,317.0
2022-11-18 10:18:30.286130,13,1203.0,325.0
2022-11-18 10:18:30.296643,13,1196.0,334.0
2022-11-18 10:18:30.307645,13,1185.0,350.0
2022-11-18 10:18:30.316793,13,1177.0,363.0
2022-11-18 10:18:30.325797,13,1171.0,372.0
2022-11-18 10:18:30.336364,13,1166.0,381.0
2022-11-18 10:18:30.347352,13,1161.0,392.0
2022-11-18 10:18:30.357387,13,1156.0,398.0
2022-11-18 10:18:30.366360,13,1152.0,407.0
2022-11-18 10:18:30.376467,13,1148.0,414.0
2022-11-18 10:18:30.386692,13,1145.0,419.0
2022-11-18 10:18:30.397823,13,1141.0,428.0
2022-11-18 10:18:30.405823,13,1139.0,435.0
2022-11-18 10:18:30.415992,13,1136.0,442.0
2022-11-18 10:18:30.426000,13,1131.0,450.0
2022-11-18 10:18:30.437812,13,1128.0,457.0
2022-11-18 10:18:30.445817,13,1123.0,466.0
2022-11-18 10:18:30.456204,13,1120.0,474.0
2022-11-18 10:18:30.466345,13,1115.0,482.0
2022-11-18 10:18:30.476626,13,1110.0,491.0
2022-11-18 10:18:30.487043,13,1105.0,498.0
2022-11-18 10:18:30.497459,13,1100.0,506.0
2022-11-18 10:18:30.507878,13,1095.0,512.0
2022-11-18 10:18:30.518409,13,1092.0,518.0
2022-11-18 10:18:30.528041,13,1088.0,522.0
2022-11-18 10:18:30.537039,13,1085.0,526.0
2022-11-18 10:18:30.547040,13,1083.0,528.0
2022-11-18 10:18:30.557799,13,1079.0,530.0
2022-11-18 10:18:30.568690,13,1077.0,532.0
2022-11-18 10:18:30.577053,13,1072.0,535.0
2022-11-18 10:18:30.587730,13,1069.0,535.0
2022-11-18 10:18:30.597347,13,1064.0,536.0
2022-11-18 10:18:30.608327,13,1059.0,537.0
2022-11-18 10:18:30.617325,13,1050.0,538.0
2022-11-18 10:18:30.627578,13,1043.0,538.0
2022-11-18 10:18:30.637701,13,1033.0,538.0
2022-11-18 10:18:30.648680,13,1022.0,538.0
2022-11-18 10:18:30.658702,13,1012.0,538.0
2022-11-18 10:18:30.668661,13,1004.0,538.0
2022-11-18 10:18:30.678385,13,994.0,538.0
2022-11-18 10:18:30.689691,13,984.0,538.0
2022-11-18 10:18:30.699631,13,975.0,538.0
2022-11-18 10:18:30.708210,13,969.0,538.0
2022-11-18 10:18:30.717917,13,961.0,537.0
2022-11-18 10:18:30.727947,13,954.0,536.0
2022-11-18 10:18:30.739204,13,951.0,536.0
2022-11-18 10:18:30.748212,13,948.0,536.0
2022-11-18 10:18:30.758435,13,945.0,534.0
2022-11-18 10:18:30.768220,13,943.0,534.0
2022-11-18 10:18:30.779599,13,939.0,534.0
2022-11-18 10:18:30.788404,13,936.0,534.0
2022-11-18 10:18:30.798509,13,933.0,534.0
2022-11-18 10:18:30.808586,13,927.0,534.0
2022-11-18 10:18:30.819913,13,922.0,534.0
2022-11-18 10:18:30.828439,13,915.0,534.0
2022-11-18 10:18:30.839566,13,909.0,534.0
2022-11-18 10:18:30.849635,13,901.0,534.0
2022-11-18 10:18:30.860586,13,892.0,534.0
2022-11-18 10:18:30.869413,13,883.0,534.0
2022-11-18 10:18:30.878445,13,871.0,533.0
2022-11-18 10:18:30.888840,13,859.0,532.0
2022-11-18 10:18:30.898701,13,847.0,529.0
2022-11-18 10:18:30.909137,13,831.0,528.0
2022-11-18 10:18:30.918696,13,816.0,525.0
2022-11-18 10:18:30.928197,13,804.0,523.0
2022-11-18 10:18:30.938195,13,788.0,522.0
2022-11-18 10:18:30.949192,13,767.0,518.0
2022-11-18 10:18:30.958440,13,748.0,516.0
2022-11-18 10:18:30.968192,13,732.0,512.0
2022-11-18 10:18:30.977862,13,711.0,510.0
2022-11-18 10:18:30.989886,13,690.0,508.0
2022-11-18 10:18:30.999915,13,674.0,505.0
2022-11-18 10:18:31.009920,13,661.0,502.0
2022-11-18 10:18:31.019921,13,650.0,501.0
2022-11-18 10:18:31.030765,13,641.0,501.0
2022-11-18 10:18:31.040189,13,632.0,500.0
2022-11-18 10:18:31.049460,13,624.0,500.0
2022-11-18 10:18:31.059195,13,617.0,500.0
2022-11-18 10:18:31.069598,13,612.0,500.0
2022-11-18 10:18:31.080410,13,607.0,500.0
2022-11-18 10:18:31.089410,13,600.0,500.0
2022-11-18 10:18:31.099409,13,593.0,500.0
2022-11-18 10:18:31.109642,13,584.0,502.0
2022-11-18 10:18:31.120242,13,575.0,506.0
2022-11-18 10:18:31.129341,13,565.0,508.0
2022-11-18 10:18:31.139566,13,557.0,511.0
2022-11-18 10:18:31.149834,13,547.0,515.0
2022-11-18 10:18:31.159953,13,538.0,516.0
2022-11-18 10:18:31.169960,13,527.0,520.0
2022-11-18 10:18:31.179961,13,517.0,524.0
2022-11-18 10:18:31.190964,13,507.0,526.0
2022-11-18 10:18:31.201338,13,498.0,531.0
2022-11-18 10:18:31.211534,13,491.0,535.0
2022-11-18 10:18:31.220754,13,482.0,540.0
2022-11-18 10:18:31.230540,13,474.0,546.0
2022-11-18 10:18:31.241522,13,468.0,550.0
2022-11-18 10:18:31.251931,13,458.0,555.0
2022-11-18 10:18:31.260929,13,451.0,561.0
2022-11-18 10:18:31.270277,13,443.0,566.0
2022-11-18 10:18:31.280278,13,432.0,575.0
2022-11-18 10:18:31.291775,13,419.0,584.0
2022-11-18 10:18:31.300887,13,408.0,591.0
2022-11-18 10:18:31.310249,13,396.0,600.0
2022-11-18 10:18:31.320254,13,385.0,608.0
2022-11-18 10:18:31.330969,13,373.0,619.0
2022-11-18 10:18:31.339968,13,355.0,633.0
2022-11-18 10:18:31.350973,13,346.0,641.0
2022-11-18 10:18:31.361018,13,330.0,653.0
2022-11-18 10:18:31.371061,13,318.0,664.0
2022-11-18 10:18:31.382016,13,306.0,675.0
2022-11-18 10:18:31.390054,13,294.0,684.0
2022-11-18 10:18:31.400043,13,286.0,690.0
2022-11-18 10:18:31.410045,13,273.0,698.0
2022-11-18 10:18:31.421097,13,261.0,706.0
2022-11-18 10:18:31.430174,13,252.0,712.0
2022-11-18 10:18:31.440469,13,247.0,718.0
2022-11-18 10:18:31.450096,13,240.0,723.0
2022-11-18 10:18:31.461287,13,234.0,729.0
2022-11-18 10:18:31.470513,13,229.0,732.0
2022-11-18 10:18:31.480483,13,224.0,735.0
2022-11-18 10:18:31.490805,13,219.0,739.0
2022-11-18 10:18:31.501691,13,213.0,743.0
2022-11-18 10:18:31.511692,13,209.0,747.0
2022-11-18 10:18:31.521067,13,202.0,751.0
2022-11-18 10:18:31.531003,13,197.0,755.0
2022-11-18 10:18:31.542004,13,193.0,758.0
2022-11-18 10:18:31.552011,13,190.0,760.0
2022-11-18 10:18:31.561107,13,188.0,763.0
2022-11-18 10:18:31.571405,13,186.0,765.0
2022-11-18 10:18:31.582087,13,183.0,768.0
2022-11-18 10:18:31.592181,13,182.0,770.0
2022-11-18 10:18:31.601429,13,179.0,773.0
2022-11-18 10:18:31.611230,13,178.0,775.0
2022-11-18 10:18:31.621311,13,178.0,777.0
2022-11-18 10:18:31.632298,13,178.0,778.0
2022-11-18 10:18:31.641306,13,178.0,779.0
2022-11-18 10:18:31.651337,13,177.0,781.0
2022-11-18 10:18:31.661327,13,177.0,783.0
2022-11-18 10:18:31.672326,13,177.0,785.0
2022-11-18 10:18:31.682573,13,177.0,787.0
2022-11-18 10:18:31.701985,13,177.0,789.0
2022-11-18 10:18:31.732596,13,177.0,791.0
2022-11-18 10:18:31.753539,13,177.0,792.0
2022-11-18 10:18:31.762950,13,178.0,792.0
2022-11-18 10:18:31.771982,13,179.0,793.0
2022-11-18 10:18:31.782190,13,180.0,794.0
2022-11-18 10:18:31.792313,13,180.0,795.0
2022-11-18 10:18:31.803311,13,182.0,797.0
2022-11-18 10:18:31.812065,13,183.0,797.0
2022-11-18 10:18:31.822595,13,183.0,798.0
2022-11-18 10:18:31.832372,13,184.0,798.0
2022-11-18 10:18:31.843917,13,187.0,800.0
2022-11-18 10:18:32.916939,14,1200.0,500.0
2022-11-18 10:18:32.936944,14,1200.0,501.0
2022-11-18 10:18:32.947181,14,1200.0,503.0
2022-11-18 10:18:33.057405,14,1201.0,503.0
2022-11-18 10:18:33.067443,14,1200.0,503.0
2022-11-18 10:18:33.078997,14,1197.0,505.0
2022-11-18 10:18:33.088028,14,1193.0,507.0
2022-11-18 10:18:33.097249,14,1186.0,509.0
2022-11-18 10:18:33.107341,14,1178.0,512.0
2022-11-18 10:18:33.118331,14,1166.0,517.0
2022-11-18 10:18:33.128858,14,1152.0,520.0
2022-11-18 10:18:33.136896,14,1133.0,524.0
2022-11-18 10:18:33.147139,14,1118.0,526.0
2022-11-18 10:18:33.157106,14,1100.0,528.0
2022-11-18 10:18:33.168452,14,1086.0,529.0
2022-11-18 10:18:33.178062,14,1074.0,531.0
2022-11-18 10:18:33.188605,14,1065.0,531.0
2022-11-18 10:18:33.198682,14,1057.0,532.0
2022-11-18 10:18:33.209166,14,1048.0,533.0
2022-11-18 10:18:33.218203,14,1040.0,533.0
2022-11-18 10:18:33.228913,14,1031.0,536.0
2022-11-18 10:18:33.238065,14,1021.0,537.0
2022-11-18 10:18:33.248941,14,1016.0,537.0
2022-11-18 10:18:33.259371,14,1009.0,538.0
2022-11-18 10:18:33.268647,14,1004.0,539.0
2022-11-18 10:18:33.277982,14,999.0,539.0
2022-11-18 10:18:33.289212,14,994.0,540.0
2022-11-18 10:18:33.299309,14,988.0,541.0
2022-11-18 10:18:33.308549,14,981.0,541.0
2022-11-18 10:18:33.318361,14,973.0,541.0
2022-11-18 10:18:33.328638,14,964.0,541.0
2022-11-18 10:18:33.339799,14,954.0,541.0
2022-11-18 10:18:33.348710,14,945.0,541.0
2022-11-18 10:18:33.358716,14,938.0,541.0
2022-11-18 10:18:33.368424,14,931.0,541.0
2022-11-18 10:18:33.379132,14,923.0,541.0
2022-11-18 10:18:33.388140,14,918.0,541.0
2022-11-18 10:18:33.398492,14,912.0,541.0
2022-11-18 10:18:33.408138,14,905.0,541.0
2022-11-18 10:18:33.419098,14,897.0,541.0
2022-11-18 10:18:33.429793,14,888.0,541.0
2022-11-18 10:18:33.438752,14,880.0,541.0
2022-11-18 10:18:33.448795,14,871.0,541.0
2022-11-18 10:18:33.459388,14,863.0,541.0
2022-11-18 10:18:33.469802,14,853.0,541.0
2022-11-18 10:18:33.478009,14,843.0,541.0
2022-11-18 10:18:33.488036,14,835.0,541.0
2022-11-18 10:18:33.498232,14,826.0,541.0
2022-11-18 10:18:33.509010,14,814.0,541.0
2022-11-18 10:18:33.518018,14,801.0,541.0
2022-11-18 10:18:33.528213,14,790.0,541.0
2022-11-18 10:18:33.539081,14,779.0,541.0
2022-11-18 10:18:33.550110,14,766.0,541.0
2022-11-18 10:18:33.560109,14,754.0,541.0
2022-11-18 10:18:33.569099,14,744.0,541.0
2022-11-18 10:18:33.579856,14,731.0,541.0
2022-11-18 10:18:33.590897,14,721.0,541.0
2022-11-18 10:18:33.600757,14,712.0,541.0
2022-11-18 10:18:33.609262,14,703.0,542.0
2022-11-18 10:18:33.619468,14,695.0,544.0
2022-11-18 10:18:33.630327,14,691.0,544.0
2022-11-18 10:18:33.640653,14,683.0,547.0
2022-11-18 10:18:33.649696,14,678.0,548.0
2022-11-18 10:18:33.660004,14,672.0,549.0
2022-11-18 10:18:33.669576,14,667.0,550.0
2022-11-18 10:18:33.680580,14,660.0,553.0
2022-11-18 10:18:33.689596,14,656.0,554.0
2022-11-18 10:18:33.699318,14,654.0,556.0
2022-11-18 10:18:33.709135,14,653.0,557.0
2022-11-18 10:18:33.719987,14,649.0,558.0
2022-11-18 10:18:33.730990,14,647.0,560.0
2022-11-18 10:18:33.740122,14,645.0,562.0
2022-11-18 10:18:33.750124,14,643.0,564.0
2022-11-18 10:18:33.762089,14,640.0,566.0
2022-11-18 10:18:33.771050,14,638.0,568.0
2022-11-18 10:18:33.780379,14,635.0,572.0
2022-11-18 10:18:33.790031,14,635.0,574.0
2022-11-18 10:18:33.801314,14,633.0,576.0
2022-11-18 10:18:33.811626,14,630.0,580.0
2022-11-18 10:18:33.820825,14,628.0,582.0
2022-11-18 10:18:33.830803,14,626.0,584.0
2022-11-18 10:18:33.841025,14,623.0,587.0
2022-11-18 10:18:33.850991,14,619.0,590.0
2022-11-18 10:18:33.860992,14,618.0,591.0
2022-11-18 10:18:33.870947,14,616.0,594.0
2022-11-18 10:18:33.880840,14,612.0,596.0
2022-11-18 10:18:35.064451,15,1100.0,200.0
2022-11-18 10:18:35.126338,15,1101.0,199.0
2022-11-18 10:18:35.136419,15,1101.0,200.0
2022-11-18 10:18:35.145418,15,1101.0,204.0
2022-11-18 10:18:35.155121,15,1101.0,208.0
2022-11-18 10:18:35.166297,15,1101.0,218.0
2022-11-18 10:18:35.176298,15,1101.0,228.0
2022-11-18 10:18:35.185298,15,1101.0,246.0
2022-11-18 10:18:35.195529,15,1101.0,261.0
2022-11-18 10:18:35.206160,15,1101.0,281.0
2022-11-18 10:18:35.216168,15,1101.0,305.0
2022-11-18 10:18:35.225704,15,1101.0,324.0
2022-11-18 10:18:35.235728,15,1100.0,343.0
2022-11-18 10:18:35.245770,15,1096.0,364.0
2022-11-18 10:18:35.256085,15,1095.0,380.0
2022-11-18 10:18:35.266416,15,1094.0,392.0
2022-11-18 10:18:35.277011,15,1093.0,401.0
2022-11-18 10:18:35.287013,15,1092.0,410.0
2022-11-18 10:18:35.297283,15,1092.0,416.0
2022-11-18 10:18:35.307283,15,1092.0,424.0
2022-11-18 10:18:35.316549,15,1092.0,430.0
2022-11-18 10:18:35.327150,15,1092.0,435.0
2022-11-18 10:18:35.337551,15,1091.0,439.0
2022-11-18 10:18:35.346602,15,1091.0,442.0
2022-11-18 10:18:35.355964,15,1090.0,447.0
2022-11-18 10:18:35.365931,15,1089.0,450.0
2022-11-18 10:18:35.376935,15,1088.0,454.0
2022-11-18 10:18:35.387976,15,1086.0,459.0
2022-11-18 10:18:35.396009,15,1085.0,465.0
2022-11-18 10:18:35.406974,15,1083.0,469.0
2022-11-18 10:18:35.416257,15,1083.0,473.0
2022-11-18 10:18:35.427119,15,1080.0,479.0
2022-11-18 10:18:35.436118,15,1079.0,482.0
2022-11-18 10:18:35.446150,15,1079.0,484.0
2022-11-18 10:18:35.456198,15,1077.0,488.0
2022-11-18 10:18:35.467200,15,1075.0,491.0
2022-11-18 10:18:35.477200,15,1072.0,496.0
2022-11-18 10:18:35.486447,15,1070.0,500.0
2022-11-18 10:18:35.496080,15,1067.0,503.0
2022-11-18 10:18:35.507081,15,1063.0,507.0
2022-11-18 10:18:35.517057,15,1060.0,511.0
2022-11-18 10:18:35.526050,15,1058.0,514.0
2022-11-18 10:18:35.537053,15,1054.0,517.0
2022-11-18 10:18:35.547293,15,1049.0,521.0
2022-11-18 10:18:35.557283,15,1043.0,525.0
2022-11-18 10:18:35.566283,15,1039.0,527.0
2022-11-18 10:18:35.576285,15,1034.0,531.0
2022-11-18 10:18:35.586167,15,1029.0,533.0
2022-11-18 10:18:35.597204,15,1023.0,537.0
2022-11-18 10:18:35.607966,15,1018.0,537.0
2022-11-18 10:18:35.617255,15,1012.0,539.0
2022-11-18 10:18:35.627278,15,1006.0,539.0
2022-11-18 10:18:35.638315,15,998.0,542.0
2022-11-18 10:18:35.648593,15,991.0,542.0
2022-11-18 10:18:35.657288,15,984.0,543.0
2022-11-18 10:18:35.667296,15,976.0,543.0
2022-11-18 10:18:35.678223,15,970.0,543.0
2022-11-18 10:18:35.688221,15,963.0,543.0
2022-11-18 10:18:35.697219,15,957.0,543.0
2022-11-18 10:18:35.707081,15,952.0,543.0
2022-11-18 10:18:35.719064,15,947.0,543.0
2022-11-18 10:18:35.728082,15,942.0,543.0
2022-11-18 10:18:35.737309,15,938.0,543.0
2022-11-18 10:18:35.747227,15,935.0,543.0
2022-11-18 10:18:35.758206,15,932.0,543.0
2022-11-18 10:18:35.769265,15,928.0,543.0
2022-11-18 10:18:35.779250,15,922.0,543.0
2022-11-18 10:18:35.789346,15,915.0,543.0
2022-11-18 10:18:35.798715,15,910.0,543.0
2022-11-18 10:18:35.809282,15,907.0,543.0
2022-11-18 10:18:35.819120,15,904.0,543.0
2022-11-18 10:18:35.827896,15,901.0,543.0
2022-11-18 10:18:35.838901,15,895.0,543.0
2022-11-18 10:18:35.849887,15,891.0,543.0
2022-11-18 10:18:35.859357,15,888.0,543.0
2022-11-18 10:18:35.868473,15,884.0,543.0
2022-11-18 10:18:35.878454,15,881.0,544.0
2022-11-18 10:18:35.889249,15,878.0,545.0
2022-11-18 10:18:35.899467,15,877.0,545.0
2022-11-18 10:18:35.908413,15,875.0,545.0
2022-11-18 10:18:35.918163,15,874.0,546.0
2022-11-18 10:18:35.927915,15,871.0,546.0
2022-11-18 10:18:35.939019,15,867.0,549.0
2022-11-18 10:18:35.948021,15,863.0,550.0
2022-11-18 10:18:35.958056,15,858.0,552.0
2022-11-18 10:18:35.968511,15,855.0,554.0
2022-11-18 10:18:35.979349,15,850.0,556.0
2022-11-18 10:18:35.989148,15,844.0,559.0
2022-11-18 10:18:35.998934,15,838.0,562.0
2022-11-18 10:18:36.009150,15,832.0,565.0
2022-11-18 10:18:36.019146,15,824.0,569.0
2022-11-18 10:18:36.029450,15,815.0,573.0
2022-11-18 10:18:36.038677,15,806.0,579.0
2022-11-18 10:18:36.048088,15,799.0,583.0
2022-11-18 10:18:36.059233,15,790.0,588.0
2022-11-18 10:18:36.069376,15,780.0,595.0
2022-11-18 10:18:36.078125,15,771.0,601.0
2022-11-18 10:18:36.088123,15,764.0,607.0
2022-11-18 10:18:36.098320,15,756.0,613.0
2022-11-18 10:18:36.109397,15,746.0,618.0
2022-11-18 10:18:36.119399,15,733.0,624.0
2022-11-18 10:18:36.129421,15,724.0,630.0
2022-11-18 10:18:36.139748,15,716.0,636.0
2022-11-18 10:18:36.150519,15,709.0,641.0
2022-11-18 10:18:36.160485,15,703.0,645.0
2022-11-18 10:18:36.169538,15,697.0,650.0
2022-11-18 10:18:36.179809,15,690.0,654.0
2022-11-18 10:18:36.189989,15,684.0,659.0
2022-11-18 10:18:36.200957,15,676.0,663.0
2022-11-18 10:18:36.209285,15,670.0,668.0
2022-11-18 10:18:36.219993,15,666.0,670.0
2022-11-18 10:18:36.230955,15,661.0,675.0
2022-11-18 10:18:36.240959,15,658.0,679.0
2022-11-18 10:18:36.249811,15,653.0,683.0
2022-11-18 10:18:36.259819,15,650.0,686.0
2022-11-18 10:18:36.269520,15,646.0,691.0
2022-11-18 10:18:36.280615,15,642.0,695.0
2022-11-18 10:18:36.290622,15,638.0,701.0
2022-11-18 10:18:36.300623,15,634.0,706.0
2022-11-18 10:18:36.310777,15,630.0,710.0
2022-11-18 10:18:36.321085,15,624.0,719.0
2022-11-18 10:18:36.331060,15,619.0,726.0
2022-11-18 10:18:36.340093,15,616.0,731.0
2022-11-18 10:18:36.350598,15,612.0,736.0
2022-11-18 10:18:36.361164,15,609.0,742.0
2022-11-18 10:18:36.372167,15,605.0,748.0
2022-11-18 10:18:36.380778,15,601.0,753.0
2022-11-18 10:18:36.390786,15,598.0,760.0
2022-11-18 10:18:36.401446,15,594.0,767.0
2022-11-18 10:18:36.410976,15,590.0,775.0
2022-11-18 10:18:36.419969,15,587.0,780.0
2022-11-18 10:18:36.429971,15,584.0,783.0
2022-11-18 10:18:36.440105,15,579.0,791.0
2022-11-18 10:18:36.451816,15,574.0,798.0
2022-11-18 10:18:36.460825,15,567.0,806.0
2022-11-18 10:18:36.470512,15,563.0,812.0
2022-11-18 10:18:36.480507,15,558.0,820.0
2022-11-18 10:18:36.491511,15,553.0,828.0
2022-11-18 10:18:36.501775,15,545.0,837.0
2022-11-18 10:18:36.510516,15,540.0,845.0
2022-11-18 10:18:36.520577,15,536.0,851.0
2022-11-18 10:18:36.531824,15,531.0,857.0
2022-11-18 10:18:36.541869,15,527.0,864.0
2022-11-18 10:18:36.549875,15,522.0,870.0
2022-11-18 10:18:36.560881,15,518.0,874.0
2022-11-18 10:18:36.572145,15,515.0,878.0
2022-11-18 10:18:36.581174,15,512.0,882.0
2022-11-18 10:18:36.590177,15,511.0,884.0
2022-11-18 10:18:36.600219,15,509.0,887.0
2022-11-18 10:18:36.610559,15,507.0,889.0
2022-11-18 10:18:37.857798,11,801.0,701.0
2022-11-18 10:18:37.876113,11,801.0,700.0
2022-11-18 10:18:37.887115,11,801.0,698.0
2022-11-18 10:18:37.897341,11,802.0,697.0
2022-11-18 10:18:37.907252,11,802.0,695.0
2022-11-18 10:18:37.916477,11,803.0,693.0
2022-11-18 10:18:37.926314,11,804.0,691.0
2022-11-18 10:18:37.937485,11,805.0,688.0
2022-11-18 10:18:37.947445,11,807.0,685.0
2022-11-18 10:18:37.956456,11,808.0,683.0
2022-11-18 10:18:37.966854,11,809.0,681.0
2022-11-18 10:18:37.977578,11,810.0,679.0
2022-11-18 10:18:37.987551,11,812.0,677.0
2022-11-18 10:18:37.996754,11,815.0,673.0
2022-11-18 10:18:38.006761,11,816.0,670.0
2022-11-18 10:18:38.017632,11,818.0,667.0
2022-11-18 10:18:38.027753,11,820.0,663.0
2022-11-18 10:18:38.036703,11,822.0,661.0
2022-11-18 10:18:38.046052,11,823.0,657.0
2022-11-18 10:18:38.056656,11,825.0,655.0
2022-11-18 10:18:38.066611,11,826.0,652.0
2022-11-18 10:18:38.077697,11,828.0,649.0
2022-11-18 10:18:38.086694,11,829.0,647.0
2022-11-18 10:18:38.096361,11,830.0,645.0
2022-11-18 10:18:38.107362,11,832.0,642.0
2022-11-18 10:18:38.117371,11,835.0,638.0
2022-11-18 10:18:38.126241,11,837.0,635.0
2022-11-18 10:18:38.136361,11,840.0,631.0
2022-11-18 10:18:38.147363,11,843.0,627.0
2022-11-18 10:18:38.157216,11,845.0,622.0
2022-11-18 10:18:38.167015,11,849.0,618.0
2022-11-18 10:18:38.177596,11,853.0,614.0
2022-11-18 10:18:38.188077,11,857.0,607.0
2022-11-18 10:18:38.198063,11,862.0,600.0
2022-11-18 10:18:38.208071,11,866.0,593.0
2022-11-18 10:18:38.217076,11,873.0,586.0
2022-11-18 10:18:38.227069,11,878.0,581.0
2022-11-18 10:18:38.238076,11,886.0,574.0
2022-11-18 10:18:38.248273,11,892.0,566.0
2022-11-18 10:18:38.257082,11,899.0,559.0
2022-11-18 10:18:38.267074,11,905.0,553.0
2022-11-18 10:18:38.277960,11,911.0,547.0
2022-11-18 10:18:38.288643,11,918.0,540.0
2022-11-18 10:18:38.297692,11,925.0,534.0
2022-11-18 10:18:38.307730,11,933.0,529.0
2022-11-18 10:18:38.319238,11,940.0,524.0
2022-11-18 10:18:38.328274,11,948.0,519.0
2022-11-18 10:18:38.338286,11,952.0,517.0
2022-11-18 10:18:38.348604,11,958.0,514.0
2022-11-18 10:18:38.359602,11,963.0,511.0
2022-11-18 10:18:38.368918,11,965.0,510.0
2022-11-18 10:18:39.363247,11,965.0,510.0
2022-11-18 10:18:39.373432,11,965.0,510.0
2022-11-18 10:18:39.383556,11,970.0,512.0
2022-11-18 10:18:40.155791,11,977.0,517.0
2022-11-18 10:18:40.206118,11,977.0,516.0
2022-11-18 10:18:40.225458,11,978.0,516.0
2022-11-18 10:18:40.236437,11,979.0,516.0
2022-11-18 10:18:40.246478,11,982.0,517.0
2022-11-18 10:18:40.255976,11,987.0,520.0
2022-11-18 10:18:40.265483,11,995.0,527.0
2022-11-18 10:18:40.276061,11,1003.0,532.0
2022-11-18 10:18:40.287030,11,1012.0,539.0
2022-11-18 10:18:40.296034,11,1028.0,550.0
2022-11-18 10:18:40.305819,11,1044.0,558.0
2022-11-18 10:18:40.316600,11,1064.0,571.0
2022-11-18 10:18:40.327179,11,1089.0,584.0
2022-11-18 10:18:40.336748,11,1116.0,598.0
2022-11-18 10:18:40.345529,11,1146.0,613.0
2022-11-18 10:18:40.356859,11,1168.0,622.0
2022-11-18 10:18:40.366943,11,1199.0,634.0
2022-11-18 10:18:40.376054,11,1230.0,644.0
2022-11-18 10:18:40.386016,11,1250.0,650.0
2022-11-18 10:18:40.397891,11,1266.0,656.0
2022-11-18 10:18:40.406885,11,1277.0,660.0
2022-11-18 10:18:40.417156,11,1286.0,663.0
2022-11-18 10:18:40.427665,11,1292.0,664.0
2022-11-18 10:18:40.436550,11,1296.0,665.0
2022-11-18 10:18:40.447356,11,1299.0,667.0
2022-11-18 10:18:40.457357,11,1303.0,668.0
2022-11-18 10:18:40.467678,11,1308.0,670.0
2022-11-18 10:18:40.477189,11,1313.0,672.0
2022-11-18 10:18:40.487441,11,1321.0,675.0
2022-11-18 10:18:40.497198,11,1330.0,677.0
2022-11-18 10:18:40.506910,11,1340.0,681.0
2022-11-18 10:18:40.516044,11,1347.0,684.0
2022-11-18 10:18:40.527872,11,1357.0,688.0
2022-11-18 10:18:40.536804,11,1375.0,694.0
2022-11-18 10:18:40.547126,11,1395.0,702.0
2022-11-18 10:18:40.556251,11,1415.0,709.0
2022-11-18 10:18:40.566597,11,1425.0,713.0
2022-11-18 10:18:40.577052,11,1439.0,718.0
2022-11-18 10:18:40.587051,11,1448.0,722.0
2022-11-18 10:18:40.597066,11,1460.0,728.0
2022-11-18 10:18:40.606253,11,1473.0,737.0
2022-11-18 10:18:40.617222,11,1482.0,742.0
2022-11-18 10:18:40.627277,11,1495.0,751.0
2022-11-18 10:18:40.637357,11,1506.0,756.0
2022-11-18 10:18:40.646355,11,1523.0,769.0
2022-11-18 10:18:40.657462,11,1545.0,781.0
2022-11-18 10:18:40.667423,11,1566.0,793.0
2022-11-18 10:18:40.676931,11,1578.0,799.0
2022-11-18 10:18:40.686498,11,1599.0,808.0
2022-11-18 10:18:40.697492,11,1617.0,815.0
2022-11-18 10:18:40.707248,11,1639.0,825.0
2022-11-18 10:18:40.717217,11,1654.0,831.0
2022-11-18 10:18:40.727219,11,1672.0,838.0
2022-11-18 10:18:40.738219,11,1688.0,845.0
2022-11-18 10:18:40.748229,11,1698.0,850.0
2022-11-18 10:18:40.758454,11,1710.0,853.0
2022-11-18 10:18:40.768595,11,1719.0,854.0
2022-11-18 10:18:40.777226,11,1724.0,857.0
2022-11-18 10:18:40.788225,11,1727.0,857.0
2022-11-18 10:18:40.848505,11,1729.0,858.0
2022-11-18 10:18:40.857782,11,1732.0,860.0
2022-11-18 10:18:40.868076,11,1736.0,861.0
2022-11-18 10:18:40.878944,11,1740.0,863.0
2022-11-18 10:18:40.888801,11,1745.0,865.0
2022-11-18 10:18:40.898800,11,1752.0,867.0
2022-11-18 10:18:40.909873,11,1755.0,868.0
2022-11-18 10:18:40.919842,11,1759.0,870.0
2022-11-18 10:18:40.929203,11,1763.0,872.0
2022-11-18 10:18:40.939233,11,1765.0,873.0
2022-11-18 10:18:40.948981,11,1766.0,874.0
2022-11-18 10:18:40.959876,11,1767.0,875.0
2022-11-18 10:18:40.968879,11,1770.0,877.0
2022-11-18 10:18:40.979680,11,1774.0,879.0
2022-11-18 10:18:40.988755,11,1777.0,881.0
2022-11-18 10:18:40.999535,11,1779.0,882.0
2022-11-18 10:18:41.009308,11,1781.0,884.0
2022-11-18 10:18:41.019320,11,1782.0,885.0
2022-11-18 10:18:41.028139,11,1785.0,887.0
2022-11-18 10:18:41.039178,11,1786.0,888.0
2022-11-18 10:18:41.049956,11,1787.0,889.0
2022-11-18 10:18:41.058967,11,1788.0,890.0
2022-11-18 10:18:41.079611,11,1789.0,891.0
2022-11-18 10:18:41.109770,11,1791.0,892.0
2022-11-18 10:18:42.725963,12,701.0,201.0
2022-11-18 10:18:42.734207,12,701.0,204.0
2022-11-18 10:18:42.744737,12,702.0,210.0
2022-11-18 10:18:42.755028,12,703.0,220.0
2022-11-18 10:18:42.765455,12,707.0,232.0
2022-11-18 10:18:42.776046,12,707.0,243.0
2022-11-18 10:18:42.785041,12,710.0,257.0
2022-11-18 10:18:42.796402,12,712.0,273.0
2022-11-18 10:18:42.806634,12,714.0,291.0
2022-11-18 10:18:42.816389,12,718.0,314.0
2022-11-18 10:18:42.825386,12,724.0,336.0
2022-11-18 10:18:42.836489,12,730.0,354.0
2022-11-18 10:18:42.846350,12,736.0,370.0
2022-11-18 10:18:42.856385,12,741.0,382.0
2022-11-18 10:18:42.865784,12,747.0,396.0
2022-11-18 10:18:42.875908,12,751.0,404.0
2022-11-18 10:18:42.886938,12,752.0,412.0
2022-11-18 10:18:42.896112,12,755.0,419.0
2022-11-18 10:18:42.905076,12,758.0,427.0
2022-11-18 10:18:42.915174,12,761.0,435.0
2022-11-18 10:18:42.926174,12,765.0,438.0
2022-11-18 10:18:42.936450,12,769.0,444.0
2022-11-18 10:18:42.946173,12,772.0,448.0
2022-11-18 10:18:42.956173,12,773.0,449.0
2022-11-18 10:18:42.967761,12,774.0,450.0
2022-11-18 10:18:42.977157,12,774.0,451.0
2022-11-18 10:18:42.987700,12,776.0,451.0
2022-11-18 10:18:42.996698,12,777.0,452.0
2022-11-18 10:18:43.007284,12,777.0,453.0
2022-11-18 10:18:43.017264,12,779.0,453.0
2022-11-18 10:18:43.027264,12,781.0,455.0
2022-11-18 10:18:43.036844,12,786.0,457.0
2022-11-18 10:18:43.046687,12,788.0,457.0
2022-11-18 10:18:43.057335,12,792.0,457.0
2022-11-18 10:18:43.067582,12,793.0,457.0
2022-11-18 10:18:43.076690,12,796.0,457.0
2022-11-18 10:18:43.086376,12,798.0,459.0
2022-11-18 10:18:43.097342,12,804.0,460.0
2022-11-18 10:18:43.107203,12,812.0,463.0
2022-11-18 10:18:43.116199,12,823.0,467.0
2022-11-18 10:18:43.126946,12,834.0,469.0
2022-11-18 10:18:43.137949,12,845.0,473.0
2022-11-18 10:18:43.146989,12,859.0,480.0
2022-11-18 10:18:43.156983,12,869.0,484.0
2022-11-18 10:18:43.166949,12,878.0,488.0
2022-11-18 10:18:43.177423,12,885.0,492.0
2022-11-18 10:18:43.187422,12,891.0,496.0
2022-11-18 10:18:43.197429,12,897.0,498.0
2022-11-18 10:18:43.206060,12,903.0,501.0
2022-11-18 10:18:43.217051,12,907.0,503.0
2022-11-18 10:18:43.227052,12,909.0,505.0
2022-11-18 10:18:43.237007,12,910.0,506.0
2022-11-18 10:18:43.245999,12,912.0,508.0
2022-11-18 10:18:43.255999,12,913.0,508.0
2022-11-18 10:18:43.267036,12,914.0,509.0
2022-11-18 10:18:43.277070,12,916.0,511.0
2022-11-18 10:18:43.287035,12,917.0,511.0
2022-11-18 10:18:43.297137,12,918.0,512.0
2022-11-18 10:18:43.318981,12,918.0,513.0
2022-11-18 10:18:43.327948,12,919.0,514.0
2022-11-18 10:18:43.337414,12,920.0,515.0
2022-11-18 10:18:43.348199,12,921.0,516.0
2022-11-18 10:18:43.357982,12,922.0,516.0
2022-11-18 10:18:43.368319,12,924.0,518.0
2022-11-18 10:18:43.377316,12,926.0,519.0
2022-11-18 10:18:43.387316,12,929.0,521.0
2022-11-18 10:18:43.398338,12,933.0,522.0
2022-11-18 10:18:43.408125,12,935.0,524.0
2022-11-18 10:18:43.417123,12,937.0,525.0
2022-11-18 10:18:43.427046,12,942.0,527.0
2022-11-18 10:18:43.439048,12,945.0,528.0
2022-11-18 10:18:43.448805,12,951.0,530.0
2022-11-18 10:18:43.458484,12,957.0,531.0
2022-11-18 10:18:43.468289,12,964.0,532.0
2022-11-18 10:18:43.479287,12,972.0,533.0
2022-11-18 10:18:43.489852,12,978.0,533.0
2022-11-18 10:18:43.500061,12,985.0,534.0
2022-11-18 10:18:43.508096,12,992.0,536.0
2022-11-18 10:18:43.519303,12,997.0,536.0
2022-11-18 10:18:43.529344,12,1004.0,537.0
2022-11-18 10:18:43.539376,12,1014.0,538.0
2022-11-18 10:18:43.548502,12,1023.0,541.0
2022-11-18 10:18:43.560011,12,1031.0,542.0
2022-11-18 10:18:43.570012,12,1040.0,544.0
2022-11-18 10:18:43.579668,12,1047.0,547.0
2022-11-18 10:18:43.588715,12,1052.0,548.0
2022-11-18 10:18:43.599053,12,1057.0,550.0
2022-11-18 10:18:43.609581,12,1064.0,551.0
2022-11-18 10:18:43.619258,12,1071.0,554.0
2022-11-18 10:18:43.628460,12,1082.0,557.0
2022-11-18 10:18:43.638893,12,1092.0,560.0
2022-11-18 10:18:43.649355,12,1099.0,564.0
2022-11-18 10:18:43.659738,12,1107.0,568.0
2022-11-18 10:18:43.669344,12,1116.0,574.0
2022-11-18 10:18:43.678543,12,1128.0,580.0
2022-11-18 10:18:43.689729,12,1140.0,587.0
2022-11-18 10:18:43.699800,12,1161.0,599.0
2022-11-18 10:18:43.709730,12,1184.0,608.0
2022-11-18 10:18:43.718805,12,1203.0,613.0
2022-11-18 10:18:43.728695,12,1221.0,620.0
2022-11-18 10:18:43.739692,12,1239.0,626.0
2022-11-18 10:18:43.749698,12,1265.0,633.0
2022-11-18 10:18:43.758719,12,1288.0,637.0
2022-11-18 10:18:43.768399,12,1308.0,639.0
2022-11-18 10:18:43.779204,12,1325.0,641.0
2022-11-18 10:18:43.789096,12,1342.0,641.0
2022-11-18 10:18:43.799094,12,1360.0,641.0
2022-11-18 10:18:43.809221,12,1384.0,641.0
2022-11-18 10:18:43.820094,12,1406.0,641.0
2022-11-18 10:18:43.830358,12,1418.0,639.0
2022-11-18 10:18:43.840171,12,1432.0,635.0
2022-11-18 10:18:43.849165,12,1440.0,631.0
2022-11-18 10:18:43.861132,12,1444.0,627.0
2022-11-18 10:18:43.870730,12,1449.0,622.0
2022-11-18 10:18:43.880281,12,1453.0,618.0
2022-11-18 10:18:43.889282,12,1457.0,611.0
2022-11-18 10:18:43.900149,12,1461.0,604.0
2022-11-18 10:18:43.910369,12,1467.0,594.0
2022-11-18 10:18:43.920368,12,1474.0,583.0
2022-11-18 10:18:43.929374,12,1483.0,568.0
2022-11-18 10:18:43.939308,12,1492.0,556.0
2022-11-18 10:18:43.950496,12,1504.0,543.0
2022-11-18 10:18:43.960540,12,1517.0,526.0
2022-11-18 10:18:43.970743,12,1529.0,513.0
2022-11-18 10:18:43.980119,12,1548.0,494.0
2022-11-18 10:18:43.991802,12,1559.0,480.0
2022-11-18 10:18:44.001308,12,1569.0,465.0
2022-11-18 10:18:44.011376,12,1578.0,453.0
2022-11-18 10:18:44.020373,12,1586.0,444.0
2022-11-18 10:18:44.031041,12,1592.0,439.0
2022-11-18 10:18:44.041032,12,1600.0,433.0
2022-11-18 10:18:44.051032,12,1607.0,427.0
2022-11-18 10:18:44.060345,12,1612.0,421.0
2022-11-18 10:18:44.071549,12,1616.0,415.0
2022-11-18 10:18:44.081340,12,1619.0,410.0
2022-11-18 10:18:44.091339,12,1627.0,402.0
2022-11-18 10:18:44.100400,12,1634.0,395.0
2022-11-18 10:18:44.110119,12,1640.0,389.0
2022-11-18 10:18:44.121699,12,1650.0,380.0
2022-11-18 10:18:44.132672,12,1657.0,374.0
2022-11-18 10:18:44.139940,12,1663.0,367.0
2022-11-18 10:18:44.149940,12,1669.0,358.0
2022-11-18 10:18:44.161924,12,1674.0,351.0
2022-11-18 10:18:44.170928,12,1680.0,343.0
2022-11-18 10:18:44.181108,12,1686.0,338.0
2022-11-18 10:18:44.190650,12,1694.0,330.0
2022-11-18 10:18:44.201356,12,1699.0,326.0
2022-11-18 10:18:44.211356,12,1704.0,320.0
2022-11-18 10:18:44.221392,12,1709.0,314.0
2022-11-18 10:18:45.659320,13,201.0,801.0
2022-11-18 10:18:45.667318,13,201.0,802.0
2022-11-18 10:18:45.737133,13,202.0,803.0
2022-11-18 10:18:45.777420,13,203.0,803.0
2022-11-18 10:18:45.787241,13,204.0,803.0
2022-11-18 10:18:45.797240,13,204.0,802.0
2022-11-18 10:18:45.806119,13,207.0,801.0
2022-11-18 10:18:45.817362,13,209.0,799.0
2022-11-18 10:18:45.827393,13,214.0,796.0
2022-11-18 10:18:45.837190,13,220.0,792.0
2022-11-18 10:18:45.847175,13,227.0,788.0
2022-11-18 10:18:45.857166,13,239.0,782.0
2022-11-18 10:18:45.868181,13,252.0,777.0
2022-11-18 10:18:45.878445,13,268.0,772.0
2022-11-18 10:18:45.888427,13,287.0,768.0
2022-11-18 10:18:45.897661,13,305.0,762.0
2022-11-18 10:18:45.908825,13,318.0,759.0
2022-11-18 10:18:45.918535,13,337.0,754.0
2022-11-18 10:18:45.928535,13,350.0,751.0
2022-11-18 10:18:45.937684,13,361.0,750.0
2022-11-18 10:18:45.948341,13,371.0,749.0
2022-11-18 10:18:45.958339,13,382.0,748.0
2022-11-18 10:18:45.968706,13,390.0,747.0
2022-11-18 10:18:45.977491,13,398.0,747.0
2022-11-18 10:18:45.987460,13,404.0,747.0
2022-11-18 10:18:45.998461,13,414.0,747.0
2022-11-18 10:18:46.008722,13,425.0,747.0
2022-11-18 10:18:46.018767,13,438.0,747.0
2022-11-18 10:18:46.028260,13,449.0,747.0
2022-11-18 10:18:46.039479,13,461.0,747.0
2022-11-18 10:18:46.049903,13,471.0,747.0
2022-11-18 10:18:46.059149,13,484.0,747.0
2022-11-18 10:18:46.068387,13,494.0,747.0
2022-11-18 10:18:46.079779,13,503.0,747.0
2022-11-18 10:18:46.089189,13,513.0,747.0
2022-11-18 10:18:46.099558,13,521.0,746.0
2022-11-18 10:18:46.108578,13,530.0,745.0
2022-11-18 10:18:46.119008,13,536.0,744.0
2022-11-18 10:18:46.129613,13,546.0,742.0
2022-11-18 10:18:46.139651,13,556.0,740.0
2022-11-18 10:18:46.148646,13,566.0,738.0
2022-11-18 10:18:46.159652,13,573.0,735.0
2022-11-18 10:18:46.169254,13,580.0,731.0
2022-11-18 10:18:46.178905,13,585.0,727.0
2022-11-18 10:18:46.187804,13,590.0,723.0
2022-11-18 10:18:46.198291,13,594.0,719.0
2022-11-18 10:18:46.209635,13,596.0,717.0
2022-11-18 10:18:46.219931,13,602.0,713.0
2022-11-18 10:18:46.229788,13,611.0,707.0
2022-11-18 10:18:46.238797,13,619.0,701.0
2022-11-18 10:18:46.249746,13,626.0,694.0
2022-11-18 10:18:46.259753,13,636.0,686.0
2022-11-18 10:18:46.269307,13,646.0,678.0
2022-11-18 10:18:46.278307,13,657.0,669.0
2022-11-18 10:18:46.289640,13,670.0,663.0
2022-11-18 10:18:46.299324,13,687.0,652.0
2022-11-18 10:18:46.309486,13,708.0,640.0
2022-11-18 10:18:46.318039,13,731.0,629.0
2022-11-18 10:18:46.329478,13,744.0,622.0
2022-11-18 10:18:46.339329,13,763.0,610.0
2022-11-18 10:18:46.349452,13,776.0,602.0
2022-11-18 10:18:46.359318,13,795.0,590.0
2022-11-18 10:18:46.369343,13,807.0,582.0
2022-11-18 10:18:46.380725,13,815.0,576.0
2022-11-18 10:18:46.390021,13,821.0,572.0
2022-11-18 10:18:46.401022,13,825.0,567.0
2022-11-18 10:18:46.409969,13,831.0,563.0
2022-11-18 10:18:46.419940,13,834.0,560.0
2022-11-18 10:18:46.430611,13,840.0,556.0
2022-11-18 10:18:46.440506,13,845.0,552.0
2022-11-18 10:18:46.448957,13,849.0,549.0
2022-11-18 10:18:46.460194,13,851.0,547.0
2022-11-18 10:18:46.470719,13,853.0,545.0
2022-11-18 10:18:46.480144,13,854.0,544.0
2022-11-18 10:18:46.489144,13,857.0,542.0
2022-11-18 10:18:46.500378,13,858.0,542.0
2022-11-18 10:18:46.510802,13,861.0,541.0
2022-11-18 10:18:46.520807,13,864.0,540.0
2022-11-18 10:18:46.530808,13,867.0,538.0
2022-11-18 10:18:46.540809,13,869.0,538.0
2022-11-18 10:18:46.551813,13,870.0,538.0
2022-11-18 10:18:46.571844,13,873.0,536.0
2022-11-18 10:18:46.580280,13,874.0,536.0
2022-11-18 10:18:46.591279,13,875.0,536.0
2022-11-18 10:18:46.601538,13,878.0,536.0
2022-11-18 10:18:46.611059,13,882.0,536.0
2022-11-18 10:18:46.620576,13,889.0,536.0
2022-11-18 10:18:46.631297,13,897.0,536.0
2022-11-18 10:18:46.641466,13,903.0,536.0
2022-11-18 10:18:46.651705,13,909.0,536.0
2022-11-18 10:18:46.660445,13,913.0,536.0
2022-11-18 10:18:46.671859,13,917.0,536.0
2022-11-18 10:18:46.681201,13,925.0,537.0
2022-11-18 10:18:46.691203,13,932.0,537.0
2022-11-18 10:18:46.700960,13,941.0,537.0
2022-11-18 10:18:46.709957,13,947.0,537.0
2022-11-18 10:18:46.721298,13,955.0,537.0
2022-11-18 10:18:46.732100,13,959.0,537.0
2022-11-18 10:18:46.741203,13,962.0,537.0
2022-11-18 10:18:46.750166,13,966.0,537.0
2022-11-18 10:18:46.761166,13,969.0,537.0
2022-11-18 10:18:46.771203,13,975.0,537.0
2022-11-18 10:18:46.781196,13,984.0,537.0
2022-11-18 10:18:46.790196,13,995.0,540.0
2022-11-18 10:18:46.802070,13,1007.0,541.0
2022-11-18 10:18:46.811068,13,1018.0,541.0
2022-11-18 10:18:46.821069,13,1030.0,542.0
2022-11-18 10:18:46.830063,13,1040.0,545.0
2022-11-18 10:18:46.841051,13,1047.0,545.0
2022-11-18 10:18:46.851051,13,1053.0,546.0
2022-11-18 10:18:46.861051,13,1057.0,547.0
2022-11-18 10:18:46.871061,13,1062.0,548.0
2022-11-18 10:18:46.881052,13,1067.0,550.0
2022-11-18 10:18:46.892060,13,1076.0,553.0
2022-11-18 10:18:46.902785,13,1092.0,557.0
2022-11-18 10:18:46.912388,13,1112.0,565.0
2022-11-18 10:18:46.921389,13,1126.0,571.0
2022-11-18 10:18:46.932539,13,1138.0,576.0
2022-11-18 10:18:46.942284,13,1152.0,582.0
2022-11-18 10:18:46.952285,13,1170.0,588.0
2022-11-18 10:18:46.960977,13,1188.0,595.0
2022-11-18 10:18:46.971970,13,1202.0,603.0
2022-11-18 10:18:46.982103,13,1222.0,609.0
2022-11-18 10:18:46.992137,13,1239.0,612.0
2022-11-18 10:18:47.002107,13,1256.0,617.0
2022-11-18 10:18:47.012104,13,1266.0,620.0
2022-11-18 10:18:47.022505,13,1276.0,621.0
2022-11-18 10:18:47.032885,13,1282.0,621.0
2022-11-18 10:18:47.042888,13,1288.0,621.0
2022-11-18 10:18:47.052890,13,1293.0,621.0
2022-11-18 10:18:47.063899,13,1297.0,621.0
2022-11-18 10:18:47.073952,13,1303.0,621.0
2022-11-18 10:18:47.083087,13,1310.0,621.0
2022-11-18 10:18:47.092352,13,1319.0,621.0
2022-11-18 10:18:47.103845,13,1327.0,620.0
2022-11-18 10:18:47.112858,13,1335.0,616.0
2022-11-18 10:18:47.123080,13,1342.0,613.0
2022-11-18 10:18:47.132653,13,1346.0,608.0
2022-11-18 10:18:47.143401,13,1348.0,604.0
2022-11-18 10:18:47.153414,13,1352.0,598.0
2022-11-18 10:18:47.163416,13,1354.0,593.0
2022-11-18 10:18:47.171966,13,1357.0,587.0
2022-11-18 10:18:47.183963,13,1360.0,582.0
2022-11-18 10:18:47.193965,13,1363.0,575.0
2022-11-18 10:18:47.202964,13,1368.0,568.0
2022-11-18 10:18:47.211963,13,1373.0,560.0
2022-11-18 10:18:47.222526,13,1375.0,553.0
2022-11-18 10:18:47.233244,13,1379.0,543.0
2022-11-18 10:18:47.242996,13,1384.0,532.0
2022-11-18 10:18:47.253001,13,1390.0,519.0
2022-11-18 10:18:47.262259,13,1395.0,508.0
2022-11-18 10:18:47.273000,13,1399.0,500.0
2022-11-18 10:18:47.283050,13,1408.0,486.0
2022-11-18 10:18:47.293041,13,1413.0,477.0
2022-11-18 10:18:47.302041,13,1418.0,467.0
2022-11-18 10:18:47.313046,13,1423.0,458.0
2022-11-18 10:18:47.324049,13,1427.0,450.0
2022-11-18 10:18:47.333048,13,1432.0,441.0
2022-11-18 10:18:47.342081,13,1437.0,433.0
2022-11-18 10:18:47.353560,13,1440.0,428.0
2022-11-18 10:18:47.363821,13,1445.0,421.0
2022-11-18 10:18:47.373821,13,1448.0,414.0
2022-11-18 10:18:47.383373,13,1452.0,407.0
2022-11-18 10:18:47.393675,13,1456.0,401.0
2022-11-18 10:18:47.404371,13,1460.0,393.0
2022-11-18 10:18:47.414537,13,1464.0,387.0
2022-11-18 10:18:47.424808,13,1469.0,380.0
2022-11-18 10:18:47.433536,13,1472.0,372.0
2022-11-18 10:18:47.444038,13,1474.0,366.0
2022-11-18 10:18:47.454039,13,1476.0,359.0
2022-11-18 10:18:47.465041,13,1478.0,351.0
2022-11-18 10:18:47.473070,13,1480.0,344.0
2022-11-18 10:18:47.484254,13,1482.0,338.0
2022-11-18 10:18:47.494014,13,1483.0,332.0
2022-11-18 10:18:47.504003,13,1484.0,326.0
2022-11-18 10:18:47.513010,13,1486.0,322.0
2022-11-18 10:18:47.525013,13,1487.0,316.0
2022-11-18 10:18:47.534327,13,1487.0,311.0
2022-11-18 10:18:47.544696,13,1488.0,305.0
2022-11-18 10:18:47.554551,13,1489.0,300.0
2022-11-18 10:18:47.564638,13,1489.0,294.0
2022-11-18 10:18:47.575416,13,1489.0,289.0
2022-11-18 10:18:47.585695,13,1489.0,284.0
2022-11-18 10:18:47.595008,13,1489.0,277.0
2022-11-18 10:18:47.604363,13,1489.0,272.0
2022-11-18 10:18:47.615370,13,1489.0,268.0
2022-11-18 10:18:47.625372,13,1489.0,261.0
2022-11-18 10:18:47.635362,13,1489.0,256.0
2022-11-18 10:18:47.644370,13,1490.0,249.0
2022-11-18 10:18:47.655772,13,1491.0,246.0
2022-11-18 10:18:47.666001,13,1491.0,241.0
2022-11-18 10:18:47.675371,13,1492.0,237.0
2022-11-18 10:18:47.684535,13,1493.0,232.0
2022-11-18 10:18:47.695430,13,1493.0,228.0
2022-11-18 10:18:47.705942,13,1493.0,225.0
2022-11-18 10:18:47.714943,13,1494.0,220.0
2022-11-18 10:18:47.724891,13,1494.0,216.0
2022-11-18 10:18:47.735912,13,1494.0,211.0
2022-11-18 10:18:47.745661,13,1496.0,208.0
2022-11-18 10:18:47.755702,13,1496.0,203.0
2022-11-18 10:18:47.765746,13,1497.0,199.0
2022-11-18 10:18:47.774143,13,1497.0,193.0
2022-11-18 10:18:47.786106,13,1497.0,189.0
2022-11-18 10:18:47.796107,13,1498.0,183.0
2022-11-18 10:18:47.805415,13,1500.0,178.0
2022-11-18 10:18:47.814789,13,1500.0,174.0
2022-11-18 10:18:47.825811,13,1501.0,168.0
2022-11-18 10:18:47.835134,13,1501.0,164.0
2022-11-18 10:18:49.141855,14,601.0,601.0
2022-11-18 10:18:49.150856,14,602.0,601.0
2022-11-18 10:18:49.161214,14,606.0,599.0
2022-11-18 10:18:49.171477,14,614.0,596.0
2022-11-18 10:18:49.180901,14,620.0,593.0
2022-11-18 10:18:49.191132,14,626.0,592.0
2022-11-18 10:18:49.201453,14,634.0,590.0
2022-11-18 10:18:49.211689,14,641.0,587.0
2022-11-18 10:18:49.220710,14,648.0,587.0
2022-11-18 10:18:49.231233,14,656.0,586.0
2022-11-18 10:18:49.241587,14,667.0,586.0
2022-11-18 10:18:49.251414,14,682.0,585.0
2022-11-18 10:18:49.260370,14,693.0,585.0
2022-11-18 10:18:49.271376,14,706.0,585.0
2022-11-18 10:18:49.280961,14,720.0,585.0
2022-11-18 10:18:49.290949,14,730.0,585.0
2022-11-18 10:18:49.301111,14,740.0,585.0
2022-11-18 10:18:49.310440,14,749.0,585.0
2022-11-18 10:18:49.321523,14,756.0,585.0
2022-11-18 10:18:49.331530,14,764.0,585.0
2022-11-18 10:18:49.341668,14,773.0,585.0
2022-11-18 10:18:49.349993,14,779.0,585.0
2022-11-18 10:18:49.360993,14,783.0,585.0
2022-11-18 10:18:49.372000,14,787.0,585.0
2022-11-18 10:18:49.381553,14,790.0,585.0
2022-11-18 10:18:49.390577,14,794.0,585.0
2022-11-18 10:18:49.401585,14,800.0,585.0
2022-11-18 10:18:49.411579,14,805.0,585.0
2022-11-18 10:18:49.421576,14,812.0,585.0
2022-11-18 10:18:49.431246,14,817.0,585.0
2022-11-18 10:18:49.442501,14,823.0,583.0
2022-11-18 10:18:49.452316,14,827.0,582.0
2022-11-18 10:18:49.462290,14,831.0,581.0
2022-11-18 10:18:49.472316,14,835.0,579.0
2022-11-18 10:18:49.481928,14,838.0,577.0
2022-11-18 10:18:49.491970,14,842.0,575.0
2022-11-18 10:18:49.502797,14,846.0,574.0
2022-11-18 10:18:49.512639,14,852.0,571.0
2022-11-18 10:18:49.521637,14,859.0,569.0
2022-11-18 10:18:49.532655,14,864.0,566.0
2022-11-18 10:18:49.542860,14,870.0,564.0
2022-11-18 10:18:49.552146,14,876.0,561.0
2022-11-18 10:18:49.561133,14,881.0,559.0
2022-11-18 10:18:49.572287,14,884.0,558.0
2022-11-18 10:18:49.582233,14,892.0,556.0
2022-11-18 10:18:49.592233,14,899.0,555.0
2022-11-18 10:18:49.602269,14,908.0,553.0
2022-11-18 10:18:49.613499,14,918.0,553.0
2022-11-18 10:18:49.623536,14,929.0,553.0
2022-11-18 10:18:49.634014,14,940.0,553.0
2022-11-18 10:18:49.643365,14,953.0,551.0
2022-11-18 10:18:49.653329,14,964.0,550.0
2022-11-18 10:18:49.663346,14,974.0,549.0
2022-11-18 10:18:49.673346,14,985.0,549.0
2022-11-18 10:18:49.683338,14,994.0,549.0
2022-11-18 10:18:49.692344,14,1002.0,549.0
2022-11-18 10:18:49.704009,14,1011.0,549.0
2022-11-18 10:18:49.713659,14,1020.0,549.0
2022-11-18 10:18:49.723371,14,1031.0,549.0
2022-11-18 10:18:49.732800,14,1040.0,549.0
2022-11-18 10:18:49.743489,14,1048.0,549.0
2022-11-18 10:18:49.753488,14,1057.0,548.0
2022-11-18 10:18:49.763489,14,1063.0,548.0
2022-11-18 10:18:49.772928,14,1070.0,546.0
2022-11-18 10:18:49.783960,14,1073.0,546.0
2022-11-18 10:18:49.792997,14,1076.0,545.0
2022-11-18 10:18:49.803499,14,1081.0,543.0
2022-11-18 10:18:49.813414,14,1083.0,542.0
2022-11-18 10:18:49.823415,14,1084.0,542.0
2022-11-18 10:18:49.833415,14,1086.0,541.0
2022-11-18 10:18:49.843824,14,1088.0,540.0
2022-11-18 10:18:49.852898,14,1089.0,539.0
2022-11-18 10:18:49.862873,14,1090.0,539.0
2022-11-18 10:18:49.873637,14,1093.0,537.0
2022-11-18 10:18:49.883406,14,1096.0,536.0
2022-11-18 10:18:49.893739,14,1101.0,533.0
2022-11-18 10:18:49.902839,14,1107.0,532.0
2022-11-18 10:18:49.913837,14,1114.0,531.0
2022-11-18 10:18:49.923152,14,1122.0,527.0
2022-11-18 10:18:49.933125,14,1128.0,525.0
2022-11-18 10:18:49.943119,14,1134.0,523.0
2022-11-18 10:18:49.954125,14,1139.0,521.0
2022-11-18 10:18:49.964125,14,1142.0,519.0
2022-11-18 10:18:49.975152,14,1145.0,519.0
2022-11-18 10:18:49.985293,14,1153.0,517.0
2022-11-18 10:18:49.993811,14,1161.0,517.0
2022-11-18 10:18:50.004604,14,1168.0,517.0
2022-11-18 10:18:50.014403,14,1173.0,516.0
2022-11-18 10:18:50.024416,14,1178.0,514.0
2022-11-18 10:18:50.033410,14,1181.0,514.0
2022-11-18 10:18:50.044457,14,1182.0,513.0
2022-11-18 10:18:50.054490,14,1183.0,513.0
2022-11-18 10:18:50.064218,14,1184.0,512.0
2022-11-18 10:18:50.073222,14,1186.0,511.0
2022-11-18 10:18:50.084017,14,1188.0,511.0
2022-11-18 10:18:50.094024,14,1191.0,509.0
2022-11-18 10:18:51.339738,15,500.0,902.0
2022-11-18 10:18:51.349742,15,500.0,901.0
2022-11-18 10:18:51.359788,15,500.0,900.0
2022-11-18 10:18:51.369779,15,501.0,900.0
2022-11-18 10:18:51.379657,15,502.0,898.0
2022-11-18 10:18:51.389682,15,504.0,896.0
2022-11-18 10:18:51.398686,15,507.0,893.0
2022-11-18 10:18:51.409693,15,512.0,889.0
2022-11-18 10:18:51.419694,15,517.0,885.0
2022-11-18 10:18:51.429732,15,522.0,881.0
2022-11-18 10:18:51.438822,15,526.0,877.0
2022-11-18 10:18:51.449799,15,531.0,871.0
2022-11-18 10:18:51.459315,15,537.0,866.0
2022-11-18 10:18:51.469687,15,545.0,860.0
2022-11-18 10:18:51.479686,15,552.0,852.0
2022-11-18 10:18:51.490320,15,559.0,845.0
2022-11-18 10:18:51.500577,15,566.0,837.0
2022-11-18 10:18:51.510575,15,572.0,830.0
2022-11-18 10:18:51.520594,15,579.0,822.0
2022-11-18 10:18:51.530192,15,585.0,814.0
2022-11-18 10:18:51.540196,15,591.0,807.0
2022-11-18 10:18:51.550252,15,597.0,801.0
2022-11-18 10:18:51.560626,15,602.0,794.0
2022-11-18 10:18:51.569632,15,606.0,790.0
2022-11-18 10:18:51.580285,15,610.0,786.0
2022-11-18 10:18:51.590880,15,614.0,781.0
2022-11-18 10:18:51.599884,15,617.0,776.0
2022-11-18 10:18:51.609778,15,620.0,771.0
2022-11-18 10:18:51.620255,15,624.0,767.0
2022-11-18 10:18:51.630375,15,629.0,762.0
2022-11-18 10:18:51.640413,15,633.0,759.0
2022-11-18 10:18:51.650490,15,635.0,756.0
2022-11-18 10:18:51.661430,15,637.0,754.0
2022-11-18 10:18:51.671430,15,640.0,752.0
2022-11-18 10:18:51.681432,15,644.0,747.0
2022-11-18 10:18:51.691464,15,647.0,744.0
2022-11-18 10:18:51.701429,15,651.0,739.0
2022-11-18 10:18:51.711430,15,655.0,734.0
2022-11-18 10:18:51.721117,15,660.0,729.0
2022-11-18 10:18:51.731107,15,665.0,724.0
2022-11-18 10:18:51.740107,15,670.0,720.0
2022-11-18 10:18:51.751124,15,673.0,717.0
2022-11-18 10:18:51.761117,15,678.0,714.0
2022-11-18 10:18:51.771807,15,684.0,708.0
2022-11-18 10:18:51.780808,15,689.0,704.0
2022-11-18 10:18:51.791491,15,694.0,700.0
2022-11-18 10:18:51.801491,15,701.0,693.0
2022-11-18 10:18:51.811494,15,707.0,688.0
2022-11-18 10:18:51.820755,15,714.0,683.0
2022-11-18 10:18:51.831524,15,719.0,678.0
2022-11-18 10:18:51.842177,15,728.0,673.0
2022-11-18 10:18:51.851822,15,733.0,669.0
2022-11-18 10:18:51.861003,15,739.0,663.0
2022-11-18 10:18:51.871540,15,744.0,657.0
2022-11-18 10:18:51.881540,15,747.0,653.0
2022-11-18 10:18:51.891823,15,751.0,649.0
2022-11-18 10:18:51.901399,15,755.0,646.0
2022-11-18 10:18:51.910021,15,760.0,642.0
2022-11-18 10:18:51.921023,15,762.0,640.0
2022-11-18 10:18:51.931016,15,766.0,637.0
2022-11-18 10:18:51.941017,15,771.0,633.0
2022-11-18 10:18:51.950789,15,776.0,629.0
2022-11-18 10:18:51.961172,15,781.0,625.0
2022-11-18 10:18:51.971212,15,787.0,621.0
2022-11-18 10:18:51.981943,15,791.0,618.0
2022-11-18 10:18:51.991301,15,797.0,614.0
2022-11-18 10:18:52.002350,15,800.0,612.0
2022-11-18 10:18:52.013174,15,804.0,609.0
2022-11-18 10:18:52.022205,15,809.0,605.0
2022-11-18 10:18:52.032211,15,814.0,602.0
2022-11-18 10:18:52.042497,15,819.0,600.0
2022-11-18 10:18:52.052413,15,825.0,597.0
2022-11-18 10:18:52.062198,15,831.0,591.0
2022-11-18 10:18:52.072888,15,836.0,587.0
2022-11-18 10:18:52.081771,15,843.0,584.0
2022-11-18 10:18:52.092080,15,849.0,581.0
2022-11-18 10:18:52.102040,15,854.0,578.0
2022-11-18 10:18:52.112841,15,859.0,575.0
2022-11-18 10:18:52.120868,15,864.0,572.0
2022-11-18 10:18:52.132159,15,867.0,570.0
2022-11-18 10:18:52.142426,15,872.0,567.0
2022-11-18 10:18:52.152177,15,875.0,566.0
2022-11-18 10:18:52.162168,15,879.0,564.0
2022-11-18 10:18:52.173207,15,883.0,561.0
2022-11-18 10:18:52.183209,15,888.0,560.0
2022-11-18 10:18:52.193199,15,894.0,556.0
2022-11-18 10:18:52.203035,15,901.0,554.0
2022-11-18 10:18:52.213044,15,905.0,552.0
2022-11-18 10:18:52.223034,15,909.0,550.0
2022-11-18 10:18:52.233184,15,912.0,549.0
2022-11-18 10:18:52.243307,15,916.0,547.0
2022-11-18 10:18:52.253306,15,917.0,546.0
2022-11-18 10:18:52.263307,15,921.0,545.0
2022-11-18 10:18:52.273312,15,924.0,544.0
2022-11-18 10:18:52.283400,15,928.0,543.0
2022-11-18 10:18:52.292391,15,934.0,541.0
2022-11-18 10:18:52.303559,15,936.0,540.0
2022-11-18 10:18:52.313221,15,944.0,538.0
2022-11-18 10:18:52.323212,15,948.0,537.0
2022-11-18 10:18:52.332141,15,956.0,535.0
2022-11-18 10:18:52.343499,15,964.0,533.0
2022-11-18 10:18:52.353886,15,970.0,530.0
2022-11-18 10:18:52.363182,15,974.0,530.0
2022-11-18 10:18:52.373754,15,980.0,527.0
2022-11-18 10:18:52.383210,15,984.0,526.0
2022-11-18 10:18:52.393209,15,989.0,525.0
2022-11-18 10:18:52.403442,15,993.0,523.0
2022-11-18 10:18:52.413421,15,997.0,523.0
2022-11-18 10:18:52.423411,15,1002.0,520.0
2022-11-18 10:18:52.433140,15,1004.0,520.0
2022-11-18 10:18:52.443676,15,1008.0,518.0
2022-11-18 10:18:52.453269,15,1013.0,517.0
2022-11-18 10:18:52.462379,15,1019.0,515.0
2022-11-18 10:18:52.473950,15,1025.0,513.0
2022-11-18 10:18:52.482947,15,1029.0,510.0
2022-11-18 10:18:52.492950,15,1032.0,508.0
2022-11-18 10:18:52.503219,15,1035.0,505.0
2022-11-18 10:18:52.514208,15,1036.0,504.0
2022-11-18 10:18:52.524784,15,1037.0,502.0
2022-11-18 10:18:52.534406,15,1037.0,501.0
2022-11-18 10:18:52.544408,15,1038.0,500.0
2022-11-18 10:18:52.554407,15,1039.0,498.0
2022-11-18 10:18:52.564423,15,1040.0,496.0
2022-11-18 10:18:52.574425,15,1041.0,493.0
2022-11-18 10:18:52.584415,15,1043.0,488.0
2022-11-18 10:18:52.594421,15,1045.0,484.0
2022-11-18 10:18:52.604691,15,1046.0,480.0
2022-11-18 10:18:52.614694,15,1048.0,473.0
2022-11-18 10:18:52.624734,15,1050.0,465.0
2022-11-18 10:18:52.633141,15,1052.0,457.0
2022-11-18 10:18:52.644144,15,1054.0,450.0
2022-11-18 10:18:52.654245,15,1058.0,441.0
2022-11-18 10:18:52.664244,15,1060.0,429.0
2022-11-18 10:18:52.674253,15,1063.0,420.0
2022-11-18 10:18:52.685244,15,1067.0,409.0
2022-11-18 10:18:52.695807,15,1070.0,396.0
2022-11-18 10:18:52.705553,15,1072.0,386.0
2022-11-18 10:18:52.715295,15,1076.0,374.0
2022-11-18 10:18:52.725603,15,1077.0,364.0
2022-11-18 10:18:52.735065,15,1080.0,355.0
2022-11-18 10:18:52.745273,15,1082.0,343.0
2022-11-18 10:18:52.755071,15,1085.0,336.0
2022-11-18 10:18:52.766043,15,1086.0,326.0
2022-11-18 10:18:52.775135,15,1088.0,318.0
2022-11-18 10:18:52.785810,15,1089.0,308.0
2022-11-18 10:18:52.795800,15,1090.0,298.0
2022-11-18 10:18:52.804585,15,1093.0,293.0
2022-11-18 10:18:52.815112,15,1093.0,285.0
2022-11-18 10:18:52.825114,15,1094.0,279.0
2022-11-18 10:18:52.836084,15,1096.0,272.0
2022-11-18 10:18:52.844091,15,1097.0,265.0
2022-11-18 10:18:52.855682,15,1097.0,261.0
2022-11-18 10:18:52.865706,15,1097.0,257.0
2022-11-18 10:18:52.875882,15,1098.0,253.0
2022-11-18 10:18:52.885538,15,1100.0,249.0
2022-11-18 10:18:52.895695,15,1100.0,248.0
2022-11-18 10:18:52.905293,15,1100.0,245.0
2022-11-18 10:18:52.915043,15,1100.0,244.0
2022-11-18 10:18:52.925284,15,1100.0,242.0
2022-11-18 10:18:52.935464,15,1100.0,241.0
2022-11-18 10:18:52.945217,15,1100.0,239.0
2022-11-18 10:18:52.955216,15,1101.0,238.0
2022-11-18 10:18:52.965217,15,1101.0,236.0
2022-11-18 10:18:52.974913,15,1101.0,234.0
2022-11-18 10:18:52.984952,15,1101.0,232.0
2022-11-18 10:18:52.994958,15,1101.0,229.0
2022-11-18 10:18:53.005961,15,1103.0,223.0
2022-11-18 10:18:53.015083,15,1104.0,220.0
2022-11-18 10:18:53.026538,15,1104.0,215.0
