2022-11-18 11:25:44.464857,9,1500.0,150.0
2022-11-18 11:25:44.657631,9,1501.0,150.0
2022-11-18 11:25:44.677154,9,1501.0,151.0
2022-11-18 11:25:44.686968,9,1500.0,151.0
2022-11-18 11:25:44.697414,9,1499.0,152.0
2022-11-18 11:25:44.707137,9,1498.0,154.0
2022-11-18 11:25:44.717410,9,1497.0,154.0
2022-11-18 11:25:44.727010,9,1496.0,155.0
2022-11-18 11:25:44.738150,9,1495.0,156.0
2022-11-18 11:25:44.747151,9,1495.0,157.0
2022-11-18 11:25:44.757233,9,1494.0,157.0
2022-11-18 11:25:44.766518,9,1492.0,158.0
2022-11-18 11:25:44.778307,9,1491.0,159.0
2022-11-18 11:25:44.797802,9,1489.0,161.0
2022-11-18 11:25:44.807313,9,1487.0,162.0
2022-11-18 11:25:44.818320,9,1486.0,163.0
2022-11-18 11:25:44.827116,9,1485.0,163.0
2022-11-18 11:25:44.836420,9,1483.0,165.0
2022-11-18 11:25:44.846837,9,1481.0,166.0
2022-11-18 11:25:44.858307,9,1478.0,168.0
2022-11-18 11:25:44.867569,9,1475.0,169.0
2022-11-18 11:25:44.877417,9,1473.0,170.0
2022-11-18 11:25:44.887057,9,1471.0,171.0
2022-11-18 11:25:44.897232,9,1468.0,172.0
2022-11-18 11:25:44.907518,9,1465.0,173.0
2022-11-18 11:25:44.917520,9,1463.0,175.0
2022-11-18 11:25:44.927114,9,1460.0,175.0
2022-11-18 11:25:44.936553,9,1458.0,177.0
2022-11-18 11:25:44.947807,9,1454.0,178.0
2022-11-18 11:25:44.957316,9,1452.0,178.0
2022-11-18 11:25:44.967373,9,1449.0,179.0
2022-11-18 11:25:44.977307,9,1447.0,179.0
2022-11-18 11:25:44.988311,9,1442.0,180.0
2022-11-18 11:25:44.997803,9,1439.0,181.0
2022-11-18 11:25:45.008226,9,1435.0,182.0
2022-11-18 11:25:45.018227,9,1432.0,184.0
2022-11-18 11:25:45.027893,9,1429.0,184.0
2022-11-18 11:25:45.038894,9,1426.0,184.0
2022-11-18 11:25:45.048068,9,1425.0,184.0
2022-11-18 11:25:45.058240,9,1421.0,184.0
2022-11-18 11:25:45.067480,9,1418.0,184.0
2022-11-18 11:25:45.078623,9,1415.0,184.0
2022-11-18 11:25:45.087495,9,1411.0,184.0
2022-11-18 11:25:45.097896,9,1406.0,184.0
2022-11-18 11:25:45.108311,9,1401.0,184.0
2022-11-18 11:25:45.118939,9,1395.0,186.0
2022-11-18 11:25:45.127982,9,1390.0,187.0
2022-11-18 11:25:45.138326,9,1385.0,187.0
2022-11-18 11:25:45.148360,9,1378.0,187.0
2022-11-18 11:25:45.158725,9,1371.0,188.0
2022-11-18 11:25:45.168906,9,1366.0,188.0
2022-11-18 11:25:45.179300,9,1360.0,189.0
2022-11-18 11:25:45.188941,9,1355.0,190.0
2022-11-18 11:25:45.200054,9,1349.0,192.0
2022-11-18 11:25:45.210093,9,1345.0,192.0
2022-11-18 11:25:45.219095,9,1340.0,192.0
2022-11-18 11:25:45.229306,9,1335.0,193.0
2022-11-18 11:25:45.239473,9,1330.0,195.0
2022-11-18 11:25:45.250321,9,1324.0,196.0
2022-11-18 11:25:45.258769,9,1318.0,198.0
2022-11-18 11:25:45.268906,9,1312.0,201.0
2022-11-18 11:25:45.278913,9,1306.0,202.0
2022-11-18 11:25:45.289967,9,1300.0,204.0
2022-11-18 11:25:45.299228,9,1295.0,205.0
2022-11-18 11:25:45.309518,9,1291.0,207.0
2022-11-18 11:25:45.318740,9,1285.0,208.0
2022-11-18 11:25:45.329804,9,1280.0,210.0
2022-11-18 11:25:45.338802,9,1275.0,211.0
2022-11-18 11:25:45.349015,9,1270.0,214.0
2022-11-18 11:25:45.358842,9,1265.0,215.0
2022-11-18 11:25:45.369929,9,1258.0,217.0
2022-11-18 11:25:45.379916,9,1252.0,220.0
2022-11-18 11:25:45.388721,9,1245.0,222.0
2022-11-18 11:25:45.398840,9,1239.0,225.0
2022-11-18 11:25:45.408842,9,1230.0,227.0
2022-11-18 11:25:45.420475,9,1224.0,230.0
2022-11-18 11:25:45.429087,9,1213.0,233.0
2022-11-18 11:25:45.439388,9,1207.0,235.0
2022-11-18 11:25:45.449240,9,1196.0,239.0
2022-11-18 11:25:45.459333,9,1184.0,242.0
2022-11-18 11:25:45.468618,9,1175.0,246.0
2022-11-18 11:25:45.478934,9,1167.0,249.0
2022-11-18 11:25:45.489320,9,1157.0,252.0
2022-11-18 11:25:45.500368,9,1148.0,256.0
2022-11-18 11:25:45.510308,9,1138.0,259.0
2022-11-18 11:25:45.519712,9,1130.0,263.0
2022-11-18 11:25:45.529946,9,1122.0,265.0
2022-11-18 11:25:45.540955,9,1114.0,269.0
2022-11-18 11:25:45.551145,9,1105.0,271.0
2022-11-18 11:25:45.560168,9,1097.0,275.0
2022-11-18 11:25:45.570315,9,1090.0,278.0
2022-11-18 11:25:45.579724,9,1080.0,281.0
2022-11-18 11:25:45.590985,9,1072.0,285.0
2022-11-18 11:25:45.600019,9,1062.0,288.0
2022-11-18 11:25:45.609438,9,1057.0,290.0
2022-11-18 11:25:45.620064,9,1049.0,293.0
2022-11-18 11:25:45.631047,9,1041.0,297.0
2022-11-18 11:25:45.640314,9,1032.0,299.0
2022-11-18 11:25:45.649799,9,1026.0,303.0
2022-11-18 11:25:45.659610,9,1019.0,304.0
2022-11-18 11:25:45.671299,9,1013.0,307.0
2022-11-18 11:25:45.681452,9,1007.0,310.0
2022-11-18 11:25:45.690781,9,1002.0,311.0
2022-11-18 11:25:45.700759,9,997.0,313.0
2022-11-18 11:25:45.711499,9,990.0,315.0
2022-11-18 11:25:45.721535,9,986.0,316.0
2022-11-18 11:25:45.731548,9,982.0,318.0
2022-11-18 11:25:45.740889,9,977.0,319.0
2022-11-18 11:25:45.750754,9,972.0,321.0
2022-11-18 11:25:45.761909,9,967.0,323.0
2022-11-18 11:25:45.771446,9,961.0,324.0
2022-11-18 11:25:45.780619,9,956.0,327.0
2022-11-18 11:25:45.790583,9,951.0,328.0
2022-11-18 11:25:45.802358,9,946.0,331.0
2022-11-18 11:25:45.811309,9,941.0,331.0
2022-11-18 11:25:45.820314,9,938.0,333.0
2022-11-18 11:25:45.830180,9,932.0,334.0
2022-11-18 11:25:45.842255,9,925.0,336.0
2022-11-18 11:25:45.850432,9,922.0,337.0
2022-11-18 11:25:45.860441,9,916.0,338.0
2022-11-18 11:25:45.870635,9,911.0,338.0
2022-11-18 11:25:45.881843,9,907.0,340.0
2022-11-18 11:25:45.892007,9,902.0,341.0
2022-11-18 11:25:45.901149,9,897.0,341.0
2022-11-18 11:25:45.911147,9,891.0,341.0
2022-11-18 11:25:45.920146,9,888.0,343.0
2022-11-18 11:25:45.931895,9,883.0,344.0
2022-11-18 11:25:45.940894,9,876.0,345.0
2022-11-18 11:25:45.951209,9,871.0,345.0
2022-11-18 11:25:45.960614,9,863.0,347.0
2022-11-18 11:25:45.972268,9,856.0,348.0
2022-11-18 11:25:45.980689,9,848.0,349.0
2022-11-18 11:25:45.990734,9,841.0,349.0
2022-11-18 11:25:46.001590,9,833.0,349.0
2022-11-18 11:25:46.011826,9,822.0,350.0
2022-11-18 11:25:46.021918,9,812.0,352.0
2022-11-18 11:25:46.031521,9,801.0,352.0
2022-11-18 11:25:46.041762,9,791.0,353.0
2022-11-18 11:25:46.053060,9,781.0,354.0
2022-11-18 11:25:46.063331,9,770.0,355.0
2022-11-18 11:25:46.072270,9,759.0,355.0
2022-11-18 11:25:46.082162,9,752.0,356.0
2022-11-18 11:25:46.091698,9,741.0,357.0
2022-11-18 11:25:46.102772,9,731.0,358.0
2022-11-18 11:25:46.112170,9,720.0,360.0
2022-11-18 11:25:46.121780,9,710.0,362.0
2022-11-18 11:25:46.131778,9,700.0,364.0
2022-11-18 11:25:46.143031,9,690.0,365.0
2022-11-18 11:25:46.152150,9,680.0,367.0
2022-11-18 11:25:46.162483,9,672.0,369.0
2022-11-18 11:25:46.172358,9,663.0,371.0
2022-11-18 11:25:46.182872,9,653.0,372.0
2022-11-18 11:25:46.193065,9,643.0,374.0
2022-11-18 11:25:46.203301,9,636.0,376.0
2022-11-18 11:25:46.212659,9,627.0,378.0
2022-11-18 11:25:46.224227,9,619.0,380.0
2022-11-18 11:25:46.234157,9,612.0,382.0
2022-11-18 11:25:46.242945,9,607.0,383.0
2022-11-18 11:25:46.253206,9,601.0,385.0
2022-11-18 11:25:46.263210,9,596.0,386.0
2022-11-18 11:25:46.274321,9,590.0,387.0
2022-11-18 11:25:46.283105,9,588.0,387.0
2022-11-18 11:25:46.293325,9,584.0,388.0
2022-11-18 11:25:46.303181,9,582.0,389.0
2022-11-18 11:25:46.314422,9,579.0,390.0
2022-11-18 11:25:46.322827,9,576.0,392.0
2022-11-18 11:25:46.332827,9,575.0,393.0
2022-11-18 11:25:46.343454,9,572.0,395.0
2022-11-18 11:25:46.353670,9,568.0,396.0
2022-11-18 11:25:46.363204,9,565.0,399.0
2022-11-18 11:25:46.373409,9,561.0,401.0
2022-11-18 11:25:46.382573,9,555.0,403.0
2022-11-18 11:25:46.393578,9,549.0,407.0
2022-11-18 11:25:46.404229,9,542.0,411.0
2022-11-18 11:25:46.413108,9,536.0,416.0
2022-11-18 11:25:46.423148,9,530.0,420.0
2022-11-18 11:25:46.434320,9,522.0,425.0
2022-11-18 11:25:46.443746,9,511.0,433.0
2022-11-18 11:25:46.452913,9,505.0,438.0
2022-11-18 11:25:46.462914,9,499.0,444.0
2022-11-18 11:25:46.473402,9,493.0,450.0
2022-11-18 11:25:46.483574,9,487.0,456.0
2022-11-18 11:25:46.493344,9,479.0,462.0
2022-11-18 11:25:46.502598,9,474.0,467.0
2022-11-18 11:25:46.512802,9,468.0,473.0
2022-11-18 11:25:46.523804,9,462.0,479.0
2022-11-18 11:25:46.534338,9,456.0,485.0
2022-11-18 11:25:46.543509,9,450.0,491.0
2022-11-18 11:25:46.554126,9,444.0,497.0
2022-11-18 11:25:46.565232,9,438.0,503.0
2022-11-18 11:25:46.575281,9,431.0,510.0
2022-11-18 11:25:46.583515,9,424.0,514.0
2022-11-18 11:25:46.594222,9,418.0,520.0
2022-11-18 11:25:46.605028,9,412.0,526.0
2022-11-18 11:25:46.614403,9,406.0,532.0
2022-11-18 11:25:46.624451,9,398.0,536.0
2022-11-18 11:25:46.633933,9,393.0,540.0
2022-11-18 11:25:46.644192,9,387.0,545.0
2022-11-18 11:25:46.655190,9,381.0,549.0
2022-11-18 11:25:46.663470,9,375.0,555.0
2022-11-18 11:25:46.673495,9,371.0,559.0
2022-11-18 11:25:46.683505,9,365.0,563.0
2022-11-18 11:25:46.694782,9,360.0,568.0
2022-11-18 11:25:46.705050,9,356.0,571.0
2022-11-18 11:25:46.715401,9,352.0,575.0
2022-11-18 11:25:46.725468,9,346.0,579.0
2022-11-18 11:25:46.736316,9,342.0,583.0
2022-11-18 11:25:46.745512,9,337.0,588.0
2022-11-18 11:25:46.755551,9,332.0,593.0
2022-11-18 11:25:46.765037,9,330.0,596.0
2022-11-18 11:25:46.776195,9,326.0,599.0
2022-11-18 11:25:46.786259,9,321.0,604.0
2022-11-18 11:25:46.795181,9,318.0,607.0
2022-11-18 11:25:46.804602,9,315.0,610.0
2022-11-18 11:25:46.814898,9,311.0,614.0
2022-11-18 11:25:46.826333,9,308.0,617.0
2022-11-18 11:25:46.835164,9,304.0,621.0
2022-11-18 11:25:46.845163,9,301.0,624.0
2022-11-18 11:25:46.855276,9,297.0,628.0
2022-11-18 11:25:46.866040,9,294.0,631.0
2022-11-18 11:25:46.874782,9,293.0,633.0
2022-11-18 11:25:46.884782,9,290.0,635.0
2022-11-18 11:25:46.895532,9,286.0,639.0
2022-11-18 11:25:46.906358,9,283.0,642.0
2022-11-18 11:25:46.915397,9,280.0,645.0
2022-11-18 11:25:46.924395,9,277.0,648.0
2022-11-18 11:25:46.934959,9,275.0,653.0
2022-11-18 11:25:46.945777,9,272.0,658.0
2022-11-18 11:25:46.956263,9,270.0,660.0
2022-11-18 11:25:46.965071,9,266.0,664.0
2022-11-18 11:25:46.974882,9,266.0,667.0
2022-11-18 11:25:46.985042,9,265.0,669.0
2022-11-18 11:25:46.996296,9,265.0,670.0
2022-11-18 11:25:47.004880,9,263.0,673.0
2022-11-18 11:25:47.014885,9,263.0,674.0
2022-11-18 11:25:47.024844,9,261.0,676.0
2022-11-18 11:25:47.036537,9,260.0,678.0
2022-11-18 11:25:47.046114,9,260.0,679.0
2022-11-18 11:25:47.056476,9,259.0,682.0
2022-11-18 11:25:47.066704,9,258.0,683.0
2022-11-18 11:25:47.076693,9,257.0,685.0
2022-11-18 11:25:47.087005,9,257.0,687.0
2022-11-18 11:25:47.095797,9,256.0,690.0
2022-11-18 11:25:47.105566,9,254.0,691.0
2022-11-18 11:25:47.116571,9,253.0,696.0
2022-11-18 11:25:47.127304,9,252.0,698.0
2022-11-18 11:25:47.136117,9,249.0,704.0
2022-11-18 11:25:47.145452,9,248.0,709.0
2022-11-18 11:25:47.156159,9,246.0,713.0
2022-11-18 11:25:47.167454,9,244.0,719.0
2022-11-18 11:25:47.175973,9,242.0,724.0
2022-11-18 11:25:47.185588,9,240.0,730.0
2022-11-18 11:25:47.195995,9,239.0,734.0
2022-11-18 11:25:47.206995,9,237.0,738.0
2022-11-18 11:25:47.217178,9,236.0,742.0
2022-11-18 11:25:47.226643,9,235.0,745.0
2022-11-18 11:25:47.237546,9,233.0,746.0
2022-11-18 11:25:47.248285,9,232.0,748.0
2022-11-18 11:25:47.306647,9,231.0,750.0
2022-11-18 11:25:47.377811,9,231.0,751.0
2022-11-18 11:25:47.418068,9,231.0,752.0
2022-11-18 11:25:47.428063,9,230.0,752.0
2022-11-18 11:25:47.457652,9,230.0,753.0
2022-11-18 11:25:47.468436,9,230.0,754.0
2022-11-18 11:25:47.487271,9,230.0,755.0
2022-11-18 11:25:47.507900,9,230.0,756.0
2022-11-18 11:25:47.516942,9,229.0,756.0
2022-11-18 11:25:47.537140,9,229.0,757.0
2022-11-18 11:25:47.548539,9,228.0,759.0
2022-11-18 11:25:47.558577,9,227.0,759.0
2022-11-18 11:25:47.567800,9,226.0,760.0
2022-11-18 11:25:47.578100,9,225.0,762.0
2022-11-18 11:25:47.589328,9,224.0,763.0
2022-11-18 11:25:47.598657,9,222.0,765.0
2022-11-18 11:25:47.607909,9,221.0,768.0
2022-11-18 11:25:47.617946,9,219.0,770.0
2022-11-18 11:25:47.628939,9,216.0,773.0
2022-11-18 11:25:47.639324,9,214.0,775.0
2022-11-18 11:25:47.647693,9,213.0,777.0
2022-11-18 11:25:47.657949,9,211.0,779.0
2022-11-18 11:25:47.668390,9,209.0,781.0
2022-11-18 11:25:47.679589,9,206.0,784.0
2022-11-18 11:25:47.795516,9,1501.0,151.0
2022-11-18 11:25:51.844759,10,1400.0,400.0
2022-11-18 11:25:51.856015,10,1400.0,399.0
2022-11-18 11:25:51.866014,10,1400.0,398.0
2022-11-18 11:25:51.875378,10,1400.0,395.0
2022-11-18 11:25:51.885253,10,1400.0,393.0
2022-11-18 11:25:51.896033,10,1400.0,388.0
2022-11-18 11:25:51.906582,10,1400.0,383.0
2022-11-18 11:25:51.914916,10,1400.0,381.0
2022-11-18 11:25:51.924466,10,1400.0,378.0
2022-11-18 11:25:51.935473,10,1400.0,377.0
2022-11-18 11:25:51.946475,10,1400.0,374.0
2022-11-18 11:25:51.955384,10,1399.0,373.0
2022-11-18 11:25:51.964453,10,1398.0,371.0
2022-11-18 11:25:51.974780,10,1397.0,370.0
2022-11-18 11:25:51.986332,10,1395.0,366.0
2022-11-18 11:25:51.994402,10,1394.0,364.0
2022-11-18 11:25:52.004632,10,1393.0,361.0
2022-11-18 11:25:52.015064,10,1390.0,358.0
2022-11-18 11:25:52.026060,10,1388.0,352.0
2022-11-18 11:25:52.035896,10,1385.0,350.0
2022-11-18 11:25:52.045501,10,1381.0,346.0
2022-11-18 11:25:52.055118,10,1378.0,343.0
2022-11-18 11:25:52.066171,10,1375.0,339.0
2022-11-18 11:25:52.076689,10,1372.0,336.0
2022-11-18 11:25:52.084929,10,1367.0,333.0
2022-11-18 11:25:52.094743,10,1363.0,331.0
2022-11-18 11:25:52.105985,10,1357.0,329.0
2022-11-18 11:25:52.116054,10,1353.0,326.0
2022-11-18 11:25:52.125052,10,1345.0,322.0
2022-11-18 11:25:52.135091,10,1341.0,321.0
2022-11-18 11:25:52.146083,10,1332.0,318.0
2022-11-18 11:25:52.155854,10,1325.0,315.0
2022-11-18 11:25:52.166255,10,1317.0,314.0
2022-11-18 11:25:52.177452,10,1309.0,312.0
2022-11-18 11:25:52.187512,10,1302.0,310.0
2022-11-18 11:25:52.197657,10,1294.0,309.0
2022-11-18 11:25:52.206853,10,1287.0,307.0
2022-11-18 11:25:52.216334,10,1281.0,305.0
2022-11-18 11:25:52.226215,10,1275.0,304.0
2022-11-18 11:25:52.237678,10,1272.0,302.0
2022-11-18 11:25:52.247560,10,1267.0,302.0
2022-11-18 11:25:52.256340,10,1265.0,301.0
2022-11-18 11:25:52.265524,10,1262.0,301.0
2022-11-18 11:25:52.278232,10,1260.0,300.0
2022-11-18 11:25:52.286403,10,1258.0,300.0
2022-11-18 11:25:52.295947,10,1255.0,298.0
2022-11-18 11:25:52.306221,10,1254.0,298.0
2022-11-18 11:25:52.317050,10,1250.0,298.0
2022-11-18 11:25:52.326400,10,1248.0,298.0
2022-11-18 11:25:52.337084,10,1245.0,297.0
2022-11-18 11:25:52.347403,10,1244.0,297.0
2022-11-18 11:25:52.356783,10,1241.0,297.0
2022-11-18 11:25:52.368188,10,1239.0,297.0
2022-11-18 11:25:52.377823,10,1237.0,297.0
2022-11-18 11:25:52.387267,10,1235.0,297.0
2022-11-18 11:25:52.397371,10,1233.0,297.0
2022-11-18 11:25:52.408013,10,1231.0,297.0
2022-11-18 11:25:52.417774,10,1226.0,297.0
2022-11-18 11:25:52.426964,10,1220.0,296.0
2022-11-18 11:25:52.436971,10,1215.0,296.0
2022-11-18 11:25:52.447976,10,1207.0,296.0
2022-11-18 11:25:52.458093,10,1201.0,296.0
2022-11-18 11:25:52.467419,10,1189.0,296.0
2022-11-18 11:25:52.477419,10,1182.0,296.0
2022-11-18 11:25:52.488553,10,1171.0,296.0
2022-11-18 11:25:52.497900,10,1161.0,296.0
2022-11-18 11:25:52.507375,10,1151.0,297.0
2022-11-18 11:25:52.516812,10,1142.0,298.0
2022-11-18 11:25:52.526992,10,1132.0,300.0
2022-11-18 11:25:52.537991,10,1122.0,301.0
2022-11-18 11:25:52.547994,10,1113.0,303.0
2022-11-18 11:25:52.556324,10,1106.0,303.0
2022-11-18 11:25:52.566822,10,1097.0,306.0
2022-11-18 11:25:52.578083,10,1089.0,308.0
2022-11-18 11:25:52.588214,10,1082.0,310.0
2022-11-18 11:25:52.596615,10,1074.0,312.0
2022-11-18 11:25:52.607211,10,1066.0,315.0
2022-11-18 11:25:52.618149,10,1056.0,316.0
2022-11-18 11:25:52.627417,10,1049.0,318.0
2022-11-18 11:25:52.637479,10,1039.0,320.0
2022-11-18 11:25:52.646580,10,1031.0,322.0
2022-11-18 11:25:52.657699,10,1024.0,324.0
2022-11-18 11:25:52.667847,10,1015.0,327.0
2022-11-18 11:25:52.678091,10,1006.0,329.0
2022-11-18 11:25:52.688027,10,999.0,330.0
2022-11-18 11:25:52.698031,10,991.0,332.0
2022-11-18 11:25:52.709296,10,983.0,334.0
2022-11-18 11:25:52.719014,10,976.0,337.0
2022-11-18 11:25:52.728345,10,968.0,339.0
2022-11-18 11:25:52.738403,10,962.0,340.0
2022-11-18 11:25:52.748944,10,957.0,341.0
2022-11-18 11:25:52.759223,10,952.0,341.0
2022-11-18 11:25:52.768307,10,945.0,343.0
2022-11-18 11:25:52.778338,10,939.0,344.0
2022-11-18 11:25:52.788512,10,934.0,344.0
2022-11-18 11:25:52.798550,10,926.0,345.0
2022-11-18 11:25:52.808371,10,920.0,346.0
2022-11-18 11:25:52.817939,10,914.0,348.0
2022-11-18 11:25:52.829154,10,907.0,350.0
2022-11-18 11:25:52.839385,10,899.0,351.0
2022-11-18 11:25:52.849036,10,890.0,353.0
2022-11-18 11:25:52.858468,10,885.0,353.0
2022-11-18 11:25:52.868509,10,875.0,354.0
2022-11-18 11:25:52.880100,10,869.0,355.0
2022-11-18 11:25:52.890221,10,860.0,355.0
2022-11-18 11:25:52.899284,10,853.0,355.0
2022-11-18 11:25:52.909294,10,846.0,356.0
2022-11-18 11:25:52.919385,10,838.0,356.0
2022-11-18 11:25:52.929718,10,828.0,357.0
2022-11-18 11:25:52.938956,10,817.0,357.0
2022-11-18 11:25:52.948419,10,810.0,357.0
2022-11-18 11:25:52.959994,10,802.0,358.0
2022-11-18 11:25:52.970295,10,797.0,358.0
2022-11-18 11:25:52.978768,10,789.0,359.0
2022-11-18 11:25:52.988773,10,782.0,359.0
2022-11-18 11:25:53.000101,10,774.0,359.0
2022-11-18 11:25:53.010242,10,766.0,359.0
2022-11-18 11:25:53.019223,10,757.0,361.0
2022-11-18 11:25:53.029207,10,750.0,361.0
2022-11-18 11:25:53.038583,10,739.0,361.0
2022-11-18 11:25:53.049575,10,730.0,361.0
2022-11-18 11:25:53.059728,10,722.0,361.0
2022-11-18 11:25:53.069138,10,715.0,362.0
2022-11-18 11:25:53.079319,10,706.0,362.0
2022-11-18 11:25:53.089405,10,699.0,362.0
2022-11-18 11:25:53.099926,10,691.0,362.0
2022-11-18 11:25:53.108534,10,683.0,362.0
2022-11-18 11:25:53.118840,10,675.0,362.0
2022-11-18 11:25:53.129807,10,670.0,362.0
2022-11-18 11:25:53.139889,10,662.0,362.0
2022-11-18 11:25:53.148862,10,655.0,362.0
2022-11-18 11:25:53.158868,10,651.0,362.0
2022-11-18 11:25:53.170023,10,643.0,362.0
2022-11-18 11:25:53.179460,10,637.0,362.0
2022-11-18 11:25:53.189779,10,630.0,363.0
2022-11-18 11:25:53.200106,10,622.0,363.0
2022-11-18 11:25:53.209301,10,616.0,363.0
2022-11-18 11:25:53.221318,10,608.0,363.0
2022-11-18 11:25:53.230857,10,602.0,364.0
2022-11-18 11:25:53.240368,10,596.0,365.0
2022-11-18 11:25:53.249362,10,590.0,365.0
2022-11-18 11:25:53.260565,10,585.0,365.0
2022-11-18 11:25:53.271311,10,578.0,366.0
2022-11-18 11:25:53.279377,10,573.0,366.0
2022-11-18 11:25:53.289392,10,569.0,366.0
2022-11-18 11:25:53.301600,10,562.0,366.0
2022-11-18 11:25:53.311071,10,558.0,366.0
2022-11-18 11:25:53.320102,10,554.0,366.0
2022-11-18 11:25:53.330110,10,548.0,366.0
2022-11-18 11:25:53.341232,10,545.0,366.0
2022-11-18 11:25:53.350734,10,540.0,366.0
2022-11-18 11:25:53.361167,10,533.0,366.0
2022-11-18 11:25:53.371173,10,529.0,366.0
2022-11-18 11:25:53.382186,10,521.0,366.0
2022-11-18 11:25:53.392805,10,514.0,366.0
2022-11-18 11:25:53.401908,10,509.0,366.0
2022-11-18 11:25:53.410948,10,501.0,366.0
2022-11-18 11:25:53.420958,10,496.0,366.0
2022-11-18 11:25:53.432185,10,488.0,366.0
2022-11-18 11:25:53.441986,10,481.0,366.0
2022-11-18 11:25:53.451002,10,474.0,366.0
2022-11-18 11:25:53.460392,10,467.0,366.0
2022-11-18 11:25:53.472700,10,458.0,366.0
2022-11-18 11:25:53.483561,10,450.0,366.0
2022-11-18 11:25:53.490967,10,442.0,364.0
2022-11-18 11:25:53.501232,10,434.0,364.0
2022-11-18 11:25:53.512129,10,426.0,364.0
2022-11-18 11:25:53.522304,10,419.0,364.0
2022-11-18 11:25:53.531173,10,409.0,363.0
2022-11-18 11:25:53.540171,10,404.0,362.0
2022-11-18 11:25:53.550736,10,398.0,361.0
2022-11-18 11:25:53.562515,10,391.0,361.0
2022-11-18 11:25:53.571848,10,386.0,361.0
2022-11-18 11:25:53.580905,10,381.0,360.0
2022-11-18 11:25:53.591313,10,377.0,359.0
2022-11-18 11:25:53.602470,10,375.0,359.0
2022-11-18 11:25:53.682064,10,374.0,358.0
2022-11-18 11:25:53.692318,10,373.0,357.0
2022-11-18 11:25:53.702235,10,373.0,356.0
2022-11-18 11:25:53.712501,10,373.0,354.0
2022-11-18 11:25:53.721826,10,373.0,349.0
2022-11-18 11:25:53.732863,10,373.0,344.0
2022-11-18 11:25:53.743134,10,373.0,336.0
2022-11-18 11:25:53.752433,10,373.0,327.0
2022-11-18 11:25:53.762524,10,373.0,317.0
2022-11-18 11:25:53.772874,10,373.0,307.0
2022-11-18 11:25:53.782876,10,373.0,297.0
2022-11-18 11:25:53.792387,10,373.0,287.0
2022-11-18 11:25:53.802122,10,373.0,279.0
2022-11-18 11:25:53.812565,10,373.0,269.0
2022-11-18 11:25:53.822588,10,373.0,259.0
2022-11-18 11:25:53.831803,10,373.0,252.0
2022-11-18 11:25:53.842107,10,373.0,245.0
2022-11-18 11:25:53.852788,10,373.0,236.0
2022-11-18 11:25:53.863105,10,373.0,228.0
2022-11-18 11:25:53.873227,10,373.0,221.0
2022-11-18 11:25:55.972082,10,373.0,210.0
2022-11-18 11:25:55.981248,10,373.0,209.0
2022-11-18 11:25:55.992204,10,372.0,208.0
2022-11-18 11:25:56.002620,10,372.0,207.0
2022-11-18 11:25:56.010912,10,372.0,202.0
2022-11-18 11:25:56.020955,10,372.0,199.0
2022-11-18 11:25:56.031551,10,371.0,195.0
2022-11-18 11:25:56.041786,10,370.0,189.0
2022-11-18 11:25:56.050686,10,368.0,179.0
2022-11-18 11:25:56.061196,10,367.0,173.0
2022-11-18 11:25:56.072918,10,365.0,166.0
2022-11-18 11:25:56.082040,10,364.0,160.0
2022-11-18 11:25:56.091072,10,364.0,155.0
2022-11-18 11:25:56.100980,10,363.0,152.0
2022-11-18 11:25:56.111951,10,363.0,149.0
2022-11-18 11:25:56.122032,10,362.0,148.0
2022-11-18 11:25:56.132615,10,362.0,147.0
2022-11-18 11:25:56.141400,10,362.0,146.0
2022-11-18 11:25:56.162010,10,362.0,145.0
2022-11-18 11:25:56.172267,10,362.0,144.0
2022-11-18 11:25:56.180873,10,362.0,143.0
2022-11-18 11:25:56.191217,10,360.0,142.0
2022-11-18 11:25:56.202302,10,360.0,140.0
2022-11-18 11:25:56.211820,10,360.0,139.0
2022-11-18 11:25:56.221156,10,359.0,138.0
2022-11-18 11:25:56.231154,10,358.0,136.0
2022-11-18 11:25:56.242308,10,357.0,133.0
2022-11-18 11:25:56.251696,10,356.0,132.0
2022-11-18 11:25:56.262168,10,355.0,130.0
2022-11-18 11:25:56.272334,10,354.0,129.0
2022-11-18 11:25:56.282539,10,353.0,128.0
2022-11-18 11:25:56.292394,10,352.0,127.0
2022-11-18 11:25:56.302701,10,351.0,126.0
2022-11-18 11:25:56.312406,10,349.0,125.0
2022-11-18 11:25:56.321977,10,348.0,124.0
2022-11-18 11:25:56.333283,10,347.0,122.0
2022-11-18 11:25:56.342974,10,345.0,121.0
2022-11-18 11:25:56.351979,10,344.0,119.0
2022-11-18 11:25:56.362018,10,341.0,117.0
2022-11-18 11:25:56.373393,10,338.0,117.0
2022-11-18 11:25:56.382595,10,334.0,115.0
2022-11-18 11:25:56.392303,10,333.0,115.0
2022-11-18 11:25:56.402143,10,330.0,114.0
2022-11-18 11:25:56.412889,10,328.0,114.0
2022-11-18 11:25:56.423167,10,324.0,114.0
2022-11-18 11:25:56.433177,10,322.0,114.0
2022-11-18 11:25:56.443176,10,319.0,114.0
2022-11-18 11:25:56.454142,10,315.0,113.0
2022-11-18 11:25:56.464142,10,313.0,113.0
2022-11-18 11:25:56.473946,10,310.0,113.0
2022-11-18 11:25:56.482989,10,307.0,113.0
2022-11-18 11:25:56.493989,10,306.0,113.0
2022-11-18 11:25:56.504328,10,302.0,113.0
2022-11-18 11:25:56.514623,10,299.0,113.0
2022-11-18 11:25:56.523679,10,297.0,113.0
2022-11-18 11:25:56.533681,10,295.0,113.0
2022-11-18 11:25:56.554302,10,294.0,113.0
2022-11-18 11:25:56.563305,10,290.0,113.0
2022-11-18 11:25:56.573332,10,289.0,113.0
2022-11-18 11:25:56.583479,10,288.0,113.0
2022-11-18 11:25:56.594137,10,286.0,113.0
2022-11-18 11:25:56.603229,10,285.0,113.0
2022-11-18 11:25:56.612681,10,284.0,113.0
2022-11-18 11:25:56.623458,10,283.0,113.0
2022-11-18 11:25:56.634147,10,282.0,113.0
2022-11-18 11:25:56.643534,10,280.0,113.0
2022-11-18 11:25:56.652572,10,279.0,113.0
2022-11-18 11:25:56.663995,10,278.0,113.0
2022-11-18 11:25:56.674136,10,277.0,113.0
2022-11-18 11:25:56.683535,10,276.0,113.0
2022-11-18 11:25:56.692580,10,275.0,113.0
2022-11-18 11:25:56.702625,10,273.0,113.0
2022-11-18 11:25:56.714278,10,272.0,113.0
2022-11-18 11:25:56.723832,10,271.0,112.0
2022-11-18 11:25:56.733077,10,269.0,112.0
2022-11-18 11:25:56.743219,10,267.0,111.0
2022-11-18 11:25:56.754219,10,264.0,111.0
2022-11-18 11:25:56.764677,10,259.0,110.0
2022-11-18 11:25:56.773551,10,253.0,109.0
2022-11-18 11:25:56.783942,10,248.0,108.0
2022-11-18 11:25:56.795272,10,242.0,106.0
2022-11-18 11:25:56.805586,10,234.0,103.0
2022-11-18 11:25:56.814654,10,225.0,102.0
2022-11-18 11:25:56.824001,10,219.0,100.0
2022-11-18 11:25:56.834982,10,212.0,98.0
2022-11-18 11:25:56.844921,10,205.0,97.0
2022-11-18 11:25:56.854892,10,198.0,95.0
2022-11-18 11:25:56.864066,10,193.0,93.0
2022-11-18 11:25:56.873572,10,187.0,92.0
2022-11-18 11:25:56.884954,10,183.0,92.0
2022-11-18 11:25:56.895311,10,177.0,90.0
2022-11-18 11:25:56.903875,10,175.0,90.0
2022-11-18 11:25:56.913833,10,172.0,90.0
2022-11-18 11:25:56.925587,10,170.0,89.0
2022-11-18 11:25:56.935232,10,166.0,88.0
2022-11-18 11:25:56.945179,10,165.0,88.0
2022-11-18 11:25:56.954674,10,163.0,87.0
2022-11-18 11:25:56.966023,10,162.0,87.0
2022-11-18 11:25:56.975714,10,161.0,87.0
2022-11-18 11:25:56.986162,10,160.0,87.0
2022-11-18 11:25:56.994967,10,159.0,87.0
2022-11-18 11:25:57.005660,10,158.0,86.0
2022-11-18 11:25:57.035560,10,157.0,86.0
2022-11-18 11:25:57.044891,10,156.0,86.0
2022-11-18 11:25:57.084651,10,155.0,86.0
2022-11-18 11:25:57.105715,10,154.0,86.0
2022-11-18 11:25:57.114964,10,153.0,86.0
2022-11-18 11:25:57.124633,10,152.0,86.0
2022-11-18 11:25:57.135835,10,151.0,86.0
2022-11-18 11:25:57.145648,10,150.0,87.0
2022-11-18 11:25:57.155688,10,149.0,89.0
2022-11-18 11:25:57.164943,10,148.0,89.0
2022-11-18 11:25:57.175971,10,146.0,91.0
2022-11-18 11:25:57.186281,10,144.0,92.0
2022-11-18 11:25:57.195956,10,140.0,93.0
2022-11-18 11:25:57.204954,10,135.0,96.0
2022-11-18 11:25:57.215187,10,132.0,98.0
2022-11-18 11:25:57.225610,10,129.0,99.0
2022-11-18 11:25:57.236245,10,124.0,101.0
2022-11-18 11:25:57.244496,10,119.0,105.0
2022-11-18 11:25:57.255202,10,114.0,106.0
2022-11-18 11:25:59.735924,11,1600.0,700.0
2022-11-18 11:25:59.756208,11,1600.0,699.0
2022-11-18 11:25:59.775538,11,1600.0,698.0
2022-11-18 11:25:59.804934,11,1600.0,697.0
2022-11-18 11:25:59.815085,11,1600.0,695.0
2022-11-18 11:25:59.826623,11,1600.0,694.0
2022-11-18 11:25:59.836609,11,1599.0,692.0
2022-11-18 11:25:59.845954,11,1597.0,691.0
2022-11-18 11:25:59.856298,11,1595.0,688.0
2022-11-18 11:25:59.867297,11,1593.0,685.0
2022-11-18 11:25:59.876548,11,1589.0,679.0
2022-11-18 11:25:59.886834,11,1586.0,675.0
2022-11-18 11:25:59.896412,11,1581.0,670.0
2022-11-18 11:25:59.906982,11,1578.0,666.0
2022-11-18 11:25:59.917061,11,1575.0,658.0
2022-11-18 11:25:59.927344,11,1571.0,654.0
2022-11-18 11:25:59.936328,11,1565.0,648.0
2022-11-18 11:25:59.947196,11,1561.0,642.0
2022-11-18 11:25:59.957515,11,1555.0,635.0
2022-11-18 11:25:59.966686,11,1552.0,629.0
2022-11-18 11:25:59.975664,11,1547.0,623.0
2022-11-18 11:25:59.986045,11,1543.0,618.0
2022-11-18 11:25:59.997391,11,1538.0,613.0
2022-11-18 11:26:00.007265,11,1536.0,607.0
2022-11-18 11:26:00.016874,11,1531.0,602.0
2022-11-18 11:26:00.027303,11,1528.0,596.0
2022-11-18 11:26:00.037879,11,1524.0,588.0
2022-11-18 11:26:00.047837,11,1519.0,582.0
2022-11-18 11:26:00.058141,11,1513.0,575.0
2022-11-18 11:26:00.067319,11,1508.0,567.0
2022-11-18 11:26:00.077916,11,1503.0,561.0
2022-11-18 11:26:00.088380,11,1496.0,552.0
2022-11-18 11:26:00.098634,11,1490.0,544.0
2022-11-18 11:26:00.107000,11,1484.0,535.0
2022-11-18 11:26:00.117461,11,1478.0,529.0
2022-11-18 11:26:00.128241,11,1472.0,523.0
2022-11-18 11:26:00.138321,11,1466.0,517.0
2022-11-18 11:26:00.147245,11,1460.0,511.0
2022-11-18 11:26:00.156843,11,1455.0,506.0
2022-11-18 11:26:00.167901,11,1452.0,504.0
2022-11-18 11:26:00.177984,11,1446.0,500.0
2022-11-18 11:26:00.186834,11,1440.0,497.0
2022-11-18 11:26:00.197859,11,1436.0,495.0
2022-11-18 11:26:00.209418,11,1430.0,494.0
2022-11-18 11:26:00.218558,11,1424.0,492.0
2022-11-18 11:26:00.227635,11,1419.0,491.0
2022-11-18 11:26:00.237109,11,1413.0,491.0
2022-11-18 11:26:00.248276,11,1411.0,491.0
2022-11-18 11:26:00.257780,11,1408.0,491.0
2022-11-18 11:26:00.268319,11,1405.0,491.0
2022-11-18 11:26:00.276622,11,1399.0,491.0
2022-11-18 11:26:00.288411,11,1397.0,491.0
2022-11-18 11:26:00.298146,11,1394.0,491.0
2022-11-18 11:26:00.307865,11,1391.0,491.0
2022-11-18 11:26:00.316911,11,1389.0,491.0
2022-11-18 11:26:00.327131,11,1388.0,491.0
2022-11-18 11:26:00.338147,11,1386.0,491.0
2022-11-18 11:26:00.348147,11,1385.0,491.0
2022-11-18 11:26:00.358340,11,1384.0,491.0
2022-11-18 11:26:00.367690,11,1382.0,491.0
2022-11-18 11:26:00.378488,11,1381.0,491.0
2022-11-18 11:26:00.389332,11,1380.0,491.0
2022-11-18 11:26:00.399310,11,1379.0,491.0
2022-11-18 11:26:00.408049,11,1378.0,491.0
2022-11-18 11:26:00.419130,11,1377.0,491.0
2022-11-18 11:26:00.429100,11,1376.0,491.0
2022-11-18 11:26:00.438920,11,1375.0,491.0
2022-11-18 11:26:00.447922,11,1374.0,491.0
2022-11-18 11:26:00.459165,11,1373.0,491.0
2022-11-18 11:26:00.468506,11,1372.0,491.0
2022-11-18 11:26:00.478857,11,1371.0,491.0
2022-11-18 11:26:00.497773,11,1370.0,491.0
2022-11-18 11:26:00.508897,11,1369.0,491.0
2022-11-18 11:26:00.518896,11,1368.0,491.0
2022-11-18 11:26:00.538809,11,1367.0,491.0
2022-11-18 11:26:00.560309,11,1366.0,491.0
2022-11-18 11:26:00.578572,11,1365.0,491.0
2022-11-18 11:26:00.590491,11,1364.0,491.0
2022-11-18 11:26:00.618557,11,1363.0,491.0
2022-11-18 11:26:00.639953,11,1362.0,491.0
2022-11-18 11:26:00.649989,11,1361.0,491.0
2022-11-18 11:26:00.668714,11,1358.0,490.0
2022-11-18 11:26:00.679752,11,1356.0,489.0
2022-11-18 11:26:00.689479,11,1353.0,489.0
2022-11-18 11:26:00.698771,11,1351.0,488.0
2022-11-18 11:26:00.709110,11,1346.0,486.0
2022-11-18 11:26:00.720110,11,1342.0,483.0
2022-11-18 11:26:00.729886,11,1337.0,482.0
2022-11-18 11:26:00.739403,11,1331.0,478.0
2022-11-18 11:26:00.748440,11,1324.0,477.0
2022-11-18 11:26:00.760266,11,1321.0,473.0
2022-11-18 11:26:00.769649,11,1315.0,471.0
2022-11-18 11:26:00.779691,11,1309.0,468.0
2022-11-18 11:26:00.788983,11,1303.0,464.0
2022-11-18 11:26:00.800443,11,1300.0,461.0
2022-11-18 11:26:00.809470,11,1294.0,456.0
2022-11-18 11:26:00.819818,11,1290.0,453.0
2022-11-18 11:26:00.829307,11,1286.0,449.0
2022-11-18 11:26:00.839874,11,1281.0,444.0
2022-11-18 11:26:00.849978,11,1275.0,440.0
2022-11-18 11:26:00.860248,11,1271.0,436.0
2022-11-18 11:26:00.869633,11,1265.0,433.0
2022-11-18 11:26:00.879993,11,1260.0,430.0
2022-11-18 11:26:00.891020,11,1255.0,426.0
2022-11-18 11:26:00.900658,11,1252.0,423.0
2022-11-18 11:26:00.910666,11,1249.0,420.0
2022-11-18 11:26:00.920371,11,1244.0,419.0
2022-11-18 11:26:00.931285,11,1243.0,418.0
2022-11-18 11:26:00.940799,11,1241.0,416.0
2022-11-18 11:26:00.951015,11,1239.0,415.0
2022-11-18 11:26:00.991320,11,1238.0,414.0
2022-11-18 11:26:01.010684,11,1238.0,413.0
2022-11-18 11:26:01.020946,11,1237.0,413.0
2022-11-18 11:26:01.030982,11,1237.0,412.0
2022-11-18 11:26:01.040989,11,1236.0,412.0
2022-11-18 11:26:01.051379,11,1235.0,411.0
2022-11-18 11:26:01.062242,11,1234.0,410.0
2022-11-18 11:26:01.072224,11,1233.0,408.0
2022-11-18 11:26:01.082221,11,1232.0,407.0
2022-11-18 11:26:01.091283,11,1229.0,406.0
2022-11-18 11:26:01.101913,11,1228.0,405.0
2022-11-18 11:26:01.112336,11,1226.0,404.0
2022-11-18 11:26:01.122404,11,1223.0,403.0
2022-11-18 11:26:01.130929,11,1221.0,402.0
2022-11-18 11:26:01.141401,11,1218.0,400.0
2022-11-18 11:26:01.152291,11,1213.0,398.0
2022-11-18 11:26:01.161519,11,1208.0,397.0
2022-11-18 11:26:01.170523,11,1200.0,394.0
2022-11-18 11:26:01.182170,11,1193.0,392.0
2022-11-18 11:26:01.192067,11,1186.0,389.0
2022-11-18 11:26:01.201856,11,1179.0,388.0
2022-11-18 11:26:01.210515,11,1171.0,384.0
2022-11-18 11:26:01.220790,11,1162.0,382.0
2022-11-18 11:26:01.233214,11,1156.0,378.0
2022-11-18 11:26:01.242536,11,1146.0,375.0
2022-11-18 11:26:01.252710,11,1138.0,372.0
2022-11-18 11:26:01.261767,11,1130.0,369.0
2022-11-18 11:26:01.271788,11,1122.0,365.0
2022-11-18 11:26:01.281971,11,1113.0,362.0
2022-11-18 11:26:01.292266,11,1104.0,359.0
2022-11-18 11:26:01.300646,11,1096.0,356.0
2022-11-18 11:26:01.312241,11,1088.0,353.0
2022-11-18 11:26:01.322102,11,1078.0,349.0
2022-11-18 11:26:01.332252,11,1068.0,347.0
2022-11-18 11:26:01.341326,11,1057.0,343.0
2022-11-18 11:26:01.352881,11,1047.0,339.0
2022-11-18 11:26:01.363002,11,1035.0,335.0
2022-11-18 11:26:01.373137,11,1024.0,331.0
2022-11-18 11:26:01.381978,11,1012.0,326.0
2022-11-18 11:26:01.393293,11,997.0,322.0
2022-11-18 11:26:01.402649,11,986.0,315.0
2022-11-18 11:26:01.412975,11,975.0,311.0
2022-11-18 11:26:01.423385,11,963.0,306.0
2022-11-18 11:26:01.431886,11,953.0,302.0
2022-11-18 11:26:01.442861,11,943.0,297.0
2022-11-18 11:26:01.453327,11,931.0,293.0
2022-11-18 11:26:01.463438,11,919.0,288.0
2022-11-18 11:26:01.471507,11,907.0,283.0
2022-11-18 11:26:01.483141,11,897.0,280.0
2022-11-18 11:26:01.493006,11,886.0,276.0
2022-11-18 11:26:01.502978,11,876.0,274.0
2022-11-18 11:26:01.511975,11,867.0,271.0
2022-11-18 11:26:01.523399,11,858.0,268.0
2022-11-18 11:26:01.532889,11,850.0,266.0
2022-11-18 11:26:01.542887,11,839.0,265.0
2022-11-18 11:26:01.553518,11,830.0,264.0
2022-11-18 11:26:01.563986,11,821.0,262.0
2022-11-18 11:26:01.573987,11,813.0,262.0
2022-11-18 11:26:01.584266,11,802.0,262.0
2022-11-18 11:26:01.593521,11,791.0,262.0
2022-11-18 11:26:01.602930,11,781.0,262.0
2022-11-18 11:26:01.614900,11,773.0,262.0
2022-11-18 11:26:01.623990,11,764.0,262.0
2022-11-18 11:26:01.634273,11,752.0,262.0
2022-11-18 11:26:01.643280,11,741.0,264.0
2022-11-18 11:26:01.654099,11,732.0,265.0
2022-11-18 11:26:01.664275,11,720.0,266.0
2022-11-18 11:26:01.674358,11,710.0,267.0
2022-11-18 11:26:01.682769,11,699.0,269.0
2022-11-18 11:26:01.694186,11,692.0,271.0
2022-11-18 11:26:01.704224,11,683.0,273.0
2022-11-18 11:26:01.714570,11,675.0,275.0
2022-11-18 11:26:01.722528,11,668.0,277.0
2022-11-18 11:26:01.733658,11,660.0,279.0
2022-11-18 11:26:01.743736,11,652.0,282.0
2022-11-18 11:26:01.754292,11,648.0,284.0
2022-11-18 11:26:01.764644,11,641.0,288.0
2022-11-18 11:26:01.773316,11,637.0,289.0
2022-11-18 11:26:01.784184,11,631.0,292.0
2022-11-18 11:26:01.794269,11,629.0,294.0
2022-11-18 11:26:01.804278,11,624.0,297.0
2022-11-18 11:26:01.813278,11,620.0,298.0
2022-11-18 11:26:01.823308,11,617.0,300.0
2022-11-18 11:26:01.834314,11,615.0,302.0
2022-11-18 11:26:01.844363,11,612.0,304.0
2022-11-18 11:26:01.852658,11,608.0,308.0
2022-11-18 11:26:01.863697,11,605.0,309.0
2022-11-18 11:26:01.874321,11,603.0,311.0
2022-11-18 11:26:01.884512,11,599.0,313.0
2022-11-18 11:26:01.893935,11,596.0,316.0
2022-11-18 11:26:01.904904,11,594.0,317.0
2022-11-18 11:26:01.914740,11,591.0,319.0
2022-11-18 11:26:01.924809,11,588.0,322.0
2022-11-18 11:26:01.934788,11,585.0,324.0
2022-11-18 11:26:01.944236,11,581.0,325.0
2022-11-18 11:26:01.954640,11,578.0,328.0
2022-11-18 11:26:01.964673,11,575.0,330.0
2022-11-18 11:26:01.974713,11,571.0,334.0
2022-11-18 11:26:01.984010,11,565.0,336.0
2022-11-18 11:26:01.994810,11,559.0,339.0
2022-11-18 11:26:02.005648,11,554.0,342.0
2022-11-18 11:26:02.015228,11,548.0,345.0
2022-11-18 11:26:02.023851,11,540.0,349.0
2022-11-18 11:26:02.035380,11,534.0,354.0
2022-11-18 11:26:02.044814,11,525.0,359.0
2022-11-18 11:26:02.054742,11,517.0,363.0
2022-11-18 11:26:02.064742,11,508.0,368.0
2022-11-18 11:26:02.076020,11,499.0,373.0
2022-11-18 11:26:02.085745,11,487.0,380.0
2022-11-18 11:26:02.095780,11,474.0,386.0
2022-11-18 11:26:02.106194,11,465.0,395.0
2022-11-18 11:26:02.116710,11,455.0,400.0
2022-11-18 11:26:02.125713,11,444.0,406.0
2022-11-18 11:26:02.136485,11,433.0,413.0
2022-11-18 11:26:02.145631,11,421.0,419.0
2022-11-18 11:26:02.155202,11,408.0,428.0
2022-11-18 11:26:02.165570,11,401.0,432.0
2022-11-18 11:26:02.176574,11,392.0,441.0
2022-11-18 11:26:02.186222,11,382.0,445.0
2022-11-18 11:26:02.195223,11,377.0,449.0
2022-11-18 11:26:02.206100,11,370.0,453.0
2022-11-18 11:26:02.216321,11,364.0,458.0
2022-11-18 11:26:02.225828,11,358.0,461.0
2022-11-18 11:26:02.234885,11,354.0,464.0
2022-11-18 11:26:02.246402,11,349.0,467.0
2022-11-18 11:26:02.255537,11,346.0,469.0
2022-11-18 11:26:02.265694,11,343.0,472.0
2022-11-18 11:26:02.276444,11,341.0,473.0
2022-11-18 11:26:02.284770,11,340.0,475.0
2022-11-18 11:26:02.295776,11,337.0,476.0
2022-11-18 11:26:02.305775,11,336.0,477.0
2022-11-18 11:26:02.316075,11,335.0,478.0
2022-11-18 11:26:02.325122,11,334.0,478.0
2022-11-18 11:26:02.336285,11,333.0,478.0
2022-11-18 11:26:02.467491,11,333.0,479.0
2022-11-18 11:26:02.507660,11,332.0,479.0
2022-11-18 11:26:02.516538,11,331.0,480.0
2022-11-18 11:26:02.526852,11,330.0,481.0
2022-11-18 11:26:02.536244,11,329.0,481.0
2022-11-18 11:26:02.547281,11,328.0,482.0
2022-11-18 11:26:02.556515,11,326.0,484.0
2022-11-18 11:26:02.567413,11,323.0,485.0
2022-11-18 11:26:02.576899,11,319.0,488.0
2022-11-18 11:26:02.587752,11,316.0,490.0
2022-11-18 11:26:02.598043,11,314.0,493.0
2022-11-18 11:26:05.660029,12,1800.0,900.0
2022-11-18 11:26:05.680131,12,1799.0,900.0
2022-11-18 11:26:05.689595,12,1797.0,899.0
2022-11-18 11:26:05.699697,12,1796.0,899.0
2022-11-18 11:26:05.710297,12,1794.0,899.0
2022-11-18 11:26:05.719700,12,1793.0,898.0
2022-11-18 11:26:05.730244,12,1788.0,897.0
2022-11-18 11:26:05.738792,12,1785.0,895.0
2022-11-18 11:26:05.750030,12,1780.0,894.0
2022-11-18 11:26:05.759517,12,1774.0,891.0
2022-11-18 11:26:05.770004,12,1770.0,889.0
2022-11-18 11:26:05.779126,12,1763.0,887.0
2022-11-18 11:26:05.789338,12,1759.0,886.0
2022-11-18 11:26:05.799751,12,1757.0,884.0
2022-11-18 11:26:05.810328,12,1750.0,880.0
2022-11-18 11:26:05.819105,12,1746.0,877.0
2022-11-18 11:26:05.830371,12,1740.0,876.0
2022-11-18 11:26:05.840411,12,1735.0,873.0
2022-11-18 11:26:05.851322,12,1730.0,868.0
2022-11-18 11:26:05.859334,12,1725.0,865.0
2022-11-18 11:26:05.869125,12,1720.0,863.0
2022-11-18 11:26:05.880250,12,1717.0,860.0
2022-11-18 11:26:05.890246,12,1713.0,857.0
2022-11-18 11:26:05.900081,12,1711.0,855.0
2022-11-18 11:26:05.909026,12,1710.0,854.0
2022-11-18 11:26:05.919481,12,1708.0,854.0
2022-11-18 11:26:05.929713,12,1707.0,853.0
2022-11-18 11:26:05.940202,12,1706.0,853.0
2022-11-18 11:26:05.959471,12,1705.0,853.0
2022-11-18 11:26:05.969825,12,1704.0,852.0
2022-11-18 11:26:05.980186,12,1703.0,851.0
2022-11-18 11:26:05.990184,12,1701.0,851.0
2022-11-18 11:26:06.001192,12,1700.0,849.0
2022-11-18 11:26:06.011580,12,1697.0,849.0
2022-11-18 11:26:06.020568,12,1695.0,847.0
2022-11-18 11:26:06.031056,12,1693.0,846.0
2022-11-18 11:26:06.041252,12,1689.0,843.0
2022-11-18 11:26:06.050243,12,1687.0,841.0
2022-11-18 11:26:06.061298,12,1682.0,838.0
2022-11-18 11:26:06.071014,12,1678.0,837.0
2022-11-18 11:26:06.079539,12,1674.0,832.0
2022-11-18 11:26:06.090626,12,1668.0,830.0
2022-11-18 11:26:06.100916,12,1662.0,827.0
2022-11-18 11:26:06.110940,12,1654.0,824.0
2022-11-18 11:26:06.119945,12,1651.0,821.0
2022-11-18 11:26:06.131355,12,1645.0,819.0
2022-11-18 11:26:06.140496,12,1638.0,816.0
2022-11-18 11:26:06.150536,12,1631.0,814.0
2022-11-18 11:26:06.160977,12,1625.0,810.0
2022-11-18 11:26:06.172104,12,1616.0,808.0
2022-11-18 11:26:06.182455,12,1607.0,804.0
2022-11-18 11:26:06.191888,12,1597.0,803.0
2022-11-18 11:26:06.201994,12,1587.0,799.0
2022-11-18 11:26:06.212164,12,1578.0,797.0
2022-11-18 11:26:06.221492,12,1570.0,795.0
2022-11-18 11:26:06.231999,12,1562.0,789.0
2022-11-18 11:26:06.242249,12,1553.0,787.0
2022-11-18 11:26:06.250801,12,1543.0,784.0
2022-11-18 11:26:06.261831,12,1535.0,781.0
2022-11-18 11:26:06.272071,12,1526.0,779.0
2022-11-18 11:26:06.282339,12,1516.0,775.0
2022-11-18 11:26:06.291318,12,1509.0,773.0
2022-11-18 11:26:06.302036,12,1502.0,772.0
2022-11-18 11:26:06.313113,12,1494.0,769.0
2022-11-18 11:26:06.322872,12,1485.0,767.0
2022-11-18 11:26:06.330969,12,1478.0,766.0
2022-11-18 11:26:06.342338,12,1471.0,765.0
2022-11-18 11:26:06.351571,12,1466.0,763.0
2022-11-18 11:26:06.362570,12,1460.0,762.0
2022-11-18 11:26:06.372652,12,1453.0,760.0
2022-11-18 11:26:06.381909,12,1447.0,758.0
2022-11-18 11:26:06.391907,12,1441.0,757.0
2022-11-18 11:26:06.401908,12,1434.0,755.0
2022-11-18 11:26:06.412180,12,1426.0,753.0
2022-11-18 11:26:06.421237,12,1419.0,752.0
2022-11-18 11:26:06.432262,12,1412.0,750.0
2022-11-18 11:26:06.441775,12,1405.0,748.0
2022-11-18 11:26:06.452133,12,1396.0,747.0
2022-11-18 11:26:06.461091,12,1388.0,744.0
2022-11-18 11:26:06.472132,12,1379.0,742.0
2022-11-18 11:26:06.482025,12,1368.0,740.0
2022-11-18 11:26:06.492276,12,1357.0,737.0
2022-11-18 11:26:06.502353,12,1343.0,733.0
2022-11-18 11:26:06.513067,12,1335.0,730.0
2022-11-18 11:26:06.523404,12,1322.0,727.0
2022-11-18 11:26:06.533311,12,1309.0,723.0
2022-11-18 11:26:06.543255,12,1291.0,717.0
2022-11-18 11:26:06.552585,12,1281.0,714.0
2022-11-18 11:26:06.563598,12,1270.0,709.0
2022-11-18 11:26:06.572788,12,1259.0,705.0
2022-11-18 11:26:06.582917,12,1243.0,700.0
2022-11-18 11:26:06.591882,12,1226.0,691.0
2022-11-18 11:26:06.603594,12,1215.0,687.0
2022-11-18 11:26:06.613415,12,1198.0,677.0
2022-11-18 11:26:06.623219,12,1184.0,668.0
2022-11-18 11:26:06.632203,12,1168.0,660.0
2022-11-18 11:26:06.642623,12,1155.0,652.0
2022-11-18 11:26:06.652628,12,1141.0,645.0
2022-11-18 11:26:06.662697,12,1128.0,638.0
2022-11-18 11:26:06.673152,12,1115.0,630.0
2022-11-18 11:26:06.684429,12,1102.0,622.0
2022-11-18 11:26:06.694107,12,1094.0,616.0
2022-11-18 11:26:06.704328,12,1084.0,608.0
2022-11-18 11:26:06.713905,12,1077.0,602.0
2022-11-18 11:26:06.723935,12,1069.0,596.0
2022-11-18 11:26:06.733956,12,1061.0,591.0
2022-11-18 11:26:06.744331,12,1054.0,584.0
2022-11-18 11:26:06.754380,12,1047.0,580.0
2022-11-18 11:26:06.763313,12,1042.0,575.0
2022-11-18 11:26:06.773545,12,1038.0,571.0
2022-11-18 11:26:06.783593,12,1033.0,569.0
2022-11-18 11:26:06.794091,12,1029.0,566.0
2022-11-18 11:26:06.802980,12,1026.0,564.0
2022-11-18 11:26:06.814274,12,1024.0,562.0
2022-11-18 11:26:06.824332,12,1022.0,560.0
2022-11-18 11:26:06.834338,12,1020.0,558.0
2022-11-18 11:26:06.842673,12,1018.0,556.0
2022-11-18 11:26:06.853720,12,1016.0,554.0
2022-11-18 11:26:06.864487,12,1014.0,551.0
2022-11-18 11:26:06.873706,12,1012.0,550.0
2022-11-18 11:26:06.883949,12,1009.0,548.0
2022-11-18 11:26:06.894245,12,1004.0,545.0
2022-11-18 11:26:06.904483,12,1002.0,543.0
2022-11-18 11:26:06.913560,12,1000.0,541.0
2022-11-18 11:26:06.923563,12,997.0,539.0
2022-11-18 11:26:06.933326,12,994.0,537.0
2022-11-18 11:26:06.943575,12,991.0,536.0
2022-11-18 11:26:06.954208,12,989.0,534.0
2022-11-18 11:26:06.963866,12,984.0,532.0
2022-11-18 11:26:06.972431,12,981.0,531.0
2022-11-18 11:26:06.984399,12,977.0,528.0
2022-11-18 11:26:06.993995,12,970.0,527.0
2022-11-18 11:26:07.003639,12,964.0,523.0
2022-11-18 11:26:07.013639,12,957.0,521.0
2022-11-18 11:26:07.025362,12,949.0,517.0
2022-11-18 11:26:07.035353,12,943.0,515.0
2022-11-18 11:26:07.044995,12,936.0,513.0
2022-11-18 11:26:07.054560,12,930.0,512.0
2022-11-18 11:26:07.064798,12,924.0,509.0
2022-11-18 11:26:07.074818,12,916.0,507.0
2022-11-18 11:26:07.085300,12,913.0,507.0
2022-11-18 11:26:07.095132,12,906.0,505.0
2022-11-18 11:26:07.104455,12,901.0,504.0
2022-11-18 11:26:07.114465,12,896.0,503.0
2022-11-18 11:26:07.124889,12,892.0,503.0
2022-11-18 11:26:07.134787,12,887.0,503.0
2022-11-18 11:26:07.143818,12,883.0,503.0
2022-11-18 11:26:07.155323,12,878.0,503.0
2022-11-18 11:26:07.165506,12,872.0,503.0
2022-11-18 11:26:07.175151,12,867.0,504.0
2022-11-18 11:26:07.184594,12,861.0,504.0
2022-11-18 11:26:07.196760,12,855.0,505.0
2022-11-18 11:26:07.205749,12,846.0,507.0
2022-11-18 11:26:07.215965,12,841.0,508.0
2022-11-18 11:26:07.226132,12,834.0,511.0
2022-11-18 11:26:07.235891,12,828.0,513.0
2022-11-18 11:26:07.246270,12,823.0,515.0
2022-11-18 11:26:07.256689,12,818.0,516.0
2022-11-18 11:26:07.266221,12,811.0,518.0
2022-11-18 11:26:07.275221,12,808.0,520.0
2022-11-18 11:26:07.286273,12,804.0,520.0
2022-11-18 11:26:07.295940,12,801.0,522.0
2022-11-18 11:26:07.305946,12,797.0,523.0
2022-11-18 11:26:07.315297,12,793.0,525.0
2022-11-18 11:26:07.326063,12,790.0,525.0
2022-11-18 11:26:07.335837,12,786.0,527.0
2022-11-18 11:26:07.345848,12,781.0,528.0
2022-11-18 11:26:07.355460,12,779.0,530.0
2022-11-18 11:26:07.366064,12,777.0,531.0
2022-11-18 11:26:07.376258,12,773.0,532.0
2022-11-18 11:26:07.385580,12,769.0,534.0
2022-11-18 11:26:07.395527,12,766.0,534.0
2022-11-18 11:26:07.405525,12,761.0,534.0
2022-11-18 11:26:07.415810,12,760.0,535.0
2022-11-18 11:26:07.426325,12,756.0,537.0
2022-11-18 11:26:07.436127,12,751.0,538.0
2022-11-18 11:26:07.444439,12,745.0,540.0
2022-11-18 11:26:07.456104,12,742.0,541.0
2022-11-18 11:26:07.466164,12,738.0,543.0
2022-11-18 11:26:07.475557,12,733.0,544.0
2022-11-18 11:26:07.485399,12,727.0,547.0
2022-11-18 11:26:07.497426,12,724.0,548.0
2022-11-18 11:26:07.507500,12,719.0,550.0
2022-11-18 11:26:07.516687,12,713.0,552.0
2022-11-18 11:26:07.526739,12,709.0,554.0
2022-11-18 11:26:07.537602,12,704.0,555.0
2022-11-18 11:26:07.547580,12,699.0,557.0
2022-11-18 11:26:07.557456,12,694.0,559.0
2022-11-18 11:26:07.566898,12,687.0,559.0
2022-11-18 11:26:07.576667,12,685.0,561.0
2022-11-18 11:26:07.587403,12,680.0,562.0
2022-11-18 11:26:07.597206,12,675.0,564.0
2022-11-18 11:26:07.606608,12,672.0,565.0
2022-11-18 11:26:07.616246,12,666.0,567.0
2022-11-18 11:26:07.627246,12,664.0,568.0
2022-11-18 11:26:07.636468,12,662.0,569.0
2022-11-18 11:26:07.646625,12,658.0,569.0
2022-11-18 11:26:07.655882,12,655.0,571.0
2022-11-18 11:26:07.666699,12,654.0,571.0
2022-11-18 11:26:07.676907,12,652.0,571.0
2022-11-18 11:26:07.687120,12,650.0,572.0
2022-11-18 11:26:07.697444,12,648.0,574.0
2022-11-18 11:26:07.707566,12,647.0,574.0
2022-11-18 11:26:07.717763,12,645.0,575.0
2022-11-18 11:26:07.738405,12,644.0,576.0
2022-11-18 11:26:07.747661,12,642.0,576.0
2022-11-18 11:26:07.758851,12,641.0,576.0
2022-11-18 11:26:07.768896,12,640.0,577.0
2022-11-18 11:26:07.779025,12,639.0,577.0
2022-11-18 11:26:07.789024,12,638.0,578.0
2022-11-18 11:26:07.799196,12,636.0,578.0
2022-11-18 11:26:07.818314,12,635.0,579.0
2022-11-18 11:26:07.826968,12,634.0,580.0
2022-11-18 11:26:07.838318,12,633.0,580.0
2022-11-18 11:26:07.847644,12,631.0,580.0
2022-11-18 11:26:07.857943,12,630.0,580.0
2022-11-18 11:26:07.866506,12,628.0,581.0
2022-11-18 11:26:07.878520,12,627.0,581.0
2022-11-18 11:26:07.888602,12,625.0,581.0
2022-11-18 11:26:07.898392,12,624.0,582.0
2022-11-18 11:26:07.907699,12,623.0,582.0
2022-11-18 11:26:07.918535,12,621.0,583.0
2022-11-18 11:26:07.928194,12,620.0,583.0
2022-11-18 11:26:07.937650,12,619.0,583.0
2022-11-18 11:26:07.947662,12,617.0,584.0
2022-11-18 11:26:07.956548,12,614.0,584.0
2022-11-18 11:26:07.967825,12,613.0,585.0
2022-11-18 11:26:07.977831,12,611.0,587.0
2022-11-18 11:26:07.988311,12,610.0,587.0
2022-11-18 11:26:11.602162,13,1200.0,500.0
2022-11-18 11:26:11.653217,13,1199.0,500.0
2022-11-18 11:26:11.663296,13,1198.0,500.0
2022-11-18 11:26:11.672433,13,1196.0,501.0
2022-11-18 11:26:11.682945,13,1195.0,501.0
2022-11-18 11:26:11.693180,13,1194.0,502.0
2022-11-18 11:26:11.703214,13,1194.0,503.0
2022-11-18 11:26:11.713335,13,1192.0,503.0
2022-11-18 11:26:11.723412,13,1191.0,504.0
2022-11-18 11:26:11.732831,13,1190.0,505.0
2022-11-18 11:26:11.742828,13,1188.0,506.0
2022-11-18 11:26:11.753199,13,1187.0,507.0
2022-11-18 11:26:11.763197,13,1186.0,508.0
2022-11-18 11:26:11.773200,13,1185.0,509.0
2022-11-18 11:26:11.783478,13,1184.0,509.0
2022-11-18 11:26:11.792596,13,1184.0,510.0
2022-11-18 11:26:11.814082,13,1182.0,510.0
2022-11-18 11:26:11.834319,13,1181.0,511.0
2022-11-18 11:26:11.854402,13,1180.0,511.0
2022-11-18 11:26:11.873799,13,1178.0,512.0
2022-11-18 11:26:11.893773,13,1176.0,513.0
2022-11-18 11:26:11.904015,13,1175.0,513.0
2022-11-18 11:26:11.914292,13,1173.0,515.0
2022-11-18 11:26:11.924273,13,1171.0,516.0
2022-11-18 11:26:11.934354,13,1168.0,517.0
2022-11-18 11:26:11.944321,13,1167.0,518.0
2022-11-18 11:26:11.953678,13,1163.0,521.0
2022-11-18 11:26:11.962980,13,1160.0,523.0
2022-11-18 11:26:11.974198,13,1156.0,525.0
2022-11-18 11:26:11.983472,13,1150.0,528.0
2022-11-18 11:26:11.994181,13,1144.0,531.0
2022-11-18 11:26:12.004186,13,1138.0,534.0
2022-11-18 11:26:12.013527,13,1133.0,537.0
2022-11-18 11:26:12.023704,13,1126.0,540.0
2022-11-18 11:26:12.033698,13,1119.0,544.0
2022-11-18 11:26:12.043991,13,1112.0,548.0
2022-11-18 11:26:12.053626,13,1102.0,553.0
2022-11-18 11:26:12.063630,13,1094.0,557.0
2022-11-18 11:26:12.073636,13,1086.0,561.0
2022-11-18 11:26:12.084233,13,1075.0,568.0
2022-11-18 11:26:12.094234,13,1067.0,573.0
2022-11-18 11:26:12.104258,13,1059.0,577.0
2022-11-18 11:26:12.113625,13,1050.0,582.0
2022-11-18 11:26:12.123555,13,1040.0,589.0
2022-11-18 11:26:12.134255,13,1032.0,593.0
2022-11-18 11:26:12.145124,13,1020.0,598.0
2022-11-18 11:26:12.155187,13,1010.0,603.0
2022-11-18 11:26:12.165244,13,1003.0,607.0
2022-11-18 11:26:12.174917,13,992.0,613.0
2022-11-18 11:26:12.185423,13,986.0,617.0
2022-11-18 11:26:12.194433,13,979.0,621.0
2022-11-18 11:26:12.204939,13,973.0,624.0
2022-11-18 11:26:12.214677,13,967.0,629.0
2022-11-18 11:26:12.224759,13,960.0,632.0
2022-11-18 11:26:12.235316,13,958.0,634.0
2022-11-18 11:26:12.245708,13,952.0,637.0
2022-11-18 11:26:12.254832,13,948.0,640.0
2022-11-18 11:26:12.265016,13,945.0,642.0
2022-11-18 11:26:12.275310,13,943.0,644.0
2022-11-18 11:26:12.285336,13,940.0,645.0
2022-11-18 11:26:12.295228,13,937.0,646.0
2022-11-18 11:26:12.305866,13,936.0,647.0
2022-11-18 11:26:12.316247,13,934.0,648.0
2022-11-18 11:26:12.326248,13,933.0,649.0
2022-11-18 11:26:12.336269,13,931.0,649.0
2022-11-18 11:26:12.346030,13,929.0,651.0
2022-11-18 11:26:12.356144,13,928.0,651.0
2022-11-18 11:26:12.366162,13,927.0,652.0
2022-11-18 11:26:12.376565,13,926.0,653.0
2022-11-18 11:26:12.385598,13,924.0,655.0
2022-11-18 11:26:12.395609,13,922.0,655.0
2022-11-18 11:26:12.406574,13,920.0,656.0
2022-11-18 11:26:12.415613,13,919.0,657.0
2022-11-18 11:26:12.425873,13,916.0,658.0
2022-11-18 11:26:12.436276,13,912.0,660.0
2022-11-18 11:26:12.447236,13,911.0,661.0
2022-11-18 11:26:12.455548,13,907.0,662.0
2022-11-18 11:26:12.465774,13,905.0,664.0
2022-11-18 11:26:12.475168,13,900.0,667.0
2022-11-18 11:26:12.485868,13,897.0,669.0
2022-11-18 11:26:12.495878,13,894.0,671.0
2022-11-18 11:26:12.506532,13,891.0,672.0
2022-11-18 11:26:12.515344,13,887.0,674.0
2022-11-18 11:26:12.526097,13,883.0,677.0
2022-11-18 11:26:12.536127,13,881.0,678.0
2022-11-18 11:26:12.547008,13,877.0,680.0
2022-11-18 11:26:12.557361,13,873.0,683.0
2022-11-18 11:26:12.566557,13,870.0,683.0
2022-11-18 11:26:12.576601,13,867.0,685.0
2022-11-18 11:26:12.585625,13,864.0,686.0
2022-11-18 11:26:12.595960,13,863.0,687.0
2022-11-18 11:26:12.607002,13,861.0,687.0
2022-11-18 11:26:12.616244,13,858.0,690.0
2022-11-18 11:26:12.626441,13,856.0,691.0
2022-11-18 11:26:12.636313,13,854.0,692.0
2022-11-18 11:26:12.647646,13,853.0,692.0
2022-11-18 11:26:12.656896,13,851.0,694.0
2022-11-18 11:26:12.666902,13,850.0,695.0
2022-11-18 11:26:12.677308,13,849.0,695.0
2022-11-18 11:26:12.697146,13,847.0,695.0
2022-11-18 11:26:12.717205,13,846.0,696.0
2022-11-18 11:26:12.726566,13,844.0,697.0
2022-11-18 11:26:12.736913,13,843.0,697.0
2022-11-18 11:26:12.747356,13,841.0,697.0
2022-11-18 11:26:12.756419,13,840.0,697.0
2022-11-18 11:26:12.766749,13,840.0,698.0
2022-11-18 11:26:12.776766,13,839.0,698.0
2022-11-18 11:26:12.787129,13,837.0,698.0
2022-11-18 11:26:12.797322,13,836.0,698.0
2022-11-18 11:26:12.807363,13,833.0,699.0
2022-11-18 11:26:12.817930,13,832.0,700.0
2022-11-18 11:26:12.828304,13,831.0,700.0
2022-11-18 11:26:12.838318,13,830.0,700.0
2022-11-18 11:26:12.848211,13,827.0,701.0
2022-11-18 11:26:12.858084,13,825.0,701.0
2022-11-18 11:26:12.868118,13,823.0,702.0
2022-11-18 11:26:12.877798,13,821.0,702.0
2022-11-18 11:26:12.888134,13,820.0,702.0
2022-11-18 11:26:12.898357,13,818.0,702.0
2022-11-18 11:26:12.908138,13,816.0,702.0
2022-11-18 11:26:15.408516,9,201.0,801.0
2022-11-18 11:26:15.459118,9,201.0,802.0
2022-11-18 11:26:15.468466,9,202.0,802.0
2022-11-18 11:26:15.478557,9,203.0,802.0
2022-11-18 11:26:15.488302,9,204.0,802.0
2022-11-18 11:26:15.498242,9,208.0,802.0
2022-11-18 11:26:15.509243,9,209.0,802.0
2022-11-18 11:26:15.517616,9,213.0,801.0
2022-11-18 11:26:15.527972,9,215.0,801.0
2022-11-18 11:26:15.538262,9,218.0,799.0
2022-11-18 11:26:15.548304,9,221.0,799.0
2022-11-18 11:26:15.557656,9,224.0,799.0
2022-11-18 11:26:15.568353,9,226.0,798.0
2022-11-18 11:26:15.577911,9,230.0,798.0
2022-11-18 11:26:15.588730,9,235.0,797.0
2022-11-18 11:26:15.597625,9,241.0,796.0
2022-11-18 11:26:15.608624,9,246.0,795.0
2022-11-18 11:26:15.617987,9,253.0,795.0
2022-11-18 11:26:15.629351,9,261.0,793.0
2022-11-18 11:26:15.638134,9,272.0,792.0
2022-11-18 11:26:15.647768,9,277.0,791.0
2022-11-18 11:26:15.658166,9,287.0,790.0
2022-11-18 11:26:15.668569,9,297.0,788.0
2022-11-18 11:26:15.678174,9,307.0,788.0
2022-11-18 11:26:15.687628,9,315.0,786.0
2022-11-18 11:26:15.697591,9,323.0,786.0
2022-11-18 11:26:15.707908,9,332.0,784.0
2022-11-18 11:26:15.718540,9,340.0,782.0
2022-11-18 11:26:15.728785,9,349.0,781.0
2022-11-18 11:26:15.739031,9,358.0,779.0
2022-11-18 11:26:15.749398,9,366.0,778.0
2022-11-18 11:26:15.759398,9,373.0,776.0
2022-11-18 11:26:15.768680,9,381.0,774.0
2022-11-18 11:26:15.779309,9,388.0,773.0
2022-11-18 11:26:15.789136,9,395.0,769.0
2022-11-18 11:26:15.800098,9,402.0,766.0
2022-11-18 11:26:15.809291,9,409.0,764.0
2022-11-18 11:26:15.818554,9,416.0,763.0
2022-11-18 11:26:15.828599,9,422.0,759.0
2022-11-18 11:26:15.839317,9,431.0,757.0
2022-11-18 11:26:15.848717,9,440.0,753.0
2022-11-18 11:26:15.858754,9,448.0,751.0
2022-11-18 11:26:15.868988,9,455.0,748.0
2022-11-18 11:26:15.879405,9,465.0,744.0
2022-11-18 11:26:15.890050,9,473.0,741.0
2022-11-18 11:26:15.900021,9,481.0,737.0
2022-11-18 11:26:15.910072,9,489.0,734.0
2022-11-18 11:26:15.919532,9,496.0,730.0
2022-11-18 11:26:15.930520,9,504.0,725.0
2022-11-18 11:26:15.939885,9,511.0,722.0
2022-11-18 11:26:15.950185,9,518.0,718.0
2022-11-18 11:26:15.960137,9,524.0,716.0
2022-11-18 11:26:15.971668,9,528.0,713.0
2022-11-18 11:26:15.980005,9,534.0,712.0
2022-11-18 11:26:15.990031,9,537.0,710.0
2022-11-18 11:26:15.999931,9,541.0,708.0
2022-11-18 11:26:16.010219,9,544.0,707.0
2022-11-18 11:26:16.020220,9,550.0,705.0
2022-11-18 11:26:16.030273,9,554.0,703.0
2022-11-18 11:26:16.039894,9,560.0,701.0
2022-11-18 11:26:16.050194,9,564.0,700.0
2022-11-18 11:26:16.060196,9,570.0,697.0
2022-11-18 11:26:16.070354,9,576.0,693.0
2022-11-18 11:26:16.079646,9,584.0,690.0
2022-11-18 11:26:16.090047,9,591.0,685.0
2022-11-18 11:26:16.101302,9,599.0,683.0
2022-11-18 11:26:16.110304,9,604.0,680.0
2022-11-18 11:26:16.120305,9,611.0,678.0
2022-11-18 11:26:16.129870,9,619.0,674.0
2022-11-18 11:26:16.140884,9,625.0,672.0
2022-11-18 11:26:16.149882,9,631.0,669.0
2022-11-18 11:26:16.160239,9,636.0,665.0
2022-11-18 11:26:16.169816,9,644.0,662.0
2022-11-18 11:26:16.180447,9,648.0,659.0
2022-11-18 11:26:16.189450,9,655.0,655.0
2022-11-18 11:26:16.200003,9,658.0,654.0
2022-11-18 11:26:16.209943,9,662.0,651.0
2022-11-18 11:26:16.219726,9,668.0,649.0
2022-11-18 11:26:16.231243,9,673.0,646.0
2022-11-18 11:26:16.241641,9,678.0,644.0
2022-11-18 11:26:16.251163,9,682.0,643.0
2022-11-18 11:26:16.261119,9,690.0,640.0
2022-11-18 11:26:16.272338,9,692.0,637.0
2022-11-18 11:26:16.281172,9,699.0,634.0
2022-11-18 11:26:16.290926,9,703.0,633.0
2022-11-18 11:26:16.301346,9,709.0,629.0
2022-11-18 11:26:16.312031,9,715.0,626.0
2022-11-18 11:26:16.321041,9,721.0,623.0
2022-11-18 11:26:16.331045,9,726.0,620.0
2022-11-18 11:26:16.341041,9,733.0,617.0
2022-11-18 11:26:16.352339,9,740.0,613.0
2022-11-18 11:26:16.361042,9,746.0,609.0
2022-11-18 11:26:16.370413,9,754.0,607.0
2022-11-18 11:26:16.381903,9,765.0,603.0
2022-11-18 11:26:16.390892,9,773.0,599.0
2022-11-18 11:26:16.401853,9,784.0,596.0
2022-11-18 11:26:16.412339,9,797.0,592.0
2022-11-18 11:26:16.422197,9,806.0,588.0
2022-11-18 11:26:16.432233,9,816.0,585.0
2022-11-18 11:26:16.443196,9,827.0,580.0
2022-11-18 11:26:16.452196,9,839.0,576.0
2022-11-18 11:26:16.462334,9,847.0,573.0
2022-11-18 11:26:16.472753,9,857.0,566.0
2022-11-18 11:26:16.483379,9,868.0,559.0
2022-11-18 11:26:16.491653,9,880.0,554.0
2022-11-18 11:26:16.501957,9,886.0,550.0
2022-11-18 11:26:16.512407,9,898.0,543.0
2022-11-18 11:26:16.523055,9,910.0,539.0
2022-11-18 11:26:16.532200,9,922.0,533.0
2022-11-18 11:26:16.542393,9,929.0,529.0
2022-11-18 11:26:16.552104,9,939.0,524.0
2022-11-18 11:26:16.563062,9,950.0,519.0
2022-11-18 11:26:16.572186,9,961.0,516.0
2022-11-18 11:26:16.582184,9,971.0,512.0
2022-11-18 11:26:16.592185,9,984.0,506.0
2022-11-18 11:26:16.601731,9,996.0,502.0
2022-11-18 11:26:16.612762,9,1007.0,497.0
2022-11-18 11:26:16.622193,9,1025.0,491.0
2022-11-18 11:26:16.632189,9,1035.0,488.0
2022-11-18 11:26:16.641968,9,1048.0,484.0
2022-11-18 11:26:16.653340,9,1059.0,479.0
2022-11-18 11:26:16.662314,9,1074.0,473.0
2022-11-18 11:26:16.672198,9,1082.0,469.0
2022-11-18 11:26:16.682197,9,1095.0,465.0
2022-11-18 11:26:16.693204,9,1107.0,460.0
2022-11-18 11:26:16.702286,9,1120.0,456.0
2022-11-18 11:26:16.712231,9,1130.0,452.0
2022-11-18 11:26:16.722330,9,1141.0,448.0
2022-11-18 11:26:16.732022,9,1154.0,440.0
2022-11-18 11:26:16.743014,9,1167.0,436.0
2022-11-18 11:26:16.753016,9,1178.0,430.0
2022-11-18 11:26:16.763395,9,1191.0,422.0
2022-11-18 11:26:16.772962,9,1200.0,419.0
2022-11-18 11:26:16.783964,9,1209.0,414.0
2022-11-18 11:26:16.793319,9,1218.0,409.0
2022-11-18 11:26:16.803401,9,1226.0,403.0
2022-11-18 11:26:16.813234,9,1235.0,398.0
2022-11-18 11:26:16.824237,9,1245.0,394.0
2022-11-18 11:26:16.833240,9,1254.0,388.0
2022-11-18 11:26:16.842987,9,1262.0,385.0
2022-11-18 11:26:16.853224,9,1272.0,378.0
2022-11-18 11:26:16.864417,9,1280.0,374.0
2022-11-18 11:26:16.872805,9,1288.0,370.0
2022-11-18 11:26:16.882876,9,1296.0,366.0
2022-11-18 11:26:16.893599,9,1302.0,362.0
2022-11-18 11:26:16.902910,9,1308.0,357.0
2022-11-18 11:26:16.913879,9,1314.0,351.0
2022-11-18 11:26:16.923896,9,1320.0,347.0
2022-11-18 11:26:16.934323,9,1326.0,342.0
2022-11-18 11:26:16.943571,9,1332.0,338.0
2022-11-18 11:26:16.954552,9,1338.0,334.0
2022-11-18 11:26:16.964692,9,1345.0,329.0
2022-11-18 11:26:16.974687,9,1348.0,326.0
2022-11-18 11:26:16.983740,9,1354.0,320.0
2022-11-18 11:26:16.995755,9,1360.0,316.0
2022-11-18 11:26:17.003664,9,1366.0,310.0
2022-11-18 11:26:17.013669,9,1371.0,305.0
2022-11-18 11:26:17.024430,9,1377.0,299.0
2022-11-18 11:26:17.034895,9,1383.0,293.0
2022-11-18 11:26:17.043894,9,1389.0,287.0
2022-11-18 11:26:17.054328,9,1394.0,282.0
2022-11-18 11:26:17.063658,9,1400.0,276.0
2022-11-18 11:26:17.074982,9,1405.0,271.0
2022-11-18 11:26:17.083945,9,1411.0,265.0
2022-11-18 11:26:17.094419,9,1414.0,262.0
2022-11-18 11:26:17.104487,9,1418.0,258.0
2022-11-18 11:26:17.113756,9,1421.0,256.0
2022-11-18 11:26:17.125244,9,1423.0,253.0
2022-11-18 11:26:17.133717,9,1427.0,249.0
2022-11-18 11:26:17.143712,9,1430.0,246.0
2022-11-18 11:26:17.154098,9,1434.0,242.0
2022-11-18 11:26:17.164668,9,1437.0,239.0
2022-11-18 11:26:17.173705,9,1441.0,235.0
2022-11-18 11:26:17.183988,9,1444.0,232.0
2022-11-18 11:26:17.194597,9,1446.0,227.0
2022-11-18 11:26:17.204625,9,1450.0,224.0
2022-11-18 11:26:17.213596,9,1454.0,218.0
2022-11-18 11:26:17.224395,9,1457.0,215.0
2022-11-18 11:26:17.233475,9,1459.0,212.0
2022-11-18 11:26:17.244773,9,1462.0,207.0
2022-11-18 11:26:17.255030,9,1465.0,203.0
2022-11-18 11:26:17.264613,9,1467.0,201.0
2022-11-18 11:26:17.274577,9,1470.0,195.0
2022-11-18 11:26:17.284853,9,1472.0,192.0
2022-11-18 11:26:17.296478,9,1475.0,188.0
2022-11-18 11:26:17.305476,9,1478.0,185.0
2022-11-18 11:26:17.315227,9,1480.0,183.0
2022-11-18 11:26:17.325461,9,1481.0,179.0
2022-11-18 11:26:17.336327,9,1483.0,177.0
2022-11-18 11:26:17.345328,9,1485.0,174.0
2022-11-18 11:26:17.354979,9,1487.0,170.0
2022-11-18 11:26:17.364526,9,1489.0,165.0
2022-11-18 11:26:21.301365,10,101.0,101.0
2022-11-18 11:26:21.309990,10,101.0,102.0
2022-11-18 11:26:21.341268,10,101.0,103.0
2022-11-18 11:26:21.351061,10,101.0,105.0
2022-11-18 11:26:21.371379,10,101.0,106.0
2022-11-18 11:26:21.381424,10,101.0,107.0
2022-11-18 11:26:21.391857,10,101.0,108.0
2022-11-18 11:26:21.400870,10,101.0,111.0
2022-11-18 11:26:21.411244,10,101.0,112.0
2022-11-18 11:26:21.420728,10,101.0,115.0
2022-11-18 11:26:21.432149,10,101.0,117.0
2022-11-18 11:26:21.440743,10,101.0,120.0
2022-11-18 11:26:21.451153,10,101.0,123.0
2022-11-18 11:26:21.461202,10,101.0,129.0
2022-11-18 11:26:21.472508,10,101.0,132.0
2022-11-18 11:26:21.481278,10,100.0,138.0
2022-11-18 11:26:21.490275,10,100.0,143.0
2022-11-18 11:26:21.501140,10,100.0,148.0
2022-11-18 11:26:21.511954,10,100.0,156.0
2022-11-18 11:26:21.521789,10,100.0,163.0
2022-11-18 11:26:21.532166,10,99.0,171.0
2022-11-18 11:26:21.541445,10,99.0,181.0
2022-11-18 11:26:21.552159,10,99.0,189.0
2022-11-18 11:26:21.562365,10,99.0,197.0
2022-11-18 11:26:21.571579,10,99.0,209.0
2022-11-18 11:26:21.582245,10,99.0,216.0
2022-11-18 11:26:21.591844,10,99.0,228.0
2022-11-18 11:26:21.603291,10,101.0,234.0
2022-11-18 11:26:21.612526,10,101.0,244.0
2022-11-18 11:26:21.622174,10,101.0,255.0
2022-11-18 11:26:21.632168,10,102.0,265.0
2022-11-18 11:26:21.643167,10,102.0,277.0
2022-11-18 11:26:21.652346,10,106.0,287.0
2022-11-18 11:26:21.661615,10,110.0,298.0
2022-11-18 11:26:21.672446,10,113.0,317.0
2022-11-18 11:26:21.683446,10,118.0,329.0
2022-11-18 11:26:21.691789,10,125.0,343.0
2022-11-18 11:26:21.701787,10,127.0,354.0
2022-11-18 11:26:21.712027,10,134.0,367.0
2022-11-18 11:26:21.722359,10,137.0,376.0
2022-11-18 11:26:21.733134,10,141.0,384.0
2022-11-18 11:26:21.742237,10,145.0,390.0
2022-11-18 11:26:21.752413,10,148.0,397.0
2022-11-18 11:26:21.761754,10,152.0,403.0
2022-11-18 11:26:21.772696,10,156.0,408.0
2022-11-18 11:26:21.782289,10,159.0,414.0
2022-11-18 11:26:21.791646,10,163.0,418.0
2022-11-18 11:26:21.802718,10,166.0,421.0
2022-11-18 11:26:21.813355,10,168.0,423.0
2022-11-18 11:26:21.822341,10,169.0,424.0
2022-11-18 11:26:21.831652,10,170.0,426.0
2022-11-18 11:26:21.841730,10,172.0,426.0
2022-11-18 11:26:21.853464,10,174.0,427.0
2022-11-18 11:26:21.862535,10,175.0,428.0
2022-11-18 11:26:21.873277,10,176.0,428.0
2022-11-18 11:26:21.883138,10,177.0,428.0
2022-11-18 11:26:21.892489,10,179.0,428.0
2022-11-18 11:26:21.904136,10,182.0,429.0
2022-11-18 11:26:21.912615,10,185.0,429.0
2022-11-18 11:26:21.922871,10,187.0,429.0
2022-11-18 11:26:21.932904,10,190.0,429.0
2022-11-18 11:26:21.944382,10,192.0,429.0
2022-11-18 11:26:21.952481,10,194.0,429.0
2022-11-18 11:26:21.963078,10,195.0,429.0
2022-11-18 11:26:21.973401,10,198.0,429.0
2022-11-18 11:26:21.983633,10,200.0,429.0
2022-11-18 11:26:21.993021,10,201.0,429.0
2022-11-18 11:26:22.003338,10,202.0,428.0
2022-11-18 11:26:22.012858,10,205.0,428.0
2022-11-18 11:26:22.033905,10,206.0,428.0
2022-11-18 11:26:22.053690,10,207.0,428.0
2022-11-18 11:26:22.064694,10,208.0,428.0
2022-11-18 11:26:22.075324,10,209.0,427.0
2022-11-18 11:26:22.083748,10,210.0,427.0
2022-11-18 11:26:22.094036,10,211.0,427.0
2022-11-18 11:26:22.104452,10,213.0,427.0
2022-11-18 11:26:22.114620,10,217.0,425.0
2022-11-18 11:26:22.123961,10,221.0,424.0
2022-11-18 11:26:22.133963,10,224.0,422.0
2022-11-18 11:26:22.144406,10,229.0,419.0
2022-11-18 11:26:22.154741,10,237.0,415.0
2022-11-18 11:26:22.163765,10,245.0,410.0
2022-11-18 11:26:22.174405,10,253.0,406.0
2022-11-18 11:26:22.183806,10,264.0,402.0
2022-11-18 11:26:22.194805,10,275.0,398.0
2022-11-18 11:26:22.204228,10,288.0,390.0
2022-11-18 11:26:22.213672,10,300.0,385.0
2022-11-18 11:26:22.223701,10,318.0,377.0
2022-11-18 11:26:22.234064,10,330.0,372.0
2022-11-18 11:26:22.245101,10,346.0,366.0
2022-11-18 11:26:22.254254,10,356.0,363.0
2022-11-18 11:26:22.264318,10,366.0,361.0
2022-11-18 11:26:22.274090,10,375.0,359.0
2022-11-18 11:26:22.285404,10,383.0,357.0
2022-11-18 11:26:22.293441,10,389.0,355.0
2022-11-18 11:26:22.303496,10,394.0,354.0
2022-11-18 11:26:22.313420,10,397.0,353.0
2022-11-18 11:26:22.324419,10,400.0,353.0
2022-11-18 11:26:22.333624,10,402.0,353.0
2022-11-18 11:26:22.344291,10,403.0,353.0
2022-11-18 11:26:22.354071,10,406.0,353.0
2022-11-18 11:26:22.365338,10,407.0,353.0
2022-11-18 11:26:22.375041,10,408.0,353.0
2022-11-18 11:26:22.384816,10,410.0,353.0
2022-11-18 11:26:22.394826,10,411.0,353.0
2022-11-18 11:26:22.406009,10,415.0,353.0
2022-11-18 11:26:22.415729,10,419.0,353.0
2022-11-18 11:26:22.424946,10,421.0,353.0
2022-11-18 11:26:22.434946,10,423.0,353.0
2022-11-18 11:26:22.444626,10,427.0,353.0
2022-11-18 11:26:22.455557,10,429.0,353.0
2022-11-18 11:26:22.464565,10,430.0,353.0
2022-11-18 11:26:22.474591,10,433.0,353.0
2022-11-18 11:26:22.484783,10,434.0,353.0
2022-11-18 11:26:22.496004,10,437.0,353.0
2022-11-18 11:26:22.505471,10,438.0,354.0
2022-11-18 11:26:22.515161,10,442.0,355.0
2022-11-18 11:26:22.524411,10,444.0,356.0
2022-11-18 11:26:22.535761,10,449.0,359.0
2022-11-18 11:26:22.545930,10,454.0,360.0
2022-11-18 11:26:22.556181,10,460.0,362.0
2022-11-18 11:26:22.565398,10,468.0,365.0
2022-11-18 11:26:22.576795,10,476.0,370.0
2022-11-18 11:26:22.586813,10,488.0,372.0
2022-11-18 11:26:22.596069,10,500.0,376.0
2022-11-18 11:26:22.606298,10,509.0,381.0
2022-11-18 11:26:22.616055,10,524.0,385.0
2022-11-18 11:26:22.627222,10,535.0,389.0
2022-11-18 11:26:22.635848,10,551.0,394.0
2022-11-18 11:26:22.645878,10,563.0,397.0
2022-11-18 11:26:22.656158,10,579.0,401.0
2022-11-18 11:26:22.667333,10,598.0,406.0
2022-11-18 11:26:22.676319,10,618.0,411.0
2022-11-18 11:26:22.685938,10,632.0,413.0
2022-11-18 11:26:22.695975,10,652.0,421.0
2022-11-18 11:26:22.707301,10,669.0,425.0
2022-11-18 11:26:22.715896,10,689.0,430.0
2022-11-18 11:26:22.726224,10,700.0,434.0
2022-11-18 11:26:22.736132,10,711.0,438.0
2022-11-18 11:26:22.746102,10,729.0,442.0
2022-11-18 11:26:22.757305,10,738.0,444.0
2022-11-18 11:26:22.765622,10,749.0,447.0
2022-11-18 11:26:22.776146,10,757.0,449.0
2022-11-18 11:26:22.785679,10,765.0,451.0
2022-11-18 11:26:22.796920,10,772.0,455.0
2022-11-18 11:26:22.806207,10,779.0,458.0
2022-11-18 11:26:22.816589,10,785.0,460.0
2022-11-18 11:26:22.826378,10,791.0,462.0
2022-11-18 11:26:22.837463,10,795.0,464.0
2022-11-18 11:26:22.846562,10,801.0,465.0
2022-11-18 11:26:22.855804,10,805.0,467.0
2022-11-18 11:26:22.865804,10,811.0,467.0
2022-11-18 11:26:22.876726,10,816.0,468.0
2022-11-18 11:26:22.886900,10,822.0,469.0
2022-11-18 11:26:22.896900,10,831.0,470.0
2022-11-18 11:26:22.906907,10,838.0,471.0
2022-11-18 11:26:22.918152,10,846.0,472.0
2022-11-18 11:26:22.927536,10,856.0,473.0
2022-11-18 11:26:22.937268,10,868.0,475.0
2022-11-18 11:26:22.946639,10,879.0,477.0
2022-11-18 11:26:22.956819,10,892.0,478.0
2022-11-18 11:26:22.967798,10,905.0,478.0
2022-11-18 11:26:22.976714,10,919.0,478.0
2022-11-18 11:26:22.987367,10,929.0,479.0
2022-11-18 11:26:22.997074,10,941.0,479.0
2022-11-18 11:26:23.008166,10,952.0,478.0
2022-11-18 11:26:23.016572,10,962.0,478.0
2022-11-18 11:26:23.026858,10,972.0,477.0
2022-11-18 11:26:23.037123,10,983.0,475.0
2022-11-18 11:26:23.047677,10,992.0,475.0
2022-11-18 11:26:23.058198,10,1002.0,471.0
2022-11-18 11:26:23.068052,10,1010.0,469.0
2022-11-18 11:26:23.077993,10,1021.0,467.0
2022-11-18 11:26:23.089061,10,1028.0,464.0
2022-11-18 11:26:23.099177,10,1038.0,462.0
2022-11-18 11:26:23.107797,10,1046.0,461.0
2022-11-18 11:26:23.118085,10,1053.0,459.0
2022-11-18 11:26:23.128161,10,1061.0,455.0
2022-11-18 11:26:23.139211,10,1068.0,455.0
2022-11-18 11:26:23.147959,10,1075.0,452.0
2022-11-18 11:26:23.157982,10,1081.0,450.0
2022-11-18 11:26:23.168412,10,1089.0,448.0
2022-11-18 11:26:23.178803,10,1095.0,446.0
2022-11-18 11:26:23.188164,10,1103.0,444.0
2022-11-18 11:26:23.198163,10,1109.0,442.0
2022-11-18 11:26:23.208204,10,1115.0,441.0
2022-11-18 11:26:23.219204,10,1122.0,440.0
2022-11-18 11:26:23.228205,10,1127.0,439.0
2022-11-18 11:26:23.237949,10,1133.0,438.0
2022-11-18 11:26:23.248238,10,1139.0,437.0
2022-11-18 11:26:23.259495,10,1145.0,436.0
2022-11-18 11:26:23.269255,10,1150.0,436.0
2022-11-18 11:26:23.277419,10,1156.0,435.0
2022-11-18 11:26:23.287426,10,1162.0,434.0
2022-11-18 11:26:23.297665,10,1168.0,434.0
2022-11-18 11:26:23.308573,10,1175.0,432.0
2022-11-18 11:26:23.317580,10,1182.0,431.0
2022-11-18 11:26:23.327901,10,1187.0,431.0
2022-11-18 11:26:23.338254,10,1195.0,430.0
2022-11-18 11:26:23.348555,10,1200.0,429.0
2022-11-18 11:26:23.357565,10,1208.0,427.0
2022-11-18 11:26:23.368291,10,1215.0,426.0
2022-11-18 11:26:23.377833,10,1221.0,425.0
2022-11-18 11:26:23.388853,10,1228.0,423.0
2022-11-18 11:26:23.399313,10,1235.0,422.0
2022-11-18 11:26:23.408584,10,1244.0,420.0
2022-11-18 11:26:23.418592,10,1252.0,418.0
2022-11-18 11:26:23.429835,10,1262.0,414.0
2022-11-18 11:26:23.440218,10,1270.0,413.0
2022-11-18 11:26:23.449254,10,1278.0,411.0
2022-11-18 11:26:23.459435,10,1287.0,409.0
2022-11-18 11:26:23.469294,10,1294.0,408.0
2022-11-18 11:26:23.479963,10,1302.0,406.0
2022-11-18 11:26:23.488991,10,1310.0,404.0
2022-11-18 11:26:23.498490,10,1316.0,402.0
2022-11-18 11:26:23.508636,10,1324.0,401.0
2022-11-18 11:26:23.519642,10,1330.0,399.0
2022-11-18 11:26:23.529679,10,1337.0,397.0
2022-11-18 11:26:23.538723,10,1342.0,395.0
2022-11-18 11:26:23.548755,10,1348.0,393.0
2022-11-18 11:26:23.560178,10,1351.0,393.0
2022-11-18 11:26:23.569711,10,1354.0,392.0
2022-11-18 11:26:23.579792,10,1359.0,391.0
2022-11-18 11:26:23.590205,10,1362.0,390.0
2022-11-18 11:26:23.600603,10,1363.0,389.0
2022-11-18 11:26:23.610608,10,1367.0,388.0
2022-11-18 11:26:23.619652,10,1368.0,387.0
2022-11-18 11:26:23.630141,10,1369.0,387.0
2022-11-18 11:26:23.639585,10,1370.0,387.0
2022-11-18 11:26:23.809421,10,1372.0,387.0
2022-11-18 11:26:23.821173,10,1370.0,388.0
2022-11-18 11:26:23.829838,10,1369.0,390.0
2022-11-18 11:26:23.839595,10,1368.0,391.0
2022-11-18 11:26:23.849949,10,1367.0,395.0
2022-11-18 11:26:23.860754,10,1365.0,397.0
2022-11-18 11:26:23.870956,10,1364.0,399.0
2022-11-18 11:26:23.879327,10,1362.0,402.0
2022-11-18 11:26:23.889869,10,1362.0,404.0
2022-11-18 11:26:23.901150,10,1361.0,405.0
2022-11-18 11:26:23.910604,10,1360.0,407.0
2022-11-18 11:26:23.952265,10,1360.0,408.0
2022-11-18 11:26:24.123260,10,1360.0,409.0
2022-11-18 11:26:24.132219,10,1360.0,410.0
2022-11-18 11:26:24.141557,10,1361.0,410.0
2022-11-18 11:26:24.152393,10,1362.0,410.0
2022-11-18 11:26:24.167393,10,1363.0,410.0
2022-11-18 11:26:24.172110,10,1364.0,410.0
2022-11-18 11:26:24.182110,10,1366.0,410.0
2022-11-18 11:26:24.191572,10,1369.0,410.0
2022-11-18 11:26:24.202686,10,1371.0,410.0
2022-11-18 11:26:24.211958,10,1373.0,410.0
2022-11-18 11:26:24.222242,10,1378.0,412.0
2022-11-18 11:26:24.232514,10,1380.0,412.0
2022-11-18 11:26:24.242863,10,1385.0,413.0
2022-11-18 11:26:24.252329,10,1390.0,413.0
2022-11-18 11:26:26.171131,11,301.0,501.0
2022-11-18 11:26:26.179667,11,303.0,500.0
2022-11-18 11:26:26.189596,11,307.0,499.0
2022-11-18 11:26:26.201386,11,310.0,498.0
2022-11-18 11:26:26.211083,11,316.0,496.0
2022-11-18 11:26:26.220091,11,323.0,494.0
2022-11-18 11:26:26.230329,11,329.0,493.0
2022-11-18 11:26:26.240052,11,337.0,491.0
2022-11-18 11:26:26.250834,11,344.0,489.0
2022-11-18 11:26:26.260190,11,355.0,488.0
2022-11-18 11:26:26.270130,11,363.0,486.0
2022-11-18 11:26:26.280372,11,372.0,483.0
2022-11-18 11:26:26.291096,11,381.0,481.0
2022-11-18 11:26:26.300323,11,391.0,480.0
2022-11-18 11:26:26.309990,11,397.0,478.0
2022-11-18 11:26:26.319987,11,402.0,477.0
2022-11-18 11:26:26.330698,11,409.0,477.0
2022-11-18 11:26:26.341499,11,415.0,476.0
2022-11-18 11:26:26.349617,11,421.0,476.0
2022-11-18 11:26:26.359873,11,426.0,474.0
2022-11-18 11:26:26.371431,11,432.0,474.0
2022-11-18 11:26:26.381471,11,437.0,474.0
2022-11-18 11:26:26.389469,11,444.0,472.0
2022-11-18 11:26:26.400333,11,449.0,472.0
2022-11-18 11:26:26.409634,11,457.0,471.0
2022-11-18 11:26:26.421379,11,464.0,470.0
2022-11-18 11:26:26.429926,11,472.0,468.0
2022-11-18 11:26:26.439669,11,479.0,467.0
2022-11-18 11:26:26.450101,11,488.0,466.0
2022-11-18 11:26:26.460452,11,499.0,465.0
2022-11-18 11:26:26.471276,11,505.0,464.0
2022-11-18 11:26:26.481622,11,513.0,464.0
2022-11-18 11:26:26.491259,11,523.0,463.0
2022-11-18 11:26:26.502979,11,532.0,463.0
2022-11-18 11:26:26.512257,11,540.0,463.0
2022-11-18 11:26:26.521309,11,551.0,463.0
2022-11-18 11:26:26.531053,11,558.0,463.0
2022-11-18 11:26:26.542206,11,567.0,463.0
2022-11-18 11:26:26.551513,11,577.0,464.0
2022-11-18 11:26:26.560858,11,586.0,464.0
2022-11-18 11:26:26.571528,11,594.0,465.0
2022-11-18 11:26:26.580564,11,602.0,465.0
2022-11-18 11:26:26.591947,11,613.0,465.0
2022-11-18 11:26:26.601273,11,622.0,465.0
2022-11-18 11:26:26.610815,11,631.0,465.0
2022-11-18 11:26:26.621193,11,641.0,465.0
2022-11-18 11:26:26.632138,11,649.0,467.0
2022-11-18 11:26:26.642308,11,660.0,468.0
2022-11-18 11:26:26.652342,11,669.0,471.0
2022-11-18 11:26:26.661710,11,675.0,471.0
2022-11-18 11:26:26.672539,11,685.0,472.0
2022-11-18 11:26:26.682900,11,692.0,474.0
2022-11-18 11:26:26.692207,11,699.0,475.0
2022-11-18 11:26:26.702208,11,706.0,477.0
2022-11-18 11:26:26.712415,11,712.0,477.0
2022-11-18 11:26:26.723415,11,718.0,479.0
2022-11-18 11:26:26.732013,11,723.0,481.0
2022-11-18 11:26:26.741886,11,726.0,482.0
2022-11-18 11:26:26.751919,11,731.0,483.0
2022-11-18 11:26:26.763181,11,738.0,485.0
2022-11-18 11:26:26.772226,11,743.0,488.0
2022-11-18 11:26:26.781591,11,748.0,488.0
2022-11-18 11:26:26.791658,11,754.0,492.0
2022-11-18 11:26:26.803250,11,760.0,493.0
2022-11-18 11:26:26.812171,11,766.0,495.0
2022-11-18 11:26:26.822316,11,774.0,497.0
2022-11-18 11:26:26.832108,11,780.0,500.0
2022-11-18 11:26:26.843496,11,788.0,503.0
2022-11-18 11:26:26.852755,11,799.0,507.0
2022-11-18 11:26:26.861767,11,807.0,511.0
2022-11-18 11:26:26.872247,11,814.0,516.0
2022-11-18 11:26:26.883246,11,826.0,521.0
2022-11-18 11:26:26.893103,11,840.0,527.0
2022-11-18 11:26:26.902404,11,858.0,533.0
2022-11-18 11:26:26.912060,11,871.0,540.0
2022-11-18 11:26:26.922060,11,885.0,548.0
2022-11-18 11:26:26.933513,11,903.0,554.0
2022-11-18 11:26:26.941893,11,921.0,563.0
2022-11-18 11:26:26.951921,11,934.0,569.0
2022-11-18 11:26:26.961770,11,950.0,576.0
2022-11-18 11:26:26.973134,11,967.0,586.0
2022-11-18 11:26:26.983134,11,983.0,593.0
2022-11-18 11:26:26.993420,11,998.0,600.0
2022-11-18 11:26:27.003223,11,1014.0,609.0
2022-11-18 11:26:27.014237,11,1022.0,615.0
2022-11-18 11:26:27.023995,11,1032.0,619.0
2022-11-18 11:26:27.032470,11,1042.0,624.0
2022-11-18 11:26:27.042701,11,1048.0,627.0
2022-11-18 11:26:27.053700,11,1056.0,632.0
2022-11-18 11:26:27.064255,11,1061.0,635.0
2022-11-18 11:26:27.072828,11,1067.0,639.0
2022-11-18 11:26:27.082861,11,1073.0,642.0
2022-11-18 11:26:27.093205,11,1078.0,646.0
2022-11-18 11:26:27.103626,11,1082.0,650.0
2022-11-18 11:26:27.112665,11,1088.0,655.0
2022-11-18 11:26:27.123315,11,1092.0,658.0
2022-11-18 11:26:27.132625,11,1100.0,661.0
2022-11-18 11:26:27.143675,11,1105.0,665.0
2022-11-18 11:26:27.154399,11,1112.0,669.0
2022-11-18 11:26:27.164256,11,1119.0,673.0
2022-11-18 11:26:27.174191,11,1128.0,677.0
2022-11-18 11:26:27.185029,11,1138.0,681.0
2022-11-18 11:26:27.195482,11,1146.0,686.0
2022-11-18 11:26:27.203999,11,1158.0,692.0
2022-11-18 11:26:27.213999,11,1167.0,697.0
2022-11-18 11:26:27.225207,11,1179.0,704.0
2022-11-18 11:26:27.234542,11,1191.0,708.0
2022-11-18 11:26:27.243521,11,1206.0,713.0
2022-11-18 11:26:27.253519,11,1218.0,717.0
2022-11-18 11:26:27.264871,11,1233.0,723.0
2022-11-18 11:26:27.274893,11,1249.0,728.0
2022-11-18 11:26:27.284336,11,1269.0,733.0
2022-11-18 11:26:27.294139,11,1283.0,736.0
2022-11-18 11:26:27.304128,11,1301.0,741.0
2022-11-18 11:26:27.315397,11,1320.0,746.0
2022-11-18 11:26:27.323900,11,1344.0,752.0
2022-11-18 11:26:27.333638,11,1359.0,757.0
2022-11-18 11:26:27.343661,11,1383.0,762.0
2022-11-18 11:26:27.355518,11,1402.0,767.0
2022-11-18 11:26:27.364523,11,1422.0,772.0
2022-11-18 11:26:27.373922,11,1437.0,776.0
2022-11-18 11:26:27.383920,11,1448.0,779.0
2022-11-18 11:26:27.395504,11,1458.0,781.0
2022-11-18 11:26:27.405584,11,1469.0,783.0
2022-11-18 11:26:27.414758,11,1478.0,785.0
2022-11-18 11:26:27.423771,11,1487.0,787.0
2022-11-18 11:26:27.434865,11,1493.0,788.0
2022-11-18 11:26:27.444591,11,1502.0,790.0
2022-11-18 11:26:27.453555,11,1507.0,792.0
2022-11-18 11:26:27.463518,11,1513.0,793.0
2022-11-18 11:26:27.473708,11,1519.0,794.0
2022-11-18 11:26:27.484939,11,1522.0,795.0
2022-11-18 11:26:27.495324,11,1529.0,797.0
2022-11-18 11:26:27.505117,11,1532.0,797.0
2022-11-18 11:26:27.515401,11,1536.0,798.0
2022-11-18 11:26:27.525958,11,1540.0,798.0
2022-11-18 11:26:27.536004,11,1545.0,799.0
2022-11-18 11:26:27.545260,11,1549.0,799.0
2022-11-18 11:26:27.555303,11,1551.0,799.0
2022-11-18 11:26:27.565664,11,1556.0,799.0
2022-11-18 11:26:27.576043,11,1559.0,799.0
2022-11-18 11:26:27.586044,11,1562.0,799.0
2022-11-18 11:26:27.594960,11,1565.0,799.0
2022-11-18 11:26:27.605937,11,1568.0,799.0
2022-11-18 11:26:27.616354,11,1570.0,799.0
2022-11-18 11:26:27.624786,11,1575.0,799.0
2022-11-18 11:26:27.635260,11,1577.0,799.0
2022-11-18 11:26:27.644542,11,1581.0,798.0
2022-11-18 11:26:27.655945,11,1585.0,797.0
2022-11-18 11:26:27.665981,11,1588.0,796.0
2022-11-18 11:26:27.676286,11,1591.0,794.0
2022-11-18 11:26:27.685954,11,1593.0,793.0
2022-11-18 11:26:27.697141,11,1596.0,792.0
2022-11-18 11:26:27.706509,11,1599.0,790.0
2022-11-18 11:26:27.715552,11,1601.0,788.0
2022-11-18 11:26:27.725814,11,1602.0,788.0
2022-11-18 11:26:27.736646,11,1603.0,787.0
2022-11-18 11:26:27.747598,11,1604.0,786.0
2022-11-18 11:26:27.766083,11,1605.0,784.0
2022-11-18 11:26:27.837061,11,1607.0,783.0
2022-11-18 11:26:27.877402,11,1607.0,782.0
2022-11-18 11:26:27.925609,11,1607.0,781.0
2022-11-18 11:26:27.935921,11,1607.0,780.0
2022-11-18 11:26:27.947514,11,1607.0,779.0
2022-11-18 11:26:27.957513,11,1607.0,778.0
2022-11-18 11:26:27.965870,11,1608.0,776.0
2022-11-18 11:26:27.976122,11,1608.0,774.0
2022-11-18 11:26:27.986154,11,1609.0,771.0
2022-11-18 11:26:27.997468,11,1610.0,767.0
2022-11-18 11:26:28.007776,11,1612.0,762.0
2022-11-18 11:26:28.017075,11,1614.0,756.0
2022-11-18 11:26:28.026587,11,1615.0,750.0
2022-11-18 11:26:28.038029,11,1617.0,746.0
2022-11-18 11:26:28.047862,11,1618.0,740.0
2022-11-18 11:26:28.057560,11,1620.0,736.0
2022-11-18 11:26:28.066810,11,1620.0,734.0
2022-11-18 11:26:28.077817,11,1620.0,730.0
2022-11-18 11:26:28.087510,11,1620.0,729.0
2022-11-18 11:26:28.097204,11,1621.0,725.0
2022-11-18 11:26:28.107416,11,1621.0,724.0
2022-11-18 11:26:28.118426,11,1621.0,723.0
2022-11-18 11:26:28.128031,11,1621.0,721.0
2022-11-18 11:26:28.156801,11,1621.0,720.0
2022-11-18 11:26:28.168144,11,1621.0,719.0
2022-11-18 11:26:28.219297,11,1621.0,718.0
2022-11-18 11:26:28.237889,11,1621.0,717.0
2022-11-18 11:26:28.308327,11,1621.0,716.0
2022-11-18 11:26:28.448376,11,1621.0,715.0
2022-11-18 11:26:28.469441,11,1620.0,714.0
2022-11-18 11:26:28.477972,11,1619.0,714.0
2022-11-18 11:26:28.488264,11,1617.0,714.0
2022-11-18 11:26:28.498260,11,1616.0,714.0
2022-11-18 11:26:28.509259,11,1613.0,714.0
2022-11-18 11:26:33.076787,12,601.0,601.0
2022-11-18 11:26:33.086220,12,602.0,602.0
2022-11-18 11:26:33.097289,12,603.0,602.0
2022-11-18 11:26:33.106882,12,608.0,602.0
2022-11-18 11:26:33.116830,12,615.0,602.0
2022-11-18 11:26:33.126828,12,624.0,602.0
2022-11-18 11:26:33.137909,12,635.0,602.0
2022-11-18 11:26:33.147949,12,646.0,602.0
2022-11-18 11:26:33.158289,12,656.0,602.0
2022-11-18 11:26:33.168174,12,667.0,602.0
2022-11-18 11:26:33.176776,12,678.0,602.0
2022-11-18 11:26:33.187781,12,689.0,602.0
2022-11-18 11:26:33.197824,12,701.0,602.0
2022-11-18 11:26:33.208264,12,712.0,602.0
2022-11-18 11:26:33.216615,12,721.0,602.0
2022-11-18 11:26:33.228653,12,729.0,602.0
2022-11-18 11:26:33.237879,12,736.0,601.0
2022-11-18 11:26:33.248097,12,743.0,600.0
2022-11-18 11:26:33.257093,12,748.0,600.0
2022-11-18 11:26:33.268142,12,752.0,600.0
2022-11-18 11:26:33.277541,12,756.0,600.0
2022-11-18 11:26:33.287522,12,758.0,600.0
2022-11-18 11:26:33.297675,12,763.0,599.0
2022-11-18 11:26:33.308757,12,766.0,599.0
2022-11-18 11:26:33.318540,12,771.0,599.0
2022-11-18 11:26:33.329542,12,775.0,599.0
2022-11-18 11:26:33.338531,12,781.0,598.0
2022-11-18 11:26:33.347810,12,786.0,598.0
2022-11-18 11:26:33.359101,12,790.0,598.0
2022-11-18 11:26:33.369954,12,798.0,598.0
2022-11-18 11:26:33.379296,12,804.0,598.0
2022-11-18 11:26:33.388296,12,812.0,598.0
2022-11-18 11:26:33.398908,12,819.0,598.0
2022-11-18 11:26:33.409457,12,827.0,597.0
2022-11-18 11:26:33.419037,12,835.0,597.0
2022-11-18 11:26:33.428330,12,846.0,597.0
2022-11-18 11:26:33.438234,12,853.0,597.0
2022-11-18 11:26:33.449234,12,861.0,596.0
2022-11-18 11:26:33.459283,12,869.0,596.0
2022-11-18 11:26:33.468060,12,879.0,595.0
2022-11-18 11:26:33.478229,12,888.0,593.0
2022-11-18 11:26:33.489523,12,895.0,593.0
2022-11-18 11:26:33.498551,12,907.0,593.0
2022-11-18 11:26:33.509005,12,915.0,592.0
2022-11-18 11:26:33.518121,12,925.0,591.0
2022-11-18 11:26:33.527732,12,936.0,590.0
2022-11-18 11:26:33.538474,12,946.0,588.0
2022-11-18 11:26:33.548482,12,957.0,587.0
2022-11-18 11:26:33.557815,12,967.0,586.0
2022-11-18 11:26:33.568292,12,977.0,586.0
2022-11-18 11:26:33.579281,12,988.0,586.0
2022-11-18 11:26:33.588741,12,996.0,586.0
2022-11-18 11:26:33.597370,12,1007.0,587.0
2022-11-18 11:26:33.608311,12,1017.0,587.0
2022-11-18 11:26:33.618826,12,1024.0,588.0
2022-11-18 11:26:33.628610,12,1034.0,589.0
2022-11-18 11:26:33.638808,12,1041.0,589.0
2022-11-18 11:26:33.648808,12,1048.0,590.0
2022-11-18 11:26:33.660243,12,1055.0,590.0
2022-11-18 11:26:33.669944,12,1065.0,590.0
2022-11-18 11:26:33.679898,12,1070.0,590.0
2022-11-18 11:26:33.689058,12,1079.0,590.0
2022-11-18 11:26:33.699205,12,1084.0,590.0
2022-11-18 11:26:33.709754,12,1092.0,591.0
2022-11-18 11:26:33.720106,12,1100.0,591.0
2022-11-18 11:26:33.729239,12,1107.0,592.0
2022-11-18 11:26:33.739362,12,1113.0,593.0
2022-11-18 11:26:33.750455,12,1122.0,593.0
2022-11-18 11:26:33.759982,12,1129.0,595.0
2022-11-18 11:26:33.768392,12,1138.0,596.0
2022-11-18 11:26:33.778400,12,1147.0,598.0
2022-11-18 11:26:33.789800,12,1156.0,599.0
2022-11-18 11:26:33.802769,12,1163.0,601.0
2022-11-18 11:26:33.810234,12,1171.0,601.0
2022-11-18 11:26:33.820222,12,1176.0,602.0
2022-11-18 11:26:33.831034,12,1179.0,603.0
2022-11-18 11:26:33.841042,12,1182.0,603.0
2022-11-18 11:26:33.851261,12,1183.0,603.0
2022-11-18 11:26:33.860326,12,1185.0,604.0
2022-11-18 11:26:33.870901,12,1186.0,604.0
2022-11-18 11:26:33.881197,12,1188.0,604.0
2022-11-18 11:26:33.891276,12,1190.0,605.0
2022-11-18 11:26:33.900295,12,1192.0,607.0
2022-11-18 11:26:33.910323,12,1194.0,607.0
2022-11-18 11:26:33.921142,12,1197.0,608.0
2022-11-18 11:26:33.930687,12,1199.0,609.0
2022-11-18 11:26:33.939723,12,1201.0,609.0
2022-11-18 11:26:33.950269,12,1203.0,610.0
2022-11-18 11:26:33.961155,12,1206.0,611.0
2022-11-18 11:26:33.971353,12,1209.0,612.0
2022-11-18 11:26:33.979896,12,1211.0,614.0
2022-11-18 11:26:33.990251,12,1215.0,614.0
2022-11-18 11:26:34.000675,12,1218.0,617.0
2022-11-18 11:26:34.011030,12,1222.0,620.0
2022-11-18 11:26:34.020490,12,1227.0,621.0
2022-11-18 11:26:34.029494,12,1233.0,625.0
2022-11-18 11:26:34.041166,12,1239.0,626.0
2022-11-18 11:26:34.051424,12,1245.0,630.0
2022-11-18 11:26:34.061311,12,1252.0,634.0
2022-11-18 11:26:34.070360,12,1261.0,637.0
2022-11-18 11:26:34.080313,12,1268.0,642.0
2022-11-18 11:26:34.091677,12,1283.0,649.0
2022-11-18 11:26:34.100664,12,1295.0,655.0
2022-11-18 11:26:34.109961,12,1309.0,662.0
2022-11-18 11:26:34.120031,12,1321.0,667.0
2022-11-18 11:26:34.131009,12,1335.0,673.0
2022-11-18 11:26:34.141216,12,1352.0,682.0
2022-11-18 11:26:34.151291,12,1368.0,690.0
2022-11-18 11:26:34.160864,12,1383.0,696.0
2022-11-18 11:26:34.171592,12,1397.0,704.0
2022-11-18 11:26:34.182025,12,1412.0,711.0
2022-11-18 11:26:34.192337,12,1426.0,719.0
2022-11-18 11:26:34.201182,12,1443.0,727.0
2022-11-18 11:26:34.211016,12,1451.0,732.0
2022-11-18 11:26:34.222304,12,1462.0,738.0
2022-11-18 11:26:34.232460,12,1470.0,744.0
2022-11-18 11:26:34.240489,12,1481.0,751.0
2022-11-18 11:26:34.250776,12,1488.0,757.0
2022-11-18 11:26:34.262136,12,1496.0,761.0
2022-11-18 11:26:34.271982,12,1501.0,765.0
2022-11-18 11:26:34.281037,12,1507.0,769.0
2022-11-18 11:26:34.290658,12,1512.0,771.0
2022-11-18 11:26:34.301491,12,1518.0,775.0
2022-11-18 11:26:34.311899,12,1521.0,778.0
2022-11-18 11:26:34.321970,12,1526.0,782.0
2022-11-18 11:26:34.331519,12,1528.0,784.0
2022-11-18 11:26:34.343218,12,1532.0,785.0
2022-11-18 11:26:34.352952,12,1536.0,789.0
2022-11-18 11:26:34.362501,12,1539.0,790.0
2022-11-18 11:26:34.371703,12,1540.0,792.0
2022-11-18 11:26:34.382532,12,1541.0,793.0
2022-11-18 11:26:34.393092,12,1542.0,794.0
2022-11-18 11:26:34.402381,12,1543.0,794.0
2022-11-18 11:26:34.411804,12,1544.0,795.0
2022-11-18 11:26:34.422341,12,1545.0,795.0
2022-11-18 11:26:34.432667,12,1548.0,796.0
2022-11-18 11:26:34.442841,12,1549.0,797.0
2022-11-18 11:26:34.452111,12,1550.0,797.0
2022-11-18 11:26:34.462209,12,1553.0,798.0
2022-11-18 11:26:34.473209,12,1556.0,799.0
2022-11-18 11:26:34.483226,12,1559.0,800.0
2022-11-18 11:26:34.492336,12,1564.0,802.0
2022-11-18 11:26:34.501534,12,1569.0,804.0
2022-11-18 11:26:34.512965,12,1574.0,806.0
2022-11-18 11:26:34.523280,12,1582.0,809.0
2022-11-18 11:26:34.532601,12,1590.0,812.0
2022-11-18 11:26:34.542727,12,1598.0,815.0
2022-11-18 11:26:34.551936,12,1606.0,818.0
2022-11-18 11:26:34.562891,12,1615.0,824.0
2022-11-18 11:26:34.572857,12,1624.0,827.0
2022-11-18 11:26:34.582362,12,1634.0,832.0
2022-11-18 11:26:34.592261,12,1640.0,835.0
2022-11-18 11:26:34.603304,12,1649.0,839.0
2022-11-18 11:26:34.612881,12,1656.0,842.0
2022-11-18 11:26:34.622330,12,1663.0,845.0
2022-11-18 11:26:34.631621,12,1667.0,847.0
2022-11-18 11:26:34.642631,12,1673.0,850.0
2022-11-18 11:26:34.652487,12,1675.0,852.0
2022-11-18 11:26:34.663202,12,1679.0,853.0
2022-11-18 11:26:34.673286,12,1681.0,854.0
2022-11-18 11:26:34.683965,12,1682.0,855.0
2022-11-18 11:26:34.694017,12,1683.0,856.0
2022-11-18 11:26:34.704018,12,1685.0,857.0
2022-11-18 11:26:34.733766,12,1686.0,857.0
2022-11-18 11:26:34.753286,12,1687.0,857.0
2022-11-18 11:26:34.762506,12,1687.0,858.0
2022-11-18 11:26:34.803343,12,1688.0,858.0
2022-11-18 11:26:34.814133,12,1689.0,859.0
2022-11-18 11:26:34.823765,12,1690.0,859.0
2022-11-18 11:26:34.833808,12,1692.0,859.0
2022-11-18 11:26:34.844323,12,1694.0,861.0
2022-11-18 11:26:34.854540,12,1699.0,862.0
2022-11-18 11:26:34.864618,12,1703.0,864.0
2022-11-18 11:26:34.875252,12,1706.0,865.0
2022-11-18 11:26:34.883900,12,1713.0,869.0
2022-11-18 11:26:34.894663,12,1718.0,870.0
2022-11-18 11:26:34.904670,12,1724.0,872.0
2022-11-18 11:26:34.915269,12,1731.0,873.0
2022-11-18 11:26:34.923372,12,1736.0,876.0
2022-11-18 11:26:34.933445,12,1742.0,878.0
2022-11-18 11:26:34.945350,12,1749.0,880.0
2022-11-18 11:26:34.954605,12,1754.0,882.0
2022-11-18 11:26:34.964106,12,1761.0,886.0
2022-11-18 11:26:34.974217,12,1767.0,887.0
2022-11-18 11:26:34.985665,12,1775.0,890.0
2022-11-18 11:26:34.994669,12,1780.0,893.0
2022-11-18 11:26:35.004080,12,1786.0,895.0
2022-11-18 11:26:38.257304,13,801.0,701.0
2022-11-18 11:26:38.267563,13,802.0,701.0
2022-11-18 11:26:38.278124,13,803.0,701.0
2022-11-18 11:26:38.287981,13,804.0,701.0
2022-11-18 11:26:38.296979,13,808.0,701.0
2022-11-18 11:26:38.307986,13,813.0,701.0
2022-11-18 11:26:38.318086,13,820.0,701.0
2022-11-18 11:26:38.328204,13,831.0,701.0
2022-11-18 11:26:38.337205,13,846.0,702.0
2022-11-18 11:26:38.347867,13,857.0,702.0
2022-11-18 11:26:38.358414,13,874.0,703.0
2022-11-18 11:26:38.368274,13,898.0,705.0
2022-11-18 11:26:38.377313,13,916.0,705.0
2022-11-18 11:26:38.386970,13,933.0,705.0
2022-11-18 11:26:38.397971,13,952.0,703.0
2022-11-18 11:26:38.407971,13,965.0,703.0
2022-11-18 11:26:38.417724,13,979.0,702.0
2022-11-18 11:26:38.427950,13,988.0,700.0
2022-11-18 11:26:38.439145,13,996.0,700.0
2022-11-18 11:26:38.449678,13,1002.0,700.0
2022-11-18 11:26:38.458555,13,1007.0,700.0
2022-11-18 11:26:38.467599,13,1009.0,699.0
2022-11-18 11:26:38.479329,13,1012.0,699.0
2022-11-18 11:26:38.489372,13,1013.0,699.0
2022-11-18 11:26:38.499382,13,1014.0,699.0
2022-11-18 11:26:38.508263,13,1015.0,699.0
2022-11-18 11:26:38.518776,13,1016.0,699.0
2022-11-18 11:26:38.529168,13,1019.0,699.0
2022-11-18 11:26:38.539183,13,1020.0,699.0
2022-11-18 11:26:38.548464,13,1024.0,698.0
2022-11-18 11:26:38.559330,13,1025.0,698.0
2022-11-18 11:26:38.569335,13,1028.0,698.0
2022-11-18 11:26:38.580106,13,1030.0,698.0
2022-11-18 11:26:38.588333,13,1034.0,698.0
2022-11-18 11:26:38.598354,13,1038.0,698.0
2022-11-18 11:26:38.609531,13,1042.0,698.0
2022-11-18 11:26:38.619742,13,1048.0,696.0
2022-11-18 11:26:38.628768,13,1053.0,696.0
2022-11-18 11:26:38.638425,13,1059.0,695.0
2022-11-18 11:26:38.648413,13,1064.0,694.0
2022-11-18 11:26:38.658641,13,1071.0,690.0
2022-11-18 11:26:38.669105,13,1077.0,686.0
2022-11-18 11:26:38.678024,13,1085.0,683.0
2022-11-18 11:26:38.689142,13,1092.0,679.0
2022-11-18 11:26:38.699208,13,1097.0,676.0
2022-11-18 11:26:38.710184,13,1104.0,670.0
2022-11-18 11:26:38.718625,13,1109.0,667.0
2022-11-18 11:26:38.728701,13,1115.0,663.0
2022-11-18 11:26:38.739868,13,1118.0,660.0
2022-11-18 11:26:38.748853,13,1123.0,655.0
2022-11-18 11:26:38.758854,13,1126.0,652.0
2022-11-18 11:26:38.769269,13,1127.0,651.0
2022-11-18 11:26:38.781336,13,1128.0,649.0
2022-11-18 11:26:38.790938,13,1129.0,647.0
2022-11-18 11:26:38.801033,13,1129.0,646.0
2022-11-18 11:26:38.819833,13,1130.0,644.0
2022-11-18 11:26:38.829685,13,1131.0,642.0
2022-11-18 11:26:38.840309,13,1132.0,638.0
2022-11-18 11:26:38.848971,13,1133.0,636.0
2022-11-18 11:26:38.859968,13,1134.0,633.0
2022-11-18 11:26:38.869843,13,1136.0,630.0
2022-11-18 11:26:38.880300,13,1137.0,627.0
2022-11-18 11:26:38.889292,13,1140.0,623.0
2022-11-18 11:26:38.899661,13,1142.0,620.0
2022-11-18 11:26:38.910395,13,1143.0,618.0
2022-11-18 11:26:38.919402,13,1144.0,613.0
2022-11-18 11:26:38.930100,13,1147.0,610.0
2022-11-18 11:26:38.940302,13,1148.0,605.0
2022-11-18 11:26:38.950746,13,1150.0,602.0
2022-11-18 11:26:38.960061,13,1152.0,599.0
2022-11-18 11:26:38.970582,13,1153.0,595.0
2022-11-18 11:26:38.979950,13,1155.0,592.0
2022-11-18 11:26:38.990959,13,1157.0,588.0
2022-11-18 11:26:39.001622,13,1158.0,585.0
2022-11-18 11:26:39.010630,13,1161.0,582.0
2022-11-18 11:26:39.019659,13,1161.0,581.0
2022-11-18 11:26:39.030937,13,1163.0,579.0
2022-11-18 11:26:39.041621,13,1164.0,576.0
2022-11-18 11:26:39.051682,13,1165.0,575.0
2022-11-18 11:26:39.060801,13,1165.0,574.0
2022-11-18 11:26:39.071858,13,1166.0,573.0
2022-11-18 11:26:39.080846,13,1166.0,572.0
2022-11-18 11:26:39.091248,13,1167.0,571.0
2022-11-18 11:26:39.099665,13,1168.0,569.0
2022-11-18 11:26:39.110247,13,1170.0,567.0
2022-11-18 11:26:39.121026,13,1171.0,566.0
2022-11-18 11:26:39.131278,13,1172.0,563.0
2022-11-18 11:26:39.141726,13,1174.0,561.0
2022-11-18 11:26:39.150034,13,1175.0,560.0
2022-11-18 11:26:39.160953,13,1176.0,558.0
2022-11-18 11:26:39.171731,13,1178.0,556.0
2022-11-18 11:26:39.180924,13,1179.0,555.0
2022-11-18 11:26:39.190070,13,1180.0,552.0
2022-11-18 11:26:39.200565,13,1182.0,551.0
2022-11-18 11:26:39.211209,13,1183.0,550.0
2022-11-18 11:26:39.221341,13,1184.0,547.0
2022-11-18 11:26:39.230320,13,1187.0,543.0
2022-11-18 11:26:39.241312,13,1189.0,542.0
2022-11-18 11:26:39.251205,13,1191.0,539.0
2022-11-18 11:26:39.261245,13,1193.0,537.0
2022-11-18 11:26:39.271369,13,1195.0,534.0
2022-11-18 11:26:39.281455,13,1196.0,531.0
2022-11-18 11:26:39.292112,13,1200.0,527.0
2022-11-18 11:26:39.301913,13,1202.0,524.0
2022-11-18 11:26:39.312382,13,1205.0,521.0
2022-11-18 11:26:39.320421,13,1207.0,518.0
