Recording timestamp,Sensor,Mouse position X,Mouse position Y,Event,Event value
1671501844.92754,,,,MouseEvent,"Down, Left"
1671501844.92754,Mouse,1801.0,894.0,,
1671501845.158532,Mouse,1800.0,894.0,,
1671501845.218454,Mouse,1798.0,894.0,,
1671501845.229537,Mouse,1795.0,894.0,,
1671501845.249441,Mouse,1782.0,894.0,,
1671501845.269724,Mouse,1762.0,894.0,,
1671501845.289757,Mouse,1738.0,894.0,,
1671501845.309473,Mouse,1720.0,891.0,,
1671501845.329486,Mouse,1704.0,887.0,,
1671501845.34947,Mouse,1688.0,880.0,,
1671501845.369493,Mouse,1678.0,874.0,,
1671501845.389493,Mouse,1664.0,868.0,,
1671501845.400511,Mouse,1656.0,864.0,,
1671501845.420739,Mouse,1640.0,857.0,,
1671501845.440478,Mouse,1622.0,846.0,,
1671501845.460699,Mouse,1602.0,834.0,,
1671501845.480458,Mouse,1586.0,825.0,,
1671501845.4905,Mouse,1579.0,821.0,,
1671501845.509466,Mouse,1565.0,813.0,,
1671501845.520471,Mouse,1557.0,809.0,,
1671501845.530724,Mouse,1548.0,804.0,,
1671501845.549489,Mouse,1533.0,796.0,,
1671501845.559583,Mouse,1522.0,790.0,,
1671501845.570541,Mouse,1514.0,786.0,,
1671501845.590468,Mouse,1503.0,780.0,,
1671501845.610505,Mouse,1495.0,776.0,,
1671501845.620716,Mouse,1487.0,774.0,,
1671501845.639381,Mouse,1465.0,766.0,,
1671501845.650456,Mouse,1450.0,759.0,,
1671501845.670493,Mouse,1410.0,743.0,,
1671501845.690509,Mouse,1386.0,733.0,,
1671501845.700571,Mouse,1376.0,729.0,,
1671501845.720487,Mouse,1358.0,718.0,,
1671501845.730523,Mouse,1346.0,712.0,,
1671501845.741399,Mouse,1328.0,702.0,,
1671501845.751419,Mouse,1309.0,693.0,,
1671501845.761611,Mouse,1291.0,686.0,,
1671501845.781475,Mouse,1265.0,674.0,,
1671501845.791486,Mouse,1250.0,666.0,,
1671501845.801495,Mouse,1241.0,662.0,,
1671501845.821726,Mouse,1225.0,652.0,,
1671501845.841465,Mouse,1205.0,641.0,,
1671501845.861724,Mouse,1185.0,632.0,,
1671501845.881619,Mouse,1166.0,625.0,,
1671501845.901455,Mouse,1145.0,616.0,,
1671501845.912474,Mouse,1132.0,611.0,,
1671501845.922572,Mouse,1123.0,606.0,,
1671501845.941475,Mouse,1108.0,599.0,,
1671501845.952454,Mouse,1104.0,598.0,,
1671501845.962469,Mouse,1101.0,597.0,,
1671501845.972486,Mouse,1098.0,595.0,,
1671501845.992521,Mouse,1092.0,593.0,,
1671501846.012448,Mouse,1087.0,592.0,,
1671501846.032456,Mouse,1078.0,590.0,,
1671501846.042459,Mouse,1075.0,588.0,,
1671501846.052613,Mouse,1070.0,586.0,,
1671501846.071501,Mouse,1065.0,583.0,,
1671501846.082471,Mouse,1063.0,581.0,,
1671501846.092484,Mouse,1057.0,578.0,,
1671501846.102504,Mouse,1050.0,575.0,,
1671501846.122704,Mouse,1044.0,571.0,,
1671501846.14247,Mouse,1034.0,567.0,,
1671501846.162483,Mouse,1028.0,565.0,,
1671501846.18249,Mouse,1022.0,562.0,,
1671501846.202487,Mouse,1016.0,559.0,,
1671501846.212787,Mouse,1015.0,559.0,,
1671501846.232515,Mouse,1011.0,556.0,,
1671501846.253649,Mouse,1009.0,555.0,,
1671501846.273467,Mouse,1007.0,554.0,,
1671501846.293473,Mouse,1003.0,552.0,,
1671501846.313492,Mouse,993.0,547.0,,
1671501846.333695,Mouse,987.0,545.0,,
1671501846.35365,Mouse,982.0,541.0,,
1671501846.373501,Mouse,981.0,540.0,,
1671501846.383612,Mouse,980.0,540.0,,
1671501846.393625,Mouse,978.0,539.0,,
1671501846.413617,Mouse,974.0,539.0,,
1671501846.424531,Mouse,969.0,537.0,,
1671501846.444481,Mouse,959.0,535.0,,
1671501846.464467,Mouse,950.0,532.0,,
1671501846.47463,Mouse,948.0,531.0,,
1671501846.493491,Mouse,943.0,530.0,,
1671501846.504496,Mouse,941.0,530.0,,
1671501846.524459,Mouse,936.0,530.0,,
1671501846.544739,Mouse,927.0,530.0,,
1671501846.554869,Mouse,920.0,530.0,,
1671501846.573421,Mouse,908.0,531.0,,
1671501846.583572,Mouse,903.0,534.0,,
1671501846.594504,Mouse,897.0,537.0,,
1671501846.614726,Mouse,888.0,541.0,,
1671501846.634447,Mouse,879.0,548.0,,
1671501846.644448,Mouse,874.0,552.0,,
1671501846.654575,Mouse,869.0,559.0,,
1671501846.674453,Mouse,862.0,571.0,,
1671501846.684496,Mouse,856.0,581.0,,
1671501846.703468,Mouse,844.0,595.0,,
1671501846.714718,Mouse,841.0,601.0,,
1671501846.73446,Mouse,832.0,615.0,,
1671501846.744531,Mouse,828.0,620.0,,
1671501846.755619,Mouse,824.0,624.0,,
1671501846.775461,Mouse,821.0,631.0,,
1671501846.78573,Mouse,819.0,633.0,,
1671501846.805736,Mouse,815.0,644.0,,
1671501846.82548,Mouse,809.0,651.0,,
1671501846.845552,Mouse,806.0,656.0,,
1671501846.865457,Mouse,804.0,660.0,,
1671501846.885696,Mouse,801.0,665.0,,
1671501846.905447,Mouse,798.0,671.0,,
1671501846.91572,Mouse,798.0,675.0,,
1671501846.926499,Mouse,795.0,678.0,,
1671501846.946709,Mouse,792.0,684.0,,
1671501846.956565,Mouse,791.0,688.0,,
1671501846.96274,,,,MouseEvent,"Up, Left"
1671501846.96274,Mouse,791.0,688.0,,
1671501846.976485,Mouse,790.0,692.0,,
1671501846.986583,Mouse,790.0,696.0,,
1671501847.005523,Mouse,789.0,696.0,,
1671501847.026488,Mouse,789.0,697.0,,
1671501847.056492,Mouse,789.0,698.0,,
1671501847.236592,,,,MouseEvent,"Up, Left"
1671501847.236592,Mouse,789.0,698.0,,
1671501847.287737,Mouse,789.0,699.0,,
1671501847.306707,Mouse,804.0,699.0,,
1671501847.317468,Mouse,825.0,699.0,,
1671501847.327469,Mouse,860.0,697.0,,
1671501847.337728,Mouse,917.0,692.0,,
1671501847.357479,Mouse,1035.0,688.0,,
1671501847.377804,Mouse,1170.0,719.0,,
1671501847.397586,Mouse,1261.0,742.0,,
1671501847.407642,Mouse,1297.0,751.0,,
1671501847.427532,Mouse,1356.0,761.0,,
1671501847.438854,Mouse,1396.0,765.0,,
1671501847.458639,Mouse,1487.0,780.0,,
1671501847.468735,Mouse,1515.0,787.0,,
1671501847.488459,Mouse,1540.0,794.0,,
1671501847.498481,Mouse,1551.0,797.0,,
1671501847.50871,Mouse,1563.0,801.0,,
1671501847.528548,Mouse,1586.0,806.0,,
1671501847.538615,Mouse,1596.0,806.0,,
1671501847.557475,Mouse,1609.0,806.0,,
1671501847.568747,Mouse,1615.0,802.0,,
1671501847.588497,Mouse,1616.0,798.0,,
1671501847.607727,Mouse,1616.0,788.0,,
1671501847.618488,Mouse,1602.0,771.0,,
1671501847.638726,Mouse,1553.0,722.0,,
1671501847.658701,Mouse,1507.0,674.0,,
1671501847.678726,Mouse,1460.0,621.0,,
1671501847.698713,Mouse,1418.0,577.0,,
1671501847.708715,Mouse,1399.0,550.0,,
1671501847.727474,Mouse,1378.0,525.0,,
1671501847.738902,Mouse,1375.0,518.0,,
1671501847.758434,Mouse,1375.0,505.0,,
1671501847.768445,Mouse,1375.0,498.0,,
1671501847.779584,Mouse,1381.0,492.0,,
1671501847.79947,Mouse,1396.0,472.0,,
1671501847.809621,Mouse,1413.0,457.0,,
1671501847.829444,Mouse,1476.0,411.0,,
1671501847.839512,Mouse,1528.0,377.0,,
1671501847.858735,Mouse,1606.0,320.0,,
1671501847.869725,Mouse,1642.0,292.0,,
1671501847.889462,Mouse,1686.0,250.0,,
1671501847.909743,Mouse,1700.0,231.0,,
1671501847.939582,Mouse,1701.0,229.0,,
1671501848.010483,Mouse,1701.0,228.0,,
1671501848.060802,Mouse,1701.0,228.0,,
1671501848.080424,Mouse,1701.0,233.0,,
1671501848.090469,Mouse,1701.0,237.0,,
1671501848.100686,Mouse,1700.0,244.0,,
1671501848.120501,Mouse,1698.0,259.0,,
1671501848.130505,Mouse,1696.0,267.0,,
1671501848.140613,Mouse,1696.0,271.0,,
1671501848.159476,Mouse,1696.0,276.0,,
1671501848.170674,Mouse,1696.0,277.0,,
1671501848.230484,Mouse,1696.0,277.0,,
1671501848.321478,Mouse,1696.0,277.0,,
1671501848.341456,Mouse,1698.0,278.0,,
1671501848.351458,Mouse,1699.0,280.0,,
1671501848.361508,Mouse,1699.0,281.0,,
1671501848.38144,Mouse,1701.0,285.0,,
1671501848.391593,Mouse,1701.0,287.0,,
1671501848.410467,Mouse,1702.0,290.0,,
1671501848.421563,Mouse,1702.0,290.0,,
1671501848.451612,Mouse,1702.0,292.0,,
1671501848.462458,Mouse,1704.0,293.0,,
1671501848.482458,Mouse,1704.0,295.0,,
1671501848.492586,Mouse,1704.0,296.0,,
1671501848.501477,Mouse,1704.0,296.0,,
1671501848.612776,,,,MouseEvent,"Down, Left"
1671501848.612776,Mouse,1704.0,296.0,,
1671501848.742702,Mouse,1704.0,297.0,,
1671501848.762453,Mouse,1700.0,297.0,,
1671501848.772562,Mouse,1694.0,297.0,,
1671501848.782731,Mouse,1684.0,297.0,,
1671501848.8035,Mouse,1656.0,297.0,,
1671501848.823386,Mouse,1625.0,297.0,,
1671501848.83342,Mouse,1614.0,297.0,,
1671501848.853719,Mouse,1597.0,297.0,,
1671501848.873376,Mouse,1583.0,297.0,,
1671501848.893436,Mouse,1568.0,297.0,,
1671501848.903492,Mouse,1559.0,297.0,,
1671501848.92271,Mouse,1545.0,298.0,,
1671501848.933603,Mouse,1539.0,300.0,,
1671501848.953478,Mouse,1527.0,300.0,,
1671501848.974479,Mouse,1515.0,300.0,,
1671501848.994608,Mouse,1497.0,301.0,,
1671501849.013476,Mouse,1477.0,305.0,,
1671501849.024564,Mouse,1466.0,306.0,,
1671501849.034738,Mouse,1452.0,309.0,,
1671501849.05346,Mouse,1431.0,310.0,,
1671501849.064715,Mouse,1420.0,310.0,,
1671501849.084474,Mouse,1400.0,310.0,,
1671501849.10453,Mouse,1382.0,312.0,,
1671501849.114682,Mouse,1371.0,314.0,,
1671501849.133473,Mouse,1348.0,316.0,,
1671501849.144477,Mouse,1332.0,320.0,,
1671501849.164537,Mouse,1299.0,325.0,,
1671501849.183509,Mouse,1273.0,327.0,,
1671501849.194578,Mouse,1263.0,330.0,,
1671501849.214455,Mouse,1247.0,335.0,,
1671501849.234484,Mouse,1233.0,342.0,,
1671501849.254631,Mouse,1220.0,348.0,,
1671501849.274459,Mouse,1211.0,356.0,,
1671501849.284481,Mouse,1206.0,360.0,,
1671501849.294706,Mouse,1198.0,365.0,,
1671501849.315471,Mouse,1179.0,380.0,,
1671501849.325741,Mouse,1173.0,385.0,,
1671501849.345455,Mouse,1160.0,398.0,,
1671501849.355722,Mouse,1154.0,404.0,,
1671501849.375403,Mouse,1142.0,416.0,,
1671501849.385548,Mouse,1136.0,421.0,,
1671501849.405455,Mouse,1127.0,429.0,,
1671501849.415469,Mouse,1124.0,431.0,,
1671501849.425605,Mouse,1120.0,435.0,,
1671501849.44546,Mouse,1114.0,441.0,,
1671501849.455473,Mouse,1110.0,445.0,,
1671501849.475383,Mouse,1105.0,450.0,,
1671501849.486561,Mouse,1103.0,452.0,,
1671501849.506465,Mouse,1096.0,459.0,,
1671501849.516746,Mouse,1091.0,463.0,,
1671501849.536455,Mouse,1085.0,469.0,,
1671501849.546455,Mouse,1079.0,473.0,,
1671501849.556519,Mouse,1075.0,476.0,,
1671501849.576719,Mouse,1065.0,485.0,,
1671501849.59669,Mouse,1056.0,491.0,,
1671501849.616428,Mouse,1050.0,497.0,,
1671501849.62661,Mouse,1047.0,500.0,,
1671501849.645627,Mouse,1040.0,506.0,,
1671501849.656596,Mouse,1038.0,507.0,,
1671501849.676466,Mouse,1034.0,511.0,,
1671501849.686741,Mouse,1032.0,512.0,,
1671501849.70648,Mouse,1027.0,515.0,,
1671501849.716656,Mouse,1024.0,517.0,,
1671501849.735461,Mouse,1022.0,518.0,,
1671501849.746481,Mouse,1021.0,518.0,,
1671501849.756604,Mouse,1018.0,519.0,,
1671501849.775719,Mouse,1014.0,520.0,,
1671501849.78669,Mouse,1010.0,521.0,,
1671501849.806408,Mouse,999.0,524.0,,
1671501849.816414,Mouse,997.0,524.0,,
1671501849.827454,Mouse,994.0,524.0,,
1671501849.837463,Mouse,991.0,524.0,,
1671501849.847753,Mouse,987.0,524.0,,
1671501849.867466,Mouse,977.0,524.0,,
1671501849.877477,Mouse,970.0,524.0,,
1671501849.887737,Mouse,964.0,524.0,,
1671501849.906415,Mouse,953.0,524.0,,
1671501849.917484,Mouse,947.0,524.0,,
1671501849.937457,Mouse,934.0,524.0,,
1671501849.957501,Mouse,922.0,522.0,,
1671501849.977508,Mouse,914.0,520.0,,
1671501849.987689,Mouse,912.0,519.0,,
1671501849.998478,Mouse,906.0,517.0,,
1671501850.008503,Mouse,901.0,516.0,,
1671501850.018609,Mouse,893.0,513.0,,
1671501850.03858,Mouse,875.0,507.0,,
1671501850.05846,Mouse,857.0,497.0,,
1671501850.077467,Mouse,845.0,489.0,,
1671501850.088681,Mouse,840.0,484.0,,
1671501850.108707,Mouse,832.0,474.0,,
1671501850.128467,Mouse,827.0,466.0,,
1671501850.14859,Mouse,823.0,459.0,,
1671501850.168397,Mouse,821.0,453.0,,
1671501850.178455,Mouse,818.0,448.0,,
1671501850.198453,Mouse,816.0,438.0,,
1671501850.208472,Mouse,814.0,433.0,,
1671501850.218552,Mouse,814.0,430.0,,
1671501850.238729,Mouse,809.0,418.0,,
1671501850.258442,Mouse,809.0,410.0,,
1671501850.2787,Mouse,808.0,402.0,,
1671501850.298462,Mouse,807.0,399.0,,
1671501850.30847,Mouse,807.0,397.0,,
1671501850.318536,Mouse,806.0,394.0,,
1671501850.33946,Mouse,803.0,385.0,,
1671501850.349473,Mouse,803.0,383.0,,
1671501850.369364,Mouse,801.0,375.0,,
1671501850.379475,Mouse,800.0,372.0,,
1671501850.399505,Mouse,798.0,364.0,,
1671501850.418424,Mouse,794.0,353.0,,
1671501850.429478,Mouse,794.0,346.0,,
1671501850.439507,Mouse,791.0,341.0,,
1671501850.458451,Mouse,787.0,329.0,,
1671501850.469416,Mouse,786.0,324.0,,
1671501850.479665,Mouse,783.0,317.0,,
1671501850.49961,Mouse,780.0,306.0,,
1671501850.510565,Mouse,778.0,300.0,,
1671501850.53043,Mouse,771.0,287.0,,
1671501850.540468,Mouse,769.0,280.0,,
1671501850.550573,Mouse,766.0,275.0,,
1671501850.570484,Mouse,762.0,264.0,,
1671501850.580485,Mouse,759.0,258.0,,
1671501850.600459,Mouse,755.0,250.0,,
1671501850.610483,Mouse,754.0,245.0,,
1671501850.62945,Mouse,751.0,239.0,,
1671501850.640409,Mouse,750.0,236.0,,
1671501850.650472,Mouse,749.0,233.0,,
1671501850.66936,Mouse,747.0,230.0,,
1671501850.680391,Mouse,747.0,229.0,,
1671501850.690448,Mouse,747.0,228.0,,
1671501850.710574,Mouse,746.0,226.0,,
1671501850.730449,Mouse,745.0,224.0,,
1671501850.740552,Mouse,743.0,222.0,,
1671501850.759471,Mouse,738.0,217.0,,
1671501850.770583,Mouse,734.0,214.0,,
1671501850.790388,Mouse,730.0,210.0,,
1671501850.810665,Mouse,725.0,207.0,,
1671501850.820705,Mouse,722.0,205.0,,
1671501850.840716,Mouse,718.0,201.0,,
1671501850.851474,Mouse,717.0,201.0,,
1671501850.852238,,,,MouseEvent,"Up, Left"
1671501850.852238,Mouse,717.0,201.0,,
1671501850.891465,Mouse,716.0,201.0,,
1671501850.90153,Mouse,715.0,200.0,,
1671501850.930553,Mouse,714.0,200.0,,
1671501850.941712,Mouse,713.0,200.0,,
1671501851.001593,Mouse,712.0,199.0,,
1671501851.022467,Mouse,708.0,199.0,,
1671501851.032557,Mouse,705.0,199.0,,
1671501851.152698,Mouse,704.0,199.0,,
1671501851.172581,,,,MouseEvent,"Up, Left"
1671501851.172581,Mouse,704.0,199.0,,
1671501851.181592,Mouse,704.0,199.0,,
1671501851.192447,Mouse,704.0,200.0,,
1671501851.202476,Mouse,706.0,203.0,,
1671501851.212478,Mouse,713.0,208.0,,
1671501851.22272,Mouse,727.0,214.0,,
1671501851.242751,Mouse,783.0,228.0,,
1671501851.262711,Mouse,874.0,244.0,,
1671501851.282477,Mouse,953.0,262.0,,
1671501851.302714,Mouse,1031.0,273.0,,
1671501851.322459,Mouse,1096.0,282.0,,
1671501851.332716,Mouse,1114.0,288.0,,
1671501851.352481,Mouse,1147.0,291.0,,
1671501851.36356,Mouse,1173.0,291.0,,
1671501851.383516,Mouse,1219.0,289.0,,
1671501851.403593,Mouse,1243.0,280.0,,
1671501851.423461,Mouse,1267.0,264.0,,
1671501851.433522,Mouse,1282.0,253.0,,
1671501851.453426,Mouse,1315.0,231.0,,
1671501851.463702,Mouse,1330.0,222.0,,
1671501851.482454,Mouse,1345.0,214.0,,
1671501851.493727,Mouse,1348.0,212.0,,
1671501851.513477,Mouse,1348.0,212.0,,
1671501851.534727,Mouse,1351.0,210.0,,
1671501851.554442,Mouse,1363.0,209.0,,
1671501851.564728,Mouse,1371.0,209.0,,
1671501851.584453,Mouse,1385.0,205.0,,
1671501851.594541,Mouse,1392.0,203.0,,
1671501851.60455,Mouse,1396.0,202.0,,
1671501851.62472,Mouse,1404.0,199.0,,
1671501851.644485,Mouse,1409.0,197.0,,
1671501851.664427,Mouse,1411.0,196.0,,
1671501851.684463,Mouse,1420.0,191.0,,
1671501851.704451,Mouse,1433.0,184.0,,
1671501851.72473,Mouse,1446.0,176.0,,
1671501851.74447,Mouse,1453.0,172.0,,
1671501851.754508,Mouse,1454.0,170.0,,
1671501851.764605,Mouse,1456.0,168.0,,
1671501851.783452,Mouse,1458.0,167.0,,
1671501851.794714,Mouse,1462.0,165.0,,
1671501851.81445,Mouse,1466.0,161.0,,
1671501851.834714,Mouse,1472.0,158.0,,
1671501851.854461,Mouse,1477.0,155.0,,
1671501851.864737,Mouse,1479.0,154.0,,
1671501851.875471,Mouse,1481.0,153.0,,
1671501851.885703,Mouse,1482.0,152.0,,
1671501851.925717,Mouse,1484.0,152.0,,
1671501851.945494,Mouse,1489.0,151.0,,
1671501851.955683,Mouse,1493.0,150.0,,
1671501851.975451,Mouse,1496.0,150.0,,
1671501851.985476,Mouse,1497.0,149.0,,
1671501852.136758,,,,MouseEvent,"Down, Left"
1671501852.136758,Mouse,1497.0,149.0,,
1671501852.236824,Mouse,1497.0,149.0,,
1671501852.256464,Mouse,1496.0,149.0,,
1671501852.266811,Mouse,1493.0,151.0,,
1671501852.286693,Mouse,1484.0,158.0,,
1671501852.306479,Mouse,1473.0,167.0,,
1671501852.32667,Mouse,1460.0,176.0,,
1671501852.346437,Mouse,1448.0,184.0,,
1671501852.356532,Mouse,1440.0,189.0,,
1671501852.37643,Mouse,1424.0,198.0,,
1671501852.387486,Mouse,1415.0,205.0,,
1671501852.397729,Mouse,1408.0,210.0,,
1671501852.41772,Mouse,1385.0,225.0,,
1671501852.437453,Mouse,1365.0,239.0,,
1671501852.457479,Mouse,1340.0,253.0,,
1671501852.477439,Mouse,1316.0,269.0,,
1671501852.487557,Mouse,1307.0,275.0,,
1671501852.497576,Mouse,1298.0,282.0,,
1671501852.517487,Mouse,1278.0,298.0,,
1671501852.527509,Mouse,1266.0,307.0,,
1671501852.547488,Mouse,1250.0,319.0,,
1671501852.558633,Mouse,1243.0,323.0,,
1671501852.578446,Mouse,1231.0,331.0,,
1671501852.588486,Mouse,1225.0,336.0,,
1671501852.608432,Mouse,1214.0,343.0,,
1671501852.618459,Mouse,1207.0,348.0,,
1671501852.62871,Mouse,1199.0,353.0,,
1671501852.64844,Mouse,1185.0,364.0,,
1671501852.658457,Mouse,1178.0,369.0,,
1671501852.677474,Mouse,1168.0,376.0,,
1671501852.68854,Mouse,1163.0,380.0,,
1671501852.708404,Mouse,1156.0,384.0,,
1671501852.728722,Mouse,1151.0,389.0,,
1671501852.748416,Mouse,1142.0,394.0,,
1671501852.758621,Mouse,1136.0,398.0,,
1671501852.778435,Mouse,1125.0,409.0,,
1671501852.788455,Mouse,1117.0,415.0,,
1671501852.798481,Mouse,1110.0,421.0,,
1671501852.818474,Mouse,1101.0,433.0,,
1671501852.838429,Mouse,1093.0,441.0,,
1671501852.85851,Mouse,1088.0,445.0,,
1671501852.878415,Mouse,1081.0,453.0,,
1671501852.888521,Mouse,1078.0,457.0,,
1671501852.899409,Mouse,1076.0,461.0,,
1671501852.909447,Mouse,1073.0,466.0,,
1671501852.919702,Mouse,1070.0,470.0,,
1671501852.939386,Mouse,1063.0,476.0,,
1671501852.949551,Mouse,1061.0,479.0,,
1671501852.96947,Mouse,1056.0,483.0,,
1671501852.989563,Mouse,1052.0,486.0,,
1671501853.009713,Mouse,1046.0,490.0,,
1671501853.029416,Mouse,1040.0,494.0,,
1671501853.039448,Mouse,1038.0,495.0,,
1671501853.049496,Mouse,1035.0,497.0,,
1671501853.059701,Mouse,1032.0,499.0,,
1671501853.070454,Mouse,1028.0,500.0,,
1671501853.080593,Mouse,1027.0,500.0,,
1671501853.100406,Mouse,1024.0,502.0,,
1671501853.110507,Mouse,1023.0,503.0,,
1671501853.120726,Mouse,1020.0,504.0,,
1671501853.14044,Mouse,1017.0,506.0,,
1671501853.1507,Mouse,1015.0,507.0,,
1671501853.170443,Mouse,1011.0,509.0,,
1671501853.180599,Mouse,1008.0,511.0,,
1671501853.200469,Mouse,1004.0,514.0,,
1671501853.210583,Mouse,1002.0,516.0,,
1671501853.220711,Mouse,1001.0,516.0,,
1671501853.240587,Mouse,998.0,518.0,,
1671501853.250626,Mouse,996.0,520.0,,
1671501853.270439,Mouse,993.0,522.0,,
1671501853.280497,Mouse,991.0,523.0,,
1671501853.300457,Mouse,988.0,524.0,,
1671501853.320596,Mouse,986.0,526.0,,
1671501853.340441,Mouse,982.0,526.0,,
1671501853.350718,Mouse,981.0,527.0,,
1671501853.370442,Mouse,975.0,527.0,,
1671501853.380579,Mouse,968.0,527.0,,
1671501853.400438,Mouse,959.0,527.0,,
1671501853.411476,Mouse,953.0,527.0,,
1671501853.421571,Mouse,948.0,527.0,,
1671501853.441465,Mouse,940.0,527.0,,
1671501853.461416,Mouse,936.0,527.0,,
1671501853.471523,Mouse,932.0,527.0,,
1671501853.4816,Mouse,929.0,527.0,,
1671501853.501449,Mouse,920.0,527.0,,
1671501853.511511,Mouse,913.0,527.0,,
1671501853.530451,Mouse,900.0,528.0,,
1671501853.541434,Mouse,893.0,528.0,,
1671501853.551486,Mouse,886.0,528.0,,
1671501853.571409,Mouse,876.0,528.0,,
1671501853.582558,Mouse,873.0,528.0,,
1671501853.602438,Mouse,863.0,528.0,,
1671501853.612489,Mouse,860.0,528.0,,
1671501853.63244,Mouse,857.0,528.0,,
1671501853.652486,Mouse,851.0,528.0,,
1671501853.672732,Mouse,843.0,528.0,,
1671501853.692439,Mouse,832.0,528.0,,
1671501853.712441,Mouse,820.0,528.0,,
1671501853.72247,Mouse,816.0,528.0,,
1671501853.741438,Mouse,802.0,528.0,,
1671501853.752704,Mouse,793.0,528.0,,
1671501853.772418,Mouse,773.0,528.0,,
1671501853.782699,Mouse,762.0,528.0,,
1671501853.802708,Mouse,746.0,528.0,,
1671501853.822481,Mouse,735.0,528.0,,
1671501853.84271,Mouse,724.0,528.0,,
1671501853.862381,Mouse,712.0,528.0,,
1671501853.882747,Mouse,704.0,528.0,,
1671501853.902407,Mouse,689.0,528.0,,
1671501853.912497,Mouse,682.0,528.0,,
1671501853.923435,Mouse,675.0,528.0,,
1671501853.933748,Mouse,669.0,528.0,,
1671501853.953462,Mouse,658.0,528.0,,
1671501853.973421,Mouse,645.0,530.0,,
1671501853.983455,Mouse,636.0,531.0,,
1671501854.003523,Mouse,620.0,534.0,,
1671501854.013641,Mouse,610.0,536.0,,
1671501854.03342,Mouse,590.0,540.0,,
1671501854.053402,Mouse,570.0,545.0,,
1671501854.063465,Mouse,562.0,547.0,,
1671501854.083403,Mouse,541.0,553.0,,
1671501854.094429,Mouse,531.0,556.0,,
1671501854.104675,Mouse,523.0,558.0,,
1671501854.114709,Mouse,514.0,562.0,,
1671501854.134575,Mouse,501.0,566.0,,
1671501854.144722,Mouse,495.0,569.0,,
1671501854.164451,Mouse,480.0,573.0,,
1671501854.174568,Mouse,473.0,576.0,,
1671501854.194444,Mouse,455.0,580.0,,
1671501854.20478,Mouse,445.0,585.0,,
1671501854.224439,Mouse,426.0,596.0,,
1671501854.234458,Mouse,417.0,601.0,,
1671501854.2446,Mouse,408.0,606.0,,
1671501854.264458,Mouse,389.0,617.0,,
1671501854.284437,Mouse,359.0,636.0,,
1671501854.29444,Mouse,340.0,646.0,,
1671501854.314441,Mouse,310.0,663.0,,
1671501854.334581,Mouse,292.0,675.0,,
1671501854.344686,Mouse,286.0,679.0,,
1671501854.364453,Mouse,269.0,691.0,,
1671501854.383447,Mouse,254.0,702.0,,
1671501854.394438,Mouse,245.0,709.0,,
1671501854.404588,Mouse,237.0,717.0,,
1671501854.424439,Mouse,225.0,727.0,,
1671501854.435461,Mouse,222.0,730.0,,
1671501854.445513,Mouse,221.0,732.0,,
1671501854.465729,Mouse,214.0,738.0,,
1671501854.485433,Mouse,211.0,743.0,,
1671501854.495447,Mouse,208.0,746.0,,
1671501854.505724,Mouse,208.0,747.0,,
1671501854.525547,Mouse,207.0,750.0,,
1671501854.535624,Mouse,207.0,751.0,,
1671501854.555433,Mouse,206.0,752.0,,
1671501854.565452,Mouse,206.0,753.0,,
1671501854.575684,Mouse,206.0,754.0,,
1671501854.595708,Mouse,205.0,756.0,,
1671501854.606713,Mouse,205.0,761.0,,
1671501854.62644,Mouse,204.0,772.0,,
1671501854.636708,Mouse,204.0,778.0,,
1671501854.656442,Mouse,204.0,786.0,,
1671501854.666557,Mouse,204.0,788.0,,
1671501854.667122,,,,MouseEvent,"Up, Left"
1671501854.667122,Mouse,204.0,788.0,,
1671501854.686439,Mouse,204.0,791.0,,
1671501854.70645,Mouse,204.0,793.0,,
1671501854.716463,Mouse,204.0,794.0,,
1671501854.726622,Mouse,204.0,795.0,,
1671501854.746474,Mouse,203.0,799.0,,
1671501854.765549,Mouse,201.0,804.0,,
1671501854.776464,Mouse,201.0,806.0,,
1671501854.78652,Mouse,201.0,807.0,,
1671501854.796588,Mouse,201.0,808.0,,
1671501854.926676,Mouse,201.0,808.0,,
1671501854.967866,,,,MouseEvent,"Up, Left"
1671501854.967866,Mouse,201.0,808.0,,
1671501854.968452,Mouse,202.0,809.0,,
1671501854.987555,Mouse,219.0,809.0,,
1671501855.007431,Mouse,256.0,802.0,,
1671501855.027444,Mouse,327.0,781.0,,
1671501855.037517,Mouse,378.0,757.0,,
1671501855.057667,Mouse,498.0,689.0,,
1671501855.077449,Mouse,623.0,650.0,,
1671501855.087505,Mouse,688.0,631.0,,
1671501855.108476,Mouse,796.0,602.0,,
1671501855.128696,Mouse,844.0,596.0,,
1671501855.148392,Mouse,869.0,589.0,,
1671501855.158633,Mouse,875.0,586.0,,
1671501855.178439,Mouse,883.0,581.0,,
1671501855.188739,Mouse,886.0,579.0,,
1671501855.198743,Mouse,891.0,579.0,,
1671501855.218635,Mouse,916.0,577.0,,
1671501855.228651,Mouse,938.0,577.0,,
1671501855.248485,Mouse,975.0,580.0,,
1671501855.268633,Mouse,1012.0,593.0,,
1671501855.288401,Mouse,1055.0,604.0,,
1671501855.298516,Mouse,1086.0,613.0,,
1671501855.318688,Mouse,1144.0,621.0,,
1671501855.328693,Mouse,1165.0,625.0,,
1671501855.348379,Mouse,1180.0,626.0,,
1671501855.35864,Mouse,1186.0,626.0,,
1671501855.36872,Mouse,1193.0,626.0,,
1671501855.388527,Mouse,1216.0,621.0,,
1671501855.408427,Mouse,1234.0,612.0,,
1671501855.418434,Mouse,1239.0,608.0,,
1671501855.428535,Mouse,1241.0,607.0,,
1671501855.449456,Mouse,1242.0,602.0,,
1671501855.459685,Mouse,1242.0,601.0,,
1671501855.479415,Mouse,1242.0,594.0,,
1671501855.490456,Mouse,1241.0,590.0,,
1671501855.509472,Mouse,1234.0,583.0,,
1671501855.529492,Mouse,1218.0,573.0,,
1671501855.549459,Mouse,1203.0,564.0,,
1671501855.559524,Mouse,1195.0,559.0,,
1671501855.579461,Mouse,1187.0,553.0,,
1671501855.589602,Mouse,1186.0,550.0,,
1671501855.599604,Mouse,1184.0,547.0,,
1671501855.620507,Mouse,1184.0,541.0,,
1671501855.630708,Mouse,1184.0,537.0,,
1671501855.650704,Mouse,1184.0,532.0,,
1671501855.661516,Mouse,1184.0,531.0,,
1671501855.680421,Mouse,1184.0,528.0,,
1671501855.690464,Mouse,1185.0,525.0,,
1671501855.710443,Mouse,1188.0,520.0,,
1671501855.720711,Mouse,1188.0,518.0,,
1671501855.740436,Mouse,1191.0,515.0,,
1671501855.760373,Mouse,1192.0,513.0,,
1671501855.770425,Mouse,1193.0,512.0,,
1671501855.790435,Mouse,1194.0,509.0,,
1671501855.810453,Mouse,1196.0,507.0,,
1671501855.82058,Mouse,1196.0,505.0,,
1671501855.840435,Mouse,1197.0,504.0,,
1671501855.85044,Mouse,1198.0,503.0,,
1671501855.870431,Mouse,1200.0,500.0,,
1671501855.890402,Mouse,1201.0,499.0,,
1671501855.960536,,,,MouseEvent,"Down, Left"
1671501855.960536,Mouse,1201.0,499.0,,
1671501856.071717,Mouse,1201.0,499.0,,
1671501856.091428,Mouse,1197.0,499.0,,
1671501856.101454,Mouse,1192.0,500.0,,
1671501856.121538,Mouse,1179.0,505.0,,
1671501856.132436,Mouse,1171.0,508.0,,
1671501856.142451,Mouse,1165.0,509.0,,
1671501856.152494,Mouse,1158.0,512.0,,
1671501856.173432,Mouse,1145.0,512.0,,
1671501856.192528,Mouse,1129.0,516.0,,
1671501856.213455,Mouse,1112.0,518.0,,
1671501856.232433,Mouse,1101.0,519.0,,
1671501856.242437,Mouse,1100.0,519.0,,
1671501856.252706,Mouse,1097.0,519.0,,
1671501856.272438,Mouse,1092.0,520.0,,
1671501856.282445,Mouse,1088.0,520.0,,
1671501856.292696,Mouse,1083.0,521.0,,
1671501856.312448,Mouse,1073.0,521.0,,
1671501856.322678,Mouse,1069.0,521.0,,
1671501856.343381,Mouse,1058.0,521.0,,
1671501856.362637,Mouse,1050.0,521.0,,
1671501856.383582,Mouse,1040.0,521.0,,
1671501856.40243,Mouse,1032.0,521.0,,
1671501856.412453,Mouse,1029.0,521.0,,
1671501856.422475,Mouse,1026.0,521.0,,
1671501856.442559,Mouse,1020.0,521.0,,
1671501856.462433,Mouse,1008.0,521.0,,
1671501856.473411,Mouse,999.0,521.0,,
1671501856.483492,Mouse,991.0,521.0,,
1671501856.503438,Mouse,974.0,524.0,,
1671501856.514481,Mouse,965.0,526.0,,
1671501856.53339,Mouse,955.0,529.0,,
1671501856.543424,Mouse,947.0,531.0,,
1671501856.554495,Mouse,945.0,532.0,,
1671501856.573467,Mouse,929.0,536.0,,
1671501856.594445,Mouse,910.0,543.0,,
1671501856.613686,Mouse,893.0,547.0,,
1671501856.633454,Mouse,880.0,551.0,,
1671501856.644593,Mouse,873.0,553.0,,
1671501856.664423,Mouse,860.0,555.0,,
1671501856.685509,Mouse,845.0,559.0,,
1671501856.704434,Mouse,829.0,564.0,,
1671501856.714836,Mouse,823.0,564.0,,
1671501856.725644,Mouse,815.0,565.0,,
1671501856.744428,Mouse,800.0,566.0,,
1671501856.754706,Mouse,788.0,567.0,,
1671501856.765448,Mouse,777.0,568.0,,
1671501856.784456,Mouse,749.0,573.0,,
1671501856.804374,Mouse,721.0,577.0,,
1671501856.814518,Mouse,710.0,578.0,,
1671501856.83443,Mouse,693.0,580.0,,
1671501856.844693,Mouse,685.0,581.0,,
1671501856.855476,Mouse,680.0,582.0,,
1671501856.874505,Mouse,676.0,582.0,,
1671501856.884692,Mouse,673.0,583.0,,
1671501856.895419,Mouse,666.0,584.0,,
1671501856.914705,Mouse,657.0,585.0,,
1671501856.935377,Mouse,647.0,587.0,,
1671501856.954438,Mouse,639.0,588.0,,
1671501856.974535,Mouse,633.0,589.0,,
1671501856.985457,Mouse,629.0,589.0,,
1671501857.005446,Mouse,622.0,591.0,,
1671501857.015496,Mouse,618.0,592.0,,
1671501857.026381,Mouse,617.0,592.0,,
1671501857.045485,Mouse,612.0,593.0,,
1671501857.055418,Mouse,606.0,595.0,,
1671501857.055812,,,,MouseEvent,"Up, Left"
1671501857.055812,Mouse,606.0,595.0,,
1671501857.066459,Mouse,602.0,596.0,,
1671501857.085718,Mouse,594.0,599.0,,
1671501857.106681,Mouse,591.0,600.0,,
1671501857.156481,Mouse,591.0,600.0,,
1671501857.176474,Mouse,586.0,602.0,,
1671501857.197436,Mouse,584.0,603.0,,
1671501857.286576,Mouse,583.0,603.0,,
1671501857.296494,Mouse,583.0,604.0,,
1671501857.306615,,,,MouseEvent,"Up, Left"
1671501857.306615,Mouse,583.0,604.0,,
1671501857.346587,Mouse,583.0,604.0,,
1671501857.36757,Mouse,605.0,608.0,,
1671501857.38647,Mouse,636.0,611.0,,
1671501857.407652,Mouse,718.0,611.0,,
1671501857.426445,Mouse,821.0,604.0,,
1671501857.436526,Mouse,881.0,594.0,,
1671501857.447396,Mouse,936.0,587.0,,
1671501857.466463,Mouse,985.0,569.0,,
1671501857.487424,Mouse,992.0,563.0,,
1671501857.497433,Mouse,996.0,559.0,,
1671501857.517419,Mouse,1000.0,545.0,,
1671501857.527437,Mouse,1002.0,537.0,,
1671501857.53848,Mouse,1005.0,528.0,,
1671501857.557663,Mouse,1014.0,507.0,,
1671501857.578435,Mouse,1029.0,484.0,,
1671501857.597451,Mouse,1042.0,469.0,,
1671501857.607682,Mouse,1045.0,468.0,,
1671501857.618662,Mouse,1047.0,468.0,,
1671501857.749499,Mouse,1048.0,467.0,,
1671501857.768669,Mouse,1072.0,466.0,,
1671501857.789394,Mouse,1087.0,440.0,,
1671501857.808513,Mouse,1093.0,417.0,,
1671501857.829693,Mouse,1102.0,374.0,,
1671501857.848462,Mouse,1104.0,347.0,,
1671501857.869506,Mouse,1106.0,327.0,,
1671501857.888523,Mouse,1106.0,310.0,,
1671501857.90855,Mouse,1106.0,297.0,,
1671501857.928741,Mouse,1106.0,287.0,,
1671501857.948463,Mouse,1104.0,278.0,,
1671501857.959454,Mouse,1104.0,276.0,,
1671501857.978452,Mouse,1104.0,273.0,,
1671501857.998458,Mouse,1104.0,264.0,,
1671501858.009448,Mouse,1105.0,259.0,,
1671501858.019667,Mouse,1107.0,251.0,,
1671501858.039417,Mouse,1108.0,238.0,,
1671501858.050402,Mouse,1109.0,233.0,,
1671501858.069436,Mouse,1112.0,221.0,,
1671501858.089516,Mouse,1112.0,218.0,,
1671501858.109414,Mouse,1112.0,215.0,,
1671501858.129615,Mouse,1112.0,212.0,,
1671501858.149354,Mouse,1112.0,209.0,,
1671501858.159656,Mouse,1111.0,207.0,,
1671501858.180458,Mouse,1110.0,204.0,,
1671501858.20068,Mouse,1110.0,203.0,,
1671501858.240709,Mouse,1109.0,203.0,,
1671501858.260592,Mouse,1108.0,203.0,,
1671501858.280418,Mouse,1106.0,203.0,,
1671501858.300492,Mouse,1105.0,203.0,,
1671501858.420606,,,,MouseEvent,"Down, Left"
1671501858.420606,Mouse,1105.0,203.0,,
1671501858.430523,Mouse,1104.0,202.0,,
1671501858.571442,Mouse,1104.0,202.0,,
1671501858.591426,Mouse,1104.0,211.0,,
1671501858.60171,Mouse,1104.0,218.0,,
1671501858.621677,Mouse,1103.0,238.0,,
1671501858.64145,Mouse,1102.0,255.0,,
1671501858.661427,Mouse,1102.0,271.0,,
1671501858.671442,Mouse,1102.0,278.0,,
1671501858.692454,Mouse,1102.0,293.0,,
1671501858.712418,Mouse,1102.0,309.0,,
1671501858.722451,Mouse,1102.0,319.0,,
1671501858.733469,Mouse,1102.0,330.0,,
1671501858.752695,Mouse,1100.0,348.0,,
1671501858.772633,Mouse,1099.0,365.0,,
1671501858.792402,Mouse,1097.0,381.0,,
1671501858.802444,Mouse,1096.0,387.0,,
1671501858.822489,Mouse,1094.0,404.0,,
1671501858.842417,Mouse,1089.0,425.0,,
1671501858.862505,Mouse,1087.0,437.0,,
1671501858.882608,Mouse,1085.0,444.0,,
1671501858.903427,Mouse,1083.0,448.0,,
1671501858.922672,Mouse,1083.0,454.0,,
1671501858.932685,Mouse,1081.0,458.0,,
1671501858.952675,Mouse,1079.0,469.0,,
1671501858.962709,Mouse,1078.0,474.0,,
1671501858.9824,Mouse,1076.0,479.0,,
1671501858.992574,Mouse,1075.0,481.0,,
1671501859.012424,Mouse,1074.0,485.0,,
1671501859.022696,Mouse,1073.0,487.0,,
1671501859.033428,Mouse,1072.0,489.0,,
1671501859.053416,Mouse,1069.0,498.0,,
1671501859.063453,Mouse,1068.0,503.0,,
1671501859.074439,Mouse,1067.0,507.0,,
1671501859.093531,Mouse,1064.0,514.0,,
1671501859.113559,Mouse,1062.0,519.0,,
1671501859.133462,Mouse,1057.0,526.0,,
1671501859.153687,Mouse,1051.0,535.0,,
1671501859.173456,Mouse,1047.0,540.0,,
1671501859.183523,Mouse,1045.0,541.0,,
1671501859.193717,Mouse,1043.0,543.0,,
1671501859.204462,Mouse,1040.0,545.0,,
1671501859.224557,Mouse,1032.0,548.0,,
1671501859.245428,Mouse,1024.0,551.0,,
1671501859.264476,Mouse,1019.0,551.0,,
1671501859.28443,Mouse,1013.0,551.0,,
1671501859.29447,Mouse,1010.0,551.0,,
1671501859.314384,Mouse,997.0,551.0,,
1671501859.324436,Mouse,991.0,550.0,,
1671501859.344431,Mouse,977.0,546.0,,
1671501859.354522,Mouse,973.0,544.0,,
1671501859.374359,Mouse,964.0,542.0,,
1671501859.384651,Mouse,963.0,542.0,,
1671501859.394665,Mouse,960.0,541.0,,
1671501859.415671,Mouse,956.0,539.0,,
1671501859.434376,Mouse,949.0,539.0,,
1671501859.444438,Mouse,947.0,539.0,,
1671501859.454818,Mouse,944.0,539.0,,
1671501859.474436,Mouse,939.0,539.0,,
1671501859.494382,Mouse,934.0,539.0,,
1671501859.504417,Mouse,931.0,539.0,,
1671501859.514454,Mouse,928.0,540.0,,
1671501859.524703,Mouse,923.0,542.0,,
1671501859.545632,Mouse,915.0,545.0,,
1671501859.565397,Mouse,905.0,550.0,,
1671501859.575422,Mouse,901.0,551.0,,
1671501859.586692,Mouse,897.0,554.0,,
1671501859.605431,Mouse,888.0,558.0,,
1671501859.615669,Mouse,881.0,560.0,,
1671501859.635417,Mouse,870.0,566.0,,
1671501859.645424,Mouse,863.0,568.0,,
1671501859.655731,Mouse,855.0,572.0,,
1671501859.675631,Mouse,843.0,577.0,,
1671501859.685664,Mouse,836.0,580.0,,
1671501859.705519,Mouse,821.0,589.0,,
1671501859.71643,Mouse,812.0,594.0,,
1671501859.726463,Mouse,802.0,601.0,,
1671501859.746477,Mouse,773.0,622.0,,
1671501859.757453,Mouse,753.0,638.0,,
1671501859.776437,Mouse,728.0,655.0,,
1671501859.786638,Mouse,721.0,663.0,,
1671501859.797418,Mouse,715.0,666.0,,
1671501859.816576,Mouse,711.0,671.0,,
1671501859.836424,Mouse,707.0,675.0,,
1671501859.84644,Mouse,705.0,676.0,,
1671501859.856671,Mouse,700.0,681.0,,
1671501859.876394,Mouse,688.0,692.0,,
1671501859.886397,Mouse,681.0,698.0,,
1671501859.896425,Mouse,674.0,704.0,,
1671501859.91668,Mouse,658.0,717.0,,
1671501859.927414,Mouse,652.0,722.0,,
1671501859.946667,Mouse,644.0,730.0,,
1671501859.96744,Mouse,632.0,740.0,,
1671501859.98656,Mouse,620.0,751.0,,
1671501860.006582,Mouse,605.0,762.0,,
1671501860.016702,Mouse,599.0,766.0,,
1671501860.036418,Mouse,585.0,778.0,,
1671501860.057434,Mouse,575.0,788.0,,
1671501860.077785,Mouse,566.0,797.0,,
1671501860.098432,Mouse,559.0,805.0,,
1671501860.117726,Mouse,552.0,813.0,,
1671501860.138441,Mouse,547.0,820.0,,
1671501860.157415,Mouse,541.0,829.0,,
1671501860.167443,Mouse,539.0,831.0,,
1671501860.187536,Mouse,535.0,837.0,,
1671501860.207425,Mouse,531.0,843.0,,
1671501860.228448,Mouse,527.0,850.0,,
1671501860.248474,Mouse,520.0,862.0,,
1671501860.269437,Mouse,513.0,874.0,,
1671501860.288416,Mouse,510.0,880.0,,
1671501860.298421,Mouse,508.0,883.0,,
1671501860.30942,Mouse,506.0,885.0,,
1671501860.32843,Mouse,499.0,894.0,,
1671501860.328888,,,,MouseEvent,"Up, Left"
1671501860.328888,Mouse,499.0,894.0,,
1671501860.338472,Mouse,496.0,897.0,,
1671501860.348478,Mouse,494.0,900.0,,
1671501860.368431,Mouse,489.0,906.0,,
1671501860.378741,Mouse,487.0,909.0,,
1671501860.398659,Mouse,485.0,912.0,,
1671501860.428422,Mouse,485.0,912.0,,
1671501860.609775,,,,MouseEvent,"Up, Left"
1671501860.609775,Mouse,485.0,912.0,,
1671501860.619459,Mouse,485.0,913.0,,
1671501860.639434,Mouse,498.0,909.0,,
1671501860.650435,Mouse,511.0,906.0,,
1671501860.669436,Mouse,544.0,887.0,,
1671501860.689475,Mouse,588.0,848.0,,
1671501860.709673,Mouse,618.0,816.0,,
1671501860.729566,Mouse,642.0,792.0,,
1671501860.740501,Mouse,658.0,782.0,,
1671501860.75066,Mouse,672.0,774.0,,
1671501860.770372,Mouse,709.0,752.0,,
1671501860.781513,Mouse,723.0,745.0,,
1671501860.800474,Mouse,749.0,730.0,,
1671501860.810483,Mouse,756.0,725.0,,
1671501860.821418,Mouse,768.0,718.0,,
1671501860.840429,Mouse,791.0,706.0,,
1671501860.85045,Mouse,797.0,701.0,,
1671501860.860663,Mouse,799.0,700.0,,
1671501860.880573,Mouse,803.0,698.0,,
1671501860.90067,Mouse,807.0,697.0,,
1671501860.910691,Mouse,811.0,695.0,,
1671501860.930431,Mouse,822.0,692.0,,
1671501860.940439,Mouse,828.0,691.0,,
1671501860.95143,Mouse,833.0,689.0,,
1671501860.970416,Mouse,839.0,687.0,,
1671501861.040455,Mouse,840.0,686.0,,
1671501861.081636,Mouse,840.0,686.0,,
1671501861.101424,Mouse,830.0,691.0,,
1671501861.111454,Mouse,824.0,693.0,,
1671501861.122462,Mouse,820.0,696.0,,
1671501861.141615,Mouse,814.0,696.0,,
1671501861.151418,Mouse,813.0,697.0,,
1671501861.352556,,,,MouseEvent,"Down, Left"
1671501861.352556,Mouse,813.0,697.0,,
1671501861.532684,Mouse,812.0,696.0,,
1671501861.55242,Mouse,814.0,690.0,,
1671501861.562609,Mouse,817.0,685.0,,
1671501861.582417,Mouse,821.0,675.0,,
1671501861.593701,Mouse,822.0,670.0,,
1671501861.613409,Mouse,826.0,661.0,,
1671501861.634677,Mouse,831.0,653.0,,
1671501861.653415,Mouse,835.0,642.0,,
1671501861.663614,Mouse,838.0,636.0,,
1671501861.674425,Mouse,840.0,630.0,,
1671501861.693435,Mouse,845.0,618.0,,
1671501861.703696,Mouse,847.0,615.0,,
1671501861.723444,Mouse,849.0,610.0,,
1671501861.733668,Mouse,852.0,606.0,,
1671501861.753412,Mouse,857.0,598.0,,
1671501861.764461,Mouse,861.0,592.0,,
1671501861.784422,Mouse,865.0,585.0,,
1671501861.794424,Mouse,868.0,582.0,,
1671501861.805456,Mouse,870.0,578.0,,
1671501861.824431,Mouse,874.0,574.0,,
1671501861.834509,Mouse,877.0,571.0,,
1671501861.845441,Mouse,881.0,565.0,,
1671501861.864599,Mouse,887.0,558.0,,
1671501861.884424,Mouse,891.0,554.0,,
1671501861.89446,Mouse,892.0,553.0,,
1671501861.904672,Mouse,892.0,552.0,,
1671501861.924428,Mouse,895.0,549.0,,
1671501861.934528,Mouse,896.0,548.0,,
1671501861.954423,Mouse,898.0,546.0,,
1671501861.975404,Mouse,899.0,545.0,,
1671501861.99447,Mouse,901.0,544.0,,
1671501862.024414,Mouse,901.0,543.0,,
1671501862.044429,Mouse,902.0,543.0,,
1671501862.054664,Mouse,902.0,543.0,,
1671501862.084405,Mouse,905.0,543.0,,
1671501862.094489,Mouse,905.0,543.0,,
1671501862.105378,Mouse,908.0,542.0,,
1671501862.115442,Mouse,910.0,542.0,,
1671501862.125554,Mouse,915.0,542.0,,
1671501862.135666,Mouse,918.0,541.0,,
1671501862.146422,Mouse,923.0,541.0,,
1671501862.165682,Mouse,931.0,541.0,,
1671501862.186404,Mouse,938.0,541.0,,
1671501862.205413,Mouse,941.0,541.0,,
1671501862.215416,Mouse,941.0,541.0,,
1671501862.245439,Mouse,942.0,541.0,,
1671501862.276426,Mouse,942.0,541.0,,
1671501862.336411,Mouse,944.0,541.0,,
1671501862.357415,Mouse,944.0,541.0,,
1671501862.376384,Mouse,945.0,541.0,,
1671501862.386473,Mouse,946.0,541.0,,
1671501862.406389,Mouse,947.0,541.0,,
1671501862.416453,Mouse,948.0,541.0,,
1671501862.436385,Mouse,949.0,541.0,,
1671501862.466624,Mouse,949.0,541.0,,
1671501862.527427,Mouse,950.0,541.0,,
1671501862.546779,Mouse,950.0,541.0,,
1671501862.566641,Mouse,952.0,541.0,,
1671501862.586607,Mouse,957.0,541.0,,
1671501862.606535,Mouse,960.0,541.0,,
1671501862.617403,Mouse,962.0,541.0,,
1671501862.62752,Mouse,964.0,541.0,,
1671501862.647593,Mouse,968.0,541.0,,
1671501862.658436,Mouse,971.0,541.0,,
1671501862.677409,Mouse,971.0,541.0,,
1671501862.687475,Mouse,972.0,541.0,,
1671501862.707418,Mouse,973.0,541.0,,
1671501862.717513,Mouse,974.0,541.0,,
1671501862.7384,Mouse,976.0,541.0,,
1671501862.757444,Mouse,979.0,541.0,,
1671501862.767444,Mouse,980.0,541.0,,
1671501862.777517,Mouse,982.0,541.0,,
1671501862.788434,Mouse,985.0,541.0,,
1671501862.798464,Mouse,987.0,542.0,,
1671501862.818693,Mouse,994.0,543.0,,
1671501862.829406,Mouse,995.0,543.0,,
1671501862.848345,Mouse,998.0,543.0,,
1671501862.858433,Mouse,999.0,544.0,,
1671501862.869422,Mouse,1002.0,544.0,,
1671501862.888437,Mouse,1006.0,544.0,,
1671501862.909462,Mouse,1013.0,545.0,,
1671501862.928432,Mouse,1019.0,546.0,,
1671501862.948427,Mouse,1022.0,547.0,,
1671501862.968402,Mouse,1025.0,547.0,,
1671501862.97845,Mouse,1027.0,547.0,,
1671501862.988455,Mouse,1030.0,547.0,,
1671501862.999475,Mouse,1033.0,548.0,,
1671501863.018467,Mouse,1039.0,550.0,,
1671501863.03943,Mouse,1048.0,553.0,,
1671501863.058453,Mouse,1060.0,558.0,,
1671501863.079391,Mouse,1077.0,563.0,,
1671501863.098459,Mouse,1091.0,567.0,,
1671501863.10866,Mouse,1097.0,568.0,,
1671501863.118682,Mouse,1105.0,572.0,,
1671501863.12941,Mouse,1114.0,576.0,,
1671501863.149465,Mouse,1143.0,588.0,,
1671501863.170352,Mouse,1172.0,603.0,,
1671501863.18957,Mouse,1193.0,612.0,,
1671501863.210422,Mouse,1214.0,623.0,,
1671501863.229412,Mouse,1235.0,636.0,,
1671501863.239682,Mouse,1250.0,645.0,,
1671501863.250428,Mouse,1265.0,654.0,,
1671501863.26942,Mouse,1290.0,668.0,,
1671501863.289553,Mouse,1307.0,678.0,,
1671501863.300421,Mouse,1316.0,683.0,,
1671501863.310569,Mouse,1326.0,688.0,,
1671501863.320728,Mouse,1339.0,696.0,,
1671501863.341588,Mouse,1358.0,708.0,,
1671501863.360534,Mouse,1373.0,718.0,,
1671501863.3817,Mouse,1387.0,729.0,,
1671501863.400406,Mouse,1408.0,742.0,,
1671501863.410441,Mouse,1430.0,754.0,,
1671501863.421671,Mouse,1444.0,762.0,,
1671501863.440454,Mouse,1468.0,776.0,,
1671501863.450532,Mouse,1480.0,783.0,,
1671501863.470381,Mouse,1497.0,794.0,,
1671501863.480695,Mouse,1509.0,801.0,,
1671501863.500392,Mouse,1546.0,820.0,,
1671501863.511638,Mouse,1569.0,829.0,,
1671501863.530386,Mouse,1602.0,838.0,,
1671501863.540395,Mouse,1615.0,842.0,,
1671501863.551492,Mouse,1630.0,847.0,,
1671501863.570433,Mouse,1660.0,854.0,,
1671501863.580603,Mouse,1680.0,859.0,,
1671501863.591397,Mouse,1698.0,861.0,,
1671501863.610458,Mouse,1720.0,865.0,,
1671501863.630399,Mouse,1728.0,868.0,,
1671501863.641678,Mouse,1730.0,868.0,,
1671501863.651696,Mouse,1732.0,869.0,,
1671501863.711481,Mouse,1732.0,869.0,,
1671501863.722457,Mouse,1733.0,869.0,,
1671501863.741529,Mouse,1738.0,869.0,,
1671501863.762403,Mouse,1746.0,871.0,,
1671501863.781551,Mouse,1752.0,873.0,,
1671501863.801415,Mouse,1756.0,874.0,,
1671501863.81267,Mouse,1757.0,875.0,,
1671501863.832675,Mouse,1766.0,879.0,,
1671501863.853375,Mouse,1785.0,889.0,,
1671501863.872564,Mouse,1800.0,895.0,,
1671501863.882511,Mouse,1807.0,899.0,,
1671501863.883005,,,,MouseEvent,"Up, Left"
1671501863.883005,Mouse,1807.0,899.0,,
1671501863.893381,Mouse,1809.0,899.0,,
1671501863.942571,Mouse,1809.0,899.0,,
1671501863.952667,Mouse,1811.0,900.0,,
1671501863.962691,Mouse,1814.0,901.0,,
1671501863.973428,Mouse,1817.0,903.0,,
1671501863.992407,Mouse,1818.0,903.0,,
1671501864.023353,Mouse,1819.0,903.0,,
1671501864.153542,Mouse,1819.0,904.0,,
1671501864.183397,Mouse,1819.0,904.0,,
1671501864.194415,Mouse,1818.0,905.0,,
1671501864.203538,,,,MouseEvent,"Up, Left"
1671501864.203538,Mouse,1818.0,905.0,,
1671501864.213413,Mouse,1809.0,908.0,,
1671501864.234687,Mouse,1792.0,908.0,,
1671501864.253406,Mouse,1777.0,907.0,,
1671501864.274356,Mouse,1749.0,894.0,,
1671501864.293661,Mouse,1698.0,872.0,,
1671501864.303689,Mouse,1651.0,848.0,,
1671501864.324412,Mouse,1529.0,783.0,,
1671501864.33466,Mouse,1460.0,741.0,,
1671501864.344665,Mouse,1394.0,696.0,,
1671501864.365441,Mouse,1260.0,602.0,,
1671501864.384402,Mouse,1145.0,525.0,,
1671501864.39443,Mouse,1093.0,483.0,,
1671501864.405403,Mouse,1041.0,444.0,,
1671501864.424411,Mouse,950.0,388.0,,
1671501864.434528,Mouse,897.0,362.0,,
1671501864.445367,Mouse,857.0,344.0,,
1671501864.464382,Mouse,812.0,326.0,,
1671501864.485385,Mouse,791.0,315.0,,
1671501864.504635,Mouse,779.0,308.0,,
1671501864.52441,Mouse,766.0,298.0,,
1671501864.535625,Mouse,758.0,293.0,,
1671501864.554453,Mouse,742.0,281.0,,
1671501864.564657,Mouse,732.0,273.0,,
1671501864.575652,Mouse,719.0,264.0,,
1671501864.594413,Mouse,701.0,255.0,,
1671501864.604514,Mouse,697.0,253.0,,
1671501864.615428,Mouse,697.0,252.0,,
1671501864.634501,Mouse,696.0,252.0,,
1671501864.654408,Mouse,696.0,247.0,,
1671501864.665656,Mouse,696.0,242.0,,
1671501864.685439,Mouse,696.0,231.0,,
1671501864.695527,Mouse,696.0,228.0,,
1671501864.706501,Mouse,696.0,224.0,,
1671501864.725419,Mouse,698.0,218.0,,
1671501864.735665,Mouse,699.0,217.0,,
1671501864.746447,Mouse,699.0,216.0,,
1671501864.765689,Mouse,699.0,215.0,,
1671501864.786419,Mouse,700.0,214.0,,
1671501864.805399,Mouse,701.0,213.0,,
1671501864.815401,Mouse,701.0,211.0,,
1671501864.886421,Mouse,701.0,211.0,,
1671501864.896587,Mouse,701.0,211.0,,
1671501864.906597,Mouse,701.0,209.0,,
1671501864.917374,Mouse,701.0,208.0,,
1671501864.936673,Mouse,701.0,206.0,,
1671501864.957682,Mouse,701.0,205.0,,
1671501864.976442,Mouse,701.0,205.0,,
1671501865.036781,Mouse,701.0,204.0,,
1671501865.076741,,,,MouseEvent,"Down, Left"
1671501865.076741,Mouse,701.0,204.0,,
1671501865.207666,Mouse,701.0,204.0,,
1671501865.218443,Mouse,701.0,206.0,,
1671501865.23742,Mouse,700.0,213.0,,
1671501865.258432,Mouse,700.0,224.0,,
1671501865.277478,Mouse,700.0,237.0,,
1671501865.298554,Mouse,699.0,252.0,,
1671501865.317389,Mouse,699.0,266.0,,
1671501865.327482,Mouse,699.0,274.0,,
1671501865.338401,Mouse,699.0,283.0,,
1671501865.358508,Mouse,699.0,300.0,,
1671501865.3784,Mouse,699.0,315.0,,
1671501865.389546,Mouse,699.0,319.0,,
1671501865.408422,Mouse,699.0,330.0,,
1671501865.418655,Mouse,699.0,335.0,,
1671501865.429442,Mouse,699.0,342.0,,
1671501865.44839,Mouse,702.0,355.0,,
1671501865.458437,Mouse,705.0,364.0,,
1671501865.469423,Mouse,706.0,373.0,,
1671501865.488651,Mouse,709.0,388.0,,
1671501865.5094,Mouse,713.0,401.0,,
1671501865.528635,Mouse,718.0,410.0,,
1671501865.548647,Mouse,725.0,422.0,,
1671501865.559422,Mouse,731.0,430.0,,
1671501865.578407,Mouse,735.0,439.0,,
1671501865.588415,Mouse,738.0,443.0,,
1671501865.599364,Mouse,741.0,448.0,,
1671501865.618427,Mouse,746.0,455.0,,
1671501865.628505,Mouse,750.0,459.0,,
1671501865.639394,Mouse,756.0,463.0,,
1671501865.658644,Mouse,762.0,468.0,,
1671501865.679381,Mouse,768.0,474.0,,
1671501865.689399,Mouse,772.0,476.0,,
1671501865.709393,Mouse,780.0,483.0,,
1671501865.719426,Mouse,783.0,486.0,,
1671501865.730629,Mouse,788.0,489.0,,
1671501865.749449,Mouse,794.0,494.0,,
1671501865.759486,Mouse,796.0,496.0,,
1671501865.770449,Mouse,799.0,498.0,,
1671501865.789345,Mouse,802.0,501.0,,
1671501865.799408,Mouse,805.0,503.0,,
1671501865.81037,Mouse,809.0,506.0,,
1671501865.82964,Mouse,816.0,510.0,,
1671501865.85039,Mouse,823.0,513.0,,
1671501865.860458,Mouse,825.0,514.0,,
1671501865.880645,Mouse,827.0,516.0,,
1671501865.901381,Mouse,830.0,517.0,,
1671501865.920662,Mouse,840.0,521.0,,
1671501865.941345,Mouse,850.0,527.0,,
1671501865.960537,Mouse,854.0,528.0,,
1671501865.981425,Mouse,858.0,529.0,,
1671501866.000378,Mouse,863.0,531.0,,
1671501866.021545,Mouse,876.0,534.0,,
1671501866.04036,Mouse,884.0,537.0,,
1671501866.050647,Mouse,889.0,539.0,,
1671501866.071416,Mouse,894.0,541.0,,
1671501866.090476,Mouse,900.0,543.0,,
1671501866.11142,Mouse,909.0,546.0,,
1671501866.130389,Mouse,920.0,549.0,,
1671501866.151602,Mouse,930.0,550.0,,
1671501866.170406,Mouse,939.0,553.0,,
1671501866.191561,Mouse,952.0,554.0,,
1671501866.211412,Mouse,968.0,557.0,,
1671501866.221675,Mouse,973.0,557.0,,
1671501866.242385,Mouse,984.0,557.0,,
1671501866.261423,Mouse,990.0,557.0,,
1671501866.282634,Mouse,997.0,555.0,,
1671501866.301395,Mouse,1005.0,552.0,,
1671501866.322664,Mouse,1013.0,548.0,,
1671501866.341458,Mouse,1022.0,541.0,,
1671501866.351635,Mouse,1028.0,537.0,,
1671501866.362412,Mouse,1034.0,534.0,,
1671501866.382495,Mouse,1046.0,527.0,,
1671501866.403421,Mouse,1060.0,519.0,,
1671501866.413662,Mouse,1064.0,516.0,,
1671501866.432431,Mouse,1072.0,508.0,,
1671501866.453536,Mouse,1083.0,496.0,,
1671501866.472448,Mouse,1092.0,485.0,,
1671501866.482667,Mouse,1097.0,480.0,,
1671501866.493422,Mouse,1104.0,473.0,,
1671501866.512645,Mouse,1116.0,461.0,,
1671501866.52267,Mouse,1123.0,454.0,,
1671501866.533416,Mouse,1131.0,446.0,,
1671501866.552398,Mouse,1146.0,434.0,,
1671501866.573323,Mouse,1161.0,418.0,,
1671501866.592372,Mouse,1173.0,408.0,,
1671501866.602406,Mouse,1178.0,404.0,,
1671501866.623391,Mouse,1191.0,397.0,,
1671501866.642419,Mouse,1202.0,391.0,,
1671501866.663417,Mouse,1220.0,382.0,,
1671501866.682396,Mouse,1239.0,373.0,,
1671501866.703371,Mouse,1268.0,363.0,,
1671501866.713651,Mouse,1290.0,356.0,,
1671501866.7334,Mouse,1332.0,344.0,,
1671501866.743621,Mouse,1352.0,342.0,,
1671501866.754587,Mouse,1371.0,338.0,,
1671501866.773383,Mouse,1395.0,335.0,,
1671501866.794332,Mouse,1422.0,332.0,,
1671501866.81367,Mouse,1444.0,328.0,,
1671501866.834404,Mouse,1479.0,323.0,,
1671501866.853659,Mouse,1519.0,317.0,,
1671501866.874658,Mouse,1547.0,313.0,,
1671501866.894408,Mouse,1569.0,313.0,,
1671501866.904413,Mouse,1581.0,313.0,,
1671501866.915479,Mouse,1592.0,313.0,,
1671501866.934442,Mouse,1610.0,313.0,,
1671501866.944509,Mouse,1617.0,313.0,,
1671501866.965368,Mouse,1628.0,313.0,,
1671501866.984638,Mouse,1635.0,313.0,,
1671501867.00554,Mouse,1642.0,313.0,,
1671501867.02436,Mouse,1649.0,313.0,,
1671501867.034394,Mouse,1651.0,313.0,,
1671501867.045694,Mouse,1653.0,313.0,,
1671501867.064409,Mouse,1655.0,313.0,,
1671501867.095418,Mouse,1657.0,313.0,,
1671501867.114369,Mouse,1660.0,313.0,,
1671501867.12439,Mouse,1663.0,313.0,,
1671501867.135357,Mouse,1667.0,313.0,,
1671501867.154397,Mouse,1671.0,312.0,,
1671501867.175385,Mouse,1676.0,312.0,,
1671501867.194394,Mouse,1680.0,312.0,,
1671501867.215332,Mouse,1687.0,312.0,,
1671501867.225373,Mouse,1691.0,312.0,,
1671501867.235434,Mouse,1694.0,310.0,,
1671501867.236038,,,,MouseEvent,"Up, Left"
1671501867.236038,Mouse,1694.0,310.0,,
1671501867.256398,Mouse,1697.0,310.0,,
1671501867.275329,Mouse,1698.0,310.0,,
1671501867.285358,Mouse,1699.0,310.0,,
1671501867.295389,Mouse,1700.0,310.0,,
1671501867.306409,Mouse,1701.0,309.0,,
1671501867.586658,,,,MouseEvent,"Up, Left"
1671501867.586658,Mouse,1701.0,309.0,,
1671501867.607621,Mouse,1699.0,309.0,,
1671501867.626407,Mouse,1682.0,314.0,,
1671501867.636457,Mouse,1665.0,319.0,,
1671501867.647411,Mouse,1632.0,328.0,,
1671501867.666535,Mouse,1553.0,347.0,,
1671501867.676665,Mouse,1499.0,364.0,,
1671501867.687417,Mouse,1429.0,385.0,,
1671501867.70634,Mouse,1296.0,422.0,,
1671501867.716374,Mouse,1216.0,444.0,,
1671501867.727356,Mouse,1145.0,465.0,,
1671501867.737455,Mouse,1078.0,483.0,,
1671501867.757428,Mouse,973.0,504.0,,
1671501867.768323,Mouse,928.0,516.0,,
1671501867.787362,Mouse,856.0,538.0,,
1671501867.797404,Mouse,817.0,554.0,,
1671501867.818374,Mouse,739.0,586.0,,
1671501867.837391,Mouse,683.0,601.0,,
1671501867.8584,Mouse,618.0,610.0,,
1671501867.87732,Mouse,591.0,614.0,,
1671501867.88739,Mouse,580.0,615.0,,
1671501867.898389,Mouse,567.0,618.0,,
1671501867.908621,Mouse,552.0,620.0,,
1671501867.928437,Mouse,513.0,630.0,,
1671501867.939569,Mouse,497.0,637.0,,
1671501867.958417,Mouse,453.0,658.0,,
1671501867.968431,Mouse,439.0,664.0,,
1671501867.989389,Mouse,417.0,677.0,,
1671501868.008387,Mouse,403.0,690.0,,
1671501868.018423,Mouse,394.0,699.0,,
1671501868.02959,Mouse,386.0,705.0,,
1671501868.048629,Mouse,365.0,731.0,,
1671501868.069423,Mouse,337.0,763.0,,
1671501868.088427,Mouse,320.0,781.0,,
1671501868.109399,Mouse,307.0,792.0,,
1671501868.128531,Mouse,299.0,794.0,,
1671501868.148362,Mouse,291.0,795.0,,
1671501868.159361,Mouse,287.0,795.0,,
1671501868.178414,Mouse,275.0,797.0,,
1671501868.188431,Mouse,268.0,799.0,,
1671501868.199653,Mouse,263.0,799.0,,
1671501868.218312,Mouse,255.0,799.0,,
1671501868.228631,Mouse,254.0,799.0,,
1671501868.239408,Mouse,251.0,799.0,,
1671501868.259427,Mouse,247.0,799.0,,
1671501868.280372,Mouse,244.0,799.0,,
1671501868.290418,Mouse,241.0,801.0,,
1671501868.309413,Mouse,234.0,801.0,,
1671501868.319415,Mouse,230.0,802.0,,
1671501868.330521,Mouse,227.0,802.0,,
1671501868.349459,Mouse,224.0,803.0,,
1671501868.359641,Mouse,221.0,805.0,,
1671501868.37941,Mouse,218.0,805.0,,
1671501868.389422,Mouse,217.0,805.0,,
1671501868.399462,Mouse,213.0,806.0,,
1671501868.410377,Mouse,209.0,808.0,,
1671501868.420378,Mouse,208.0,808.0,,
1671501868.430444,Mouse,205.0,809.0,,
1671501868.530417,Mouse,205.0,809.0,,
1671501868.550342,Mouse,204.0,809.0,,
1671501868.560417,Mouse,203.0,809.0,,
1671501868.58168,Mouse,203.0,809.0,,
1671501868.610374,Mouse,203.0,809.0,,
1671501868.63167,Mouse,203.0,809.0,,
1671501868.650386,Mouse,203.0,808.0,,
1671501868.660722,Mouse,203.0,807.0,,
1671501868.671424,Mouse,203.0,807.0,,
1671501868.690411,Mouse,203.0,806.0,,
1671501868.70067,Mouse,203.0,806.0,,
1671501868.72054,Mouse,203.0,805.0,,
1671501868.740391,Mouse,204.0,804.0,,
1671501868.751462,,,,MouseEvent,"Down, Left"
1671501868.751462,Mouse,204.0,804.0,,
1671501868.84242,Mouse,204.0,804.0,,
1671501868.861421,Mouse,205.0,804.0,,
1671501868.882396,Mouse,209.0,800.0,,
1671501868.90139,Mouse,215.0,793.0,,
1671501868.922635,Mouse,225.0,782.0,,
1671501868.942387,Mouse,241.0,770.0,,
1671501868.952424,Mouse,248.0,764.0,,
1671501868.963649,Mouse,255.0,758.0,,
1671501868.982509,Mouse,269.0,745.0,,
1671501868.992616,Mouse,277.0,738.0,,
1671501869.003353,Mouse,287.0,731.0,,
1671501869.013366,Mouse,295.0,725.0,,
1671501869.032436,Mouse,316.0,710.0,,
1671501869.053563,Mouse,333.0,699.0,,
1671501869.072385,Mouse,346.0,689.0,,
1671501869.082404,Mouse,354.0,683.0,,
1671501869.093401,Mouse,361.0,678.0,,
1671501869.112396,Mouse,378.0,668.0,,
1671501869.122445,Mouse,388.0,664.0,,
1671501869.133425,Mouse,398.0,659.0,,
1671501869.152414,Mouse,412.0,650.0,,
1671501869.173396,Mouse,426.0,640.0,,
1671501869.18366,Mouse,431.0,638.0,,
1671501869.202385,Mouse,441.0,629.0,,
1671501869.212396,Mouse,448.0,625.0,,
1671501869.223442,Mouse,459.0,618.0,,
1671501869.242393,Mouse,475.0,609.0,,
1671501869.252408,Mouse,483.0,604.0,,
1671501869.263444,Mouse,490.0,600.0,,
1671501869.283428,Mouse,497.0,596.0,,
1671501869.293488,Mouse,500.0,593.0,,
1671501869.304391,Mouse,503.0,592.0,,
1671501869.314473,Mouse,508.0,589.0,,
1671501869.333387,Mouse,521.0,583.0,,
1671501869.344383,Mouse,528.0,579.0,,
1671501869.354638,Mouse,533.0,576.0,,
1671501869.373378,Mouse,544.0,572.0,,
1671501869.383399,Mouse,550.0,570.0,,
1671501869.394422,Mouse,556.0,567.0,,
1671501869.413308,Mouse,570.0,561.0,,
1671501869.423347,Mouse,579.0,558.0,,
1671501869.434394,Mouse,589.0,554.0,,
1671501869.44463,Mouse,600.0,551.0,,
1671501869.464386,Mouse,615.0,546.0,,
1671501869.475395,Mouse,621.0,543.0,,
1671501869.494361,Mouse,637.0,539.0,,
1671501869.504399,Mouse,644.0,537.0,,
1671501869.515485,Mouse,652.0,536.0,,
1671501869.525678,Mouse,659.0,535.0,,
1671501869.544406,Mouse,675.0,535.0,,
1671501869.555722,Mouse,683.0,535.0,,
1671501869.57457,Mouse,699.0,534.0,,
1671501869.594376,Mouse,713.0,533.0,,
1671501869.605372,Mouse,719.0,533.0,,
1671501869.624397,Mouse,738.0,534.0,,
1671501869.645518,Mouse,768.0,539.0,,
1671501869.655745,Mouse,779.0,540.0,,
1671501869.674358,Mouse,801.0,543.0,,
1671501869.685655,Mouse,809.0,544.0,,
1671501869.704338,Mouse,819.0,546.0,,
1671501869.714425,Mouse,824.0,547.0,,
1671501869.735404,Mouse,835.0,549.0,,
1671501869.754573,Mouse,851.0,550.0,,
1671501869.775638,Mouse,868.0,551.0,,
1671501869.795352,Mouse,881.0,551.0,,
1671501869.805391,Mouse,885.0,551.0,,
1671501869.81665,Mouse,888.0,551.0,,
1671501869.835388,Mouse,893.0,551.0,,
1671501869.845675,Mouse,894.0,551.0,,
1671501869.856389,Mouse,895.0,551.0,,
1671501869.875375,Mouse,900.0,551.0,,
1671501869.885644,Mouse,903.0,551.0,,
1671501869.89638,Mouse,907.0,551.0,,
1671501869.906472,Mouse,910.0,551.0,,
1671501869.925405,Mouse,916.0,551.0,,
1671501869.946366,Mouse,922.0,551.0,,
1671501869.956387,Mouse,926.0,551.0,,
1671501869.976538,Mouse,936.0,550.0,,
1671501869.987338,Mouse,939.0,549.0,,
1671501870.00634,Mouse,949.0,546.0,,
1671501870.016468,Mouse,957.0,545.0,,
1671501870.027363,Mouse,965.0,544.0,,
1671501870.037604,Mouse,974.0,541.0,,
1671501870.056381,Mouse,988.0,538.0,,
1671501870.067401,Mouse,994.0,535.0,,
1671501870.077451,Mouse,999.0,534.0,,
1671501870.096378,Mouse,1006.0,532.0,,
1671501870.10639,Mouse,1010.0,530.0,,
1671501870.11742,Mouse,1013.0,528.0,,
1671501870.136358,Mouse,1021.0,525.0,,
1671501870.146514,Mouse,1025.0,523.0,,
1671501870.157406,Mouse,1030.0,521.0,,
1671501870.176344,Mouse,1037.0,518.0,,
1671501870.186423,Mouse,1041.0,515.0,,
1671501870.197391,Mouse,1046.0,512.0,,
1671501870.207434,Mouse,1051.0,508.0,,
1671501870.226402,Mouse,1060.0,501.0,,
1671501870.237651,Mouse,1065.0,496.0,,
1671501870.256377,Mouse,1075.0,487.0,,
1671501870.276371,Mouse,1084.0,479.0,,
1671501870.287379,Mouse,1088.0,474.0,,
1671501870.297418,Mouse,1093.0,467.0,,
1671501870.317418,Mouse,1101.0,454.0,,
1671501870.32836,Mouse,1105.0,449.0,,
1671501870.338388,Mouse,1109.0,443.0,,
1671501870.357357,Mouse,1119.0,433.0,,
1671501870.368422,Mouse,1125.0,428.0,,
1671501870.387393,Mouse,1136.0,416.0,,
1671501870.408373,Mouse,1148.0,403.0,,
1671501870.427386,Mouse,1160.0,389.0,,
1671501870.437439,Mouse,1168.0,383.0,,
1671501870.448403,Mouse,1175.0,376.0,,
1671501870.458405,Mouse,1184.0,369.0,,
1671501870.478402,Mouse,1200.0,355.0,,
1671501870.499401,Mouse,1215.0,342.0,,
1671501870.518385,Mouse,1231.0,331.0,,
1671501870.53938,Mouse,1251.0,318.0,,
1671501870.549403,Mouse,1264.0,312.0,,
1671501870.568374,Mouse,1285.0,300.0,,
1671501870.579383,Mouse,1298.0,292.0,,
1671501870.589392,Mouse,1304.0,289.0,,
1671501870.608405,Mouse,1316.0,280.0,,
1671501870.619423,Mouse,1321.0,276.0,,
1671501870.638891,Mouse,1330.0,272.0,,
1671501870.658393,Mouse,1345.0,263.0,,
1671501870.669431,Mouse,1354.0,258.0,,
1671501870.679641,Mouse,1363.0,253.0,,
1671501870.698464,Mouse,1378.0,244.0,,
1671501870.709425,Mouse,1385.0,240.0,,
1671501870.728368,Mouse,1396.0,233.0,,
1671501870.738375,Mouse,1401.0,230.0,,
1671501870.749643,Mouse,1407.0,224.0,,
1671501870.768398,Mouse,1418.0,217.0,,
1671501870.789461,Mouse,1427.0,211.0,,
1671501870.809344,Mouse,1434.0,205.0,,
1671501870.819394,Mouse,1439.0,202.0,,
1671501870.83031,Mouse,1444.0,198.0,,
1671501870.840334,Mouse,1449.0,195.0,,
1671501870.850339,Mouse,1455.0,191.0,,
1671501870.869342,Mouse,1462.0,185.0,,
1671501870.880301,Mouse,1467.0,182.0,,
1671501870.89069,Mouse,1470.0,180.0,,
1671501870.909355,Mouse,1475.0,175.0,,
1671501870.920369,Mouse,1478.0,172.0,,
1671501870.939336,Mouse,1485.0,167.0,,
1671501870.94935,Mouse,1488.0,165.0,,
1671501870.960323,Mouse,1491.0,162.0,,
1671501870.981121,Mouse,1495.0,158.0,,
1671501870.981535,,,,MouseEvent,"Up, Left"
1671501870.981535,Mouse,1495.0,158.0,,
1671501871.001324,Mouse,1499.0,156.0,,
1671501871.011363,Mouse,1501.0,155.0,,
1671501871.030334,Mouse,1501.0,154.0,,
1671501871.040374,Mouse,1502.0,154.0,,
1671501871.091366,Mouse,1503.0,153.0,,
1671501871.270487,,,,MouseEvent,"Up, Left"
1671501871.270487,Mouse,1503.0,153.0,,
1671501871.280327,Mouse,1503.0,153.0,,
1671501871.290348,Mouse,1501.0,153.0,,
1671501871.301472,Mouse,1494.0,158.0,,
1671501871.311563,Mouse,1486.0,162.0,,
1671501871.331452,Mouse,1448.0,181.0,,
1671501871.342349,Mouse,1421.0,193.0,,
1671501871.352606,Mouse,1388.0,205.0,,
1671501871.37152,Mouse,1302.0,238.0,,
1671501871.382374,Mouse,1254.0,258.0,,
1671501871.392376,Mouse,1204.0,291.0,,
1671501871.402471,Mouse,1159.0,321.0,,
1671501871.421428,Mouse,1084.0,381.0,,
1671501871.432416,Mouse,1058.0,402.0,,
1671501871.451385,Mouse,1020.0,424.0,,
1671501871.461642,Mouse,1000.0,430.0,,
1671501871.472425,Mouse,979.0,439.0,,
1671501871.492442,Mouse,928.0,460.0,,
1671501871.502475,Mouse,899.0,472.0,,
1671501871.513373,Mouse,868.0,485.0,,
1671501871.5235,Mouse,837.0,498.0,,
1671501871.533646,Mouse,800.0,507.0,,
1671501871.553646,Mouse,733.0,513.0,,
1671501871.573386,Mouse,671.0,520.0,,
1671501871.592631,Mouse,627.0,531.0,,
1671501871.60339,Mouse,618.0,532.0,,
1671501871.712416,Mouse,614.0,533.0,,
1671501871.723356,Mouse,614.0,539.0,,
1671501871.733391,Mouse,612.0,546.0,,
1671501871.752518,Mouse,610.0,558.0,,
1671501871.762612,Mouse,610.0,563.0,,
1671501871.773417,Mouse,608.0,566.0,,
1671501871.792613,Mouse,608.0,571.0,,
1671501871.813383,Mouse,608.0,573.0,,
1671501871.833639,Mouse,608.0,573.0,,
1671501871.854679,Mouse,608.0,578.0,,
1671501871.874414,Mouse,604.0,585.0,,
1671501871.894375,Mouse,603.0,591.0,,
1671501871.914429,Mouse,601.0,594.0,,
1671501871.93341,Mouse,601.0,595.0,,
1671501871.94439,Mouse,601.0,596.0,,
1671501871.954546,Mouse,600.0,598.0,,
1671501871.973378,Mouse,598.0,604.0,,
1671501871.98439,Mouse,598.0,607.0,,
1671501871.994538,Mouse,598.0,608.0,,
1671501872.004353,Mouse,597.0,609.0,,
1671501872.104691,,,,MouseEvent,"Down, Left"
1671501872.104691,Mouse,597.0,609.0,,
1671501872.215373,Mouse,597.0,609.0,,
1671501872.23564,Mouse,598.0,609.0,,
1671501872.264631,Mouse,599.0,608.0,,
1671501872.285676,Mouse,600.0,607.0,,
1671501872.304436,Mouse,602.0,606.0,,
1671501872.325632,Mouse,612.0,601.0,,
1671501872.34541,Mouse,629.0,596.0,,
1671501872.355648,Mouse,636.0,594.0,,
1671501872.366348,Mouse,643.0,591.0,,
1671501872.376392,Mouse,648.0,588.0,,
1671501872.386614,Mouse,653.0,587.0,,
1671501872.406406,Mouse,659.0,585.0,,
1671501872.416411,Mouse,663.0,584.0,,
1671501872.426517,Mouse,671.0,582.0,,
1671501872.445358,Mouse,683.0,578.0,,
1671501872.45639,Mouse,689.0,576.0,,
1671501872.466399,Mouse,692.0,576.0,,
1671501872.485386,Mouse,699.0,574.0,,
1671501872.495593,Mouse,702.0,572.0,,
1671501872.506566,Mouse,704.0,572.0,,
1671501872.516571,Mouse,708.0,572.0,,
1671501872.536447,Mouse,721.0,572.0,,
1671501872.547447,Mouse,728.0,572.0,,
1671501872.566408,Mouse,742.0,572.0,,
1671501872.587451,Mouse,758.0,572.0,,
1671501872.606379,Mouse,770.0,572.0,,
1671501872.616524,Mouse,779.0,572.0,,
1671501872.627492,Mouse,787.0,572.0,,
1671501872.646397,Mouse,798.0,572.0,,
1671501872.656646,Mouse,803.0,572.0,,
1671501872.677321,Mouse,807.0,572.0,,
1671501872.696355,Mouse,811.0,572.0,,
1671501872.71763,Mouse,821.0,572.0,,
1671501872.736391,Mouse,828.0,572.0,,
1671501872.746429,Mouse,832.0,571.0,,
1671501872.7574,Mouse,834.0,571.0,,
1671501872.767405,Mouse,836.0,569.0,,
1671501872.786639,Mouse,838.0,569.0,,
1671501872.79739,Mouse,840.0,568.0,,
1671501872.816411,Mouse,845.0,568.0,,
1671501872.836382,Mouse,855.0,566.0,,
1671501872.847395,Mouse,860.0,564.0,,
1671501872.857424,Mouse,864.0,564.0,,
1671501872.87742,Mouse,870.0,562.0,,
1671501872.888369,Mouse,873.0,561.0,,
1671501872.907365,Mouse,877.0,561.0,,
1671501872.917368,Mouse,882.0,558.0,,
1671501872.92838,Mouse,887.0,557.0,,
1671501872.947654,Mouse,900.0,555.0,,
1671501872.968393,Mouse,916.0,554.0,,
1671501872.987423,Mouse,926.0,553.0,,
1671501873.007387,Mouse,933.0,551.0,,
1671501873.018486,Mouse,936.0,550.0,,
1671501873.038364,Mouse,945.0,550.0,,
1671501873.048399,Mouse,951.0,550.0,,
1671501873.059394,Mouse,957.0,550.0,,
1671501873.078492,Mouse,973.0,549.0,,
1671501873.088624,Mouse,980.0,549.0,,
1671501873.099403,Mouse,987.0,547.0,,
1671501873.118534,Mouse,997.0,545.0,,
1671501873.139405,Mouse,1002.0,545.0,,
1671501873.15838,Mouse,1018.0,542.0,,
1671501873.168385,Mouse,1026.0,541.0,,
1671501873.17852,Mouse,1035.0,541.0,,
1671501873.189485,Mouse,1044.0,538.0,,
1671501873.208391,Mouse,1057.0,537.0,,
1671501873.218416,Mouse,1061.0,536.0,,
1671501873.229374,Mouse,1063.0,536.0,,
1671501873.239395,Mouse,1067.0,535.0,,
1671501873.258377,Mouse,1074.0,535.0,,
1671501873.269389,Mouse,1082.0,535.0,,
1671501873.279437,Mouse,1089.0,534.0,,
1671501873.298351,Mouse,1105.0,533.0,,
1671501873.309358,Mouse,1112.0,531.0,,
1671501873.319456,Mouse,1119.0,530.0,,
1671501873.338448,Mouse,1130.0,529.0,,
1671501873.359376,Mouse,1136.0,529.0,,
1671501873.379628,Mouse,1143.0,526.0,,
1671501873.400378,Mouse,1151.0,524.0,,
1671501873.410407,Mouse,1157.0,523.0,,
1671501873.429367,Mouse,1168.0,522.0,,
1671501873.440403,Mouse,1175.0,520.0,,
1671501873.450638,Mouse,1181.0,518.0,,
1671501873.469382,Mouse,1191.0,515.0,,
1671501873.48038,Mouse,1195.0,515.0,,
1671501873.480778,,,,MouseEvent,"Up, Left"
1671501873.480778,Mouse,1195.0,515.0,,
1671501873.499383,Mouse,1206.0,514.0,,
1671501873.509635,Mouse,1211.0,513.0,,
1671501873.530388,Mouse,1218.0,511.0,,
1671501873.550388,Mouse,1219.0,511.0,,
1671501873.630404,Mouse,1219.0,510.0,,
1671501873.820549,,,,MouseEvent,"Up, Left"
1671501873.820549,Mouse,1219.0,510.0,,
1671501873.831395,Mouse,1219.0,510.0,,
1671501873.85037,Mouse,1213.0,512.0,,
1671501873.860494,Mouse,1204.0,516.0,,
1671501873.871421,Mouse,1194.0,520.0,,
1671501873.891386,Mouse,1175.0,526.0,,
1671501873.901552,Mouse,1168.0,526.0,,
1671501873.91238,Mouse,1164.0,526.0,,
1671501873.922397,Mouse,1160.0,526.0,,
1671501873.941469,Mouse,1149.0,520.0,,
1671501873.952366,Mouse,1135.0,512.0,,
1671501873.971402,Mouse,1089.0,490.0,,
1671501873.992444,Mouse,1031.0,464.0,,
1671501874.01152,Mouse,980.0,453.0,,
1671501874.03137,Mouse,946.0,452.0,,
1671501874.04263,Mouse,931.0,452.0,,
1671501874.062381,Mouse,875.0,485.0,,
1671501874.072516,Mouse,844.0,511.0,,
1671501874.083409,Mouse,809.0,544.0,,
1671501874.102653,Mouse,730.0,624.0,,
1671501874.123298,Mouse,659.0,712.0,,
1671501874.133649,Mouse,625.0,760.0,,
1671501874.152337,Mouse,575.0,833.0,,
1671501874.163409,Mouse,559.0,854.0,,
1671501874.182366,Mouse,535.0,876.0,,
1671501874.192411,Mouse,530.0,880.0,,
1671501874.203501,Mouse,526.0,880.0,,
1671501874.222346,Mouse,519.0,881.0,,
1671501874.232441,Mouse,513.0,884.0,,
1671501874.242464,Mouse,507.0,885.0,,
1671501874.253387,Mouse,500.0,888.0,,
1671501874.263516,Mouse,494.0,889.0,,
1671501874.282371,Mouse,485.0,893.0,,
1671501874.293388,Mouse,482.0,895.0,,
1671501874.30346,Mouse,478.0,898.0,,
1671501874.322346,Mouse,471.0,904.0,,
1671501874.333333,Mouse,469.0,905.0,,
1671501874.464393,Mouse,469.0,905.0,,
1671501874.474529,Mouse,469.0,905.0,,
1671501874.493379,Mouse,470.0,903.0,,
1671501874.504674,Mouse,471.0,903.0,,
1671501874.554392,Mouse,473.0,902.0,,
1671501874.574386,Mouse,475.0,901.0,,
1671501874.645645,Mouse,480.0,901.0,,
1671501874.664315,Mouse,483.0,901.0,,
1671501874.704393,Mouse,484.0,901.0,,
1671501874.715374,Mouse,484.0,901.0,,
1671501874.734377,Mouse,485.0,901.0,,
1671501874.815432,Mouse,486.0,901.0,,
1671501874.895381,Mouse,488.0,902.0,,
1671501874.915546,Mouse,488.0,902.0,,
1671501874.925643,Mouse,489.0,903.0,,
1671501874.965511,,,,MouseEvent,"Down, Left"
1671501874.965511,Mouse,489.0,903.0,,
1671501875.056392,Mouse,490.0,903.0,,
1671501875.066452,Mouse,490.0,903.0,,
1671501875.086384,Mouse,493.0,901.0,,
1671501875.096629,Mouse,498.0,896.0,,
1671501875.107412,Mouse,505.0,890.0,,
1671501875.126642,Mouse,519.0,877.0,,
1671501875.147387,Mouse,531.0,865.0,,
1671501875.157422,Mouse,536.0,861.0,,
1671501875.176405,Mouse,547.0,847.0,,
1671501875.187666,Mouse,554.0,839.0,,
1671501875.206406,Mouse,568.0,821.0,,
1671501875.227356,Mouse,581.0,807.0,,
1671501875.237365,Mouse,587.0,800.0,,
1671501875.256654,Mouse,599.0,787.0,,
1671501875.27738,Mouse,610.0,776.0,,
1671501875.28739,Mouse,615.0,770.0,,
1671501875.306396,Mouse,622.0,761.0,,
1671501875.317525,Mouse,625.0,757.0,,
1671501875.336363,Mouse,631.0,750.0,,
1671501875.357438,Mouse,636.0,743.0,,
1671501875.376379,Mouse,641.0,737.0,,
1671501875.386624,Mouse,643.0,734.0,,
1671501875.397394,Mouse,645.0,730.0,,
1671501875.417389,Mouse,652.0,723.0,,
1671501875.438368,Mouse,661.0,715.0,,
1671501875.448407,Mouse,668.0,708.0,,
1671501875.458551,Mouse,673.0,703.0,,
1671501875.477368,Mouse,686.0,693.0,,
1671501875.488384,Mouse,693.0,687.0,,
1671501875.498496,Mouse,699.0,682.0,,
1671501875.517473,Mouse,709.0,675.0,,
1671501875.5284,Mouse,714.0,670.0,,
1671501875.547283,Mouse,726.0,661.0,,
1671501875.557403,Mouse,732.0,657.0,,
1671501875.568405,Mouse,738.0,653.0,,
1671501875.58851,Mouse,750.0,644.0,,
1671501875.609376,Mouse,764.0,635.0,,
1671501875.61939,Mouse,771.0,631.0,,
1671501875.629613,Mouse,777.0,628.0,,
1671501875.648341,Mouse,786.0,622.0,,
1671501875.659335,Mouse,792.0,617.0,,
1671501875.678378,Mouse,799.0,614.0,,
1671501875.688643,Mouse,802.0,612.0,,
1671501875.699395,Mouse,807.0,608.0,,
1671501875.71849,Mouse,817.0,604.0,,
1671501875.739361,Mouse,829.0,596.0,,
1671501875.758431,Mouse,838.0,591.0,,
1671501875.77946,Mouse,842.0,588.0,,
1671501875.789632,Mouse,844.0,587.0,,
1671501875.808286,Mouse,847.0,585.0,,
1671501875.818324,Mouse,850.0,584.0,,
1671501875.829367,Mouse,854.0,582.0,,
1671501875.848407,Mouse,863.0,576.0,,
1671501875.869302,Mouse,872.0,571.0,,
1671501875.879346,Mouse,877.0,567.0,,
1671501875.898391,Mouse,884.0,563.0,,
1671501875.909369,Mouse,886.0,562.0,,
1671501875.919619,Mouse,891.0,560.0,,
1671501875.939366,Mouse,895.0,557.0,,
1671501875.950388,Mouse,896.0,556.0,,
1671501875.960681,Mouse,897.0,555.0,,
1671501875.979302,Mouse,899.0,554.0,,
1671501875.989397,Mouse,900.0,553.0,,
1671501876.000362,Mouse,901.0,553.0,,
1671501876.010365,Mouse,904.0,551.0,,
1671501876.02939,Mouse,908.0,549.0,,
1671501876.040316,Mouse,911.0,548.0,,
1671501876.050543,Mouse,913.0,547.0,,
1671501876.069385,Mouse,917.0,546.0,,
1671501876.080377,Mouse,920.0,544.0,,
1671501876.090388,Mouse,923.0,543.0,,
1671501876.110622,Mouse,934.0,540.0,,
1671501876.121503,Mouse,940.0,538.0,,
1671501876.141344,Mouse,951.0,535.0,,
1671501876.160339,Mouse,961.0,533.0,,
1671501876.171362,Mouse,965.0,531.0,,
1671501876.181506,Mouse,970.0,531.0,,
1671501876.200362,Mouse,974.0,529.0,,
1671501876.211356,Mouse,976.0,528.0,,
1671501876.221628,Mouse,980.0,527.0,,
1671501876.240363,Mouse,985.0,525.0,,
1671501876.251622,Mouse,987.0,524.0,,
1671501876.270366,Mouse,993.0,521.0,,
1671501876.280384,Mouse,997.0,519.0,,
1671501876.290384,Mouse,999.0,517.0,,
1671501876.301362,Mouse,1003.0,515.0,,
1671501876.320373,Mouse,1007.0,512.0,,
1671501876.341404,Mouse,1013.0,507.0,,
1671501876.351433,Mouse,1018.0,502.0,,
1671501876.370372,Mouse,1027.0,489.0,,
1671501876.381388,Mouse,1032.0,481.0,,
1671501876.391389,Mouse,1037.0,471.0,,
1671501876.410414,Mouse,1047.0,448.0,,
1671501876.421363,Mouse,1055.0,432.0,,
1671501876.431365,Mouse,1060.0,420.0,,
1671501876.4414,Mouse,1064.0,407.0,,
1671501876.451527,Mouse,1068.0,395.0,,
1671501876.462332,Mouse,1071.0,386.0,,
1671501876.472382,Mouse,1072.0,377.0,,
1671501876.482503,Mouse,1075.0,370.0,,
1671501876.501368,Mouse,1076.0,359.0,,
1671501876.512545,Mouse,1076.0,354.0,,
1671501876.522588,Mouse,1076.0,349.0,,
1671501876.541393,Mouse,1076.0,343.0,,
1671501876.5526,Mouse,1076.0,338.0,,
1671501876.571557,Mouse,1076.0,331.0,,
1671501876.581618,Mouse,1076.0,325.0,,
1671501876.59238,Mouse,1078.0,321.0,,
1671501876.612384,Mouse,1080.0,310.0,,
1671501876.622408,Mouse,1080.0,304.0,,
1671501876.633362,Mouse,1080.0,300.0,,
1671501876.64343,Mouse,1082.0,294.0,,
1671501876.65348,Mouse,1083.0,289.0,,
1671501876.672371,Mouse,1084.0,279.0,,
1671501876.683619,Mouse,1084.0,273.0,,
1671501876.702618,Mouse,1088.0,261.0,,
1671501876.723362,Mouse,1092.0,245.0,,
1671501876.74237,Mouse,1096.0,226.0,,
1671501876.752446,Mouse,1097.0,218.0,,
1671501876.763355,Mouse,1099.0,209.0,,
1671501876.773642,Mouse,1100.0,201.0,,
1671501876.774237,,,,MouseEvent,"Up, Left"
1671501876.774237,Mouse,1100.0,201.0,,
1671501876.792326,Mouse,1101.0,193.0,,
1671501876.803341,Mouse,1101.0,189.0,,
1671501876.813353,Mouse,1101.0,186.0,,
1671501876.82338,Mouse,1102.0,184.0,,
1671501876.842639,Mouse,1102.0,181.0,,
1671501876.853353,Mouse,1102.0,181.0,,
1671501876.863363,Mouse,1103.0,180.0,,
1671501876.882349,Mouse,1103.0,179.0,,
