2022-12-17 10:20:29.403343,1862.0,1002.5
2022-12-17 10:20:29.443916,1862.0,1003.5
2022-12-17 10:20:29.454110,1861.0,1003.5
2022-12-17 10:20:29.463143,1856.0,1003.5
2022-12-17 10:20:29.473810,1848.0,1003.5
2022-12-17 10:20:29.483483,1839.0,1003.5
2022-12-17 10:20:29.494706,1828.0,1003.5
2022-12-17 10:20:29.503143,1815.0,1003.5
2022-12-17 10:20:29.513753,1807.0,1003.5
2022-12-17 10:20:29.523445,1796.0,1003.5
2022-12-17 10:20:29.533446,1792.0,1003.5
2022-12-17 10:20:29.543454,1789.0,1003.5
2022-12-17 10:20:29.553445,1788.0,1003.5
2022-12-17 10:20:29.563452,1783.0,1003.5
2022-12-17 10:20:29.573003,1778.0,1003.5
2022-12-17 10:20:29.584008,1770.0,1003.5
2022-12-17 10:20:29.594072,1761.0,1002.5
2022-12-17 10:20:29.604469,1753.0,999.5
2022-12-17 10:20:29.614292,1743.0,998.5
2022-12-17 10:20:29.625275,1731.0,998.5
2022-12-17 10:20:29.634277,1719.0,998.5
2022-12-17 10:20:29.644644,1709.0,998.5
2022-12-17 10:20:29.654449,1697.0,998.5
2022-12-17 10:20:29.665177,1683.0,998.5
2022-12-17 10:20:29.674150,1667.0,998.5
2022-12-17 10:20:29.683864,1656.0,998.5
2022-12-17 10:20:29.694097,1646.0,998.5
2022-12-17 10:20:29.705883,1633.0,998.5
2022-12-17 10:20:29.714390,1618.0,998.5
2022-12-17 10:20:29.724392,1603.0,998.5
2022-12-17 10:20:29.734679,1581.0,998.5
2022-12-17 10:20:29.744489,1557.0,998.5
2022-12-17 10:20:29.755516,1531.0,998.5
2022-12-17 10:20:29.765729,1509.0,998.5
2022-12-17 10:20:29.775564,1494.0,998.5
2022-12-17 10:20:29.785554,1484.0,998.5
2022-12-17 10:20:29.796554,1477.0,998.5
2022-12-17 10:20:29.805954,1470.0,998.5
2022-12-17 10:20:29.815622,1465.0,998.5
2022-12-17 10:20:29.825636,1457.0,998.5
2022-12-17 10:20:29.836313,1451.0,998.5
2022-12-17 10:20:29.845306,1448.0,998.5
2022-12-17 10:20:29.855306,1442.0,998.5
2022-12-17 10:20:29.876574,1441.0,998.5
2022-12-17 10:20:29.885307,1439.0,998.5
2022-12-17 10:20:29.895553,1436.0,998.5
2022-12-17 10:20:29.906586,1431.0,998.5
2022-12-17 10:20:29.915849,1422.0,998.5
2022-12-17 10:20:29.925106,1410.0,999.5
2022-12-17 10:20:29.935349,1401.0,1001.5
2022-12-17 10:20:29.945772,1387.0,1003.5
2022-12-17 10:20:29.955837,1373.0,1005.5
2022-12-17 10:20:29.967022,1364.0,1006.5
2022-12-17 10:20:29.975870,1356.0,1008.5
2022-12-17 10:20:29.985781,1350.0,1008.5
2022-12-17 10:20:29.995612,1343.0,1009.5
2022-12-17 10:20:30.007191,1339.0,1009.5
2022-12-17 10:20:30.015189,1335.0,1010.5
2022-12-17 10:20:30.025227,1330.0,1010.5
2022-12-17 10:20:30.035620,1327.0,1010.5
2022-12-17 10:20:30.047645,1325.0,1010.5
2022-12-17 10:20:30.054836,1323.0,1010.5
2022-12-17 10:20:30.075386,1322.0,1010.5
2022-12-17 10:20:30.084998,1320.0,1010.5
2022-12-17 10:20:30.096565,1317.0,1010.5
2022-12-17 10:20:30.217656,1316.0,1010.5
2022-12-17 10:20:30.226811,1314.0,1010.5
2022-12-17 10:20:30.237119,1314.0,1009.5
2022-12-17 10:20:30.246133,1313.0,1008.5
2022-12-17 10:20:30.257247,1313.0,1006.5
2022-12-17 10:20:30.267607,1313.0,1004.5
2022-12-17 10:20:30.277691,1313.0,1002.5
2022-12-17 10:20:30.287821,1313.0,1000.5
2022-12-17 10:20:30.297835,1313.0,998.5
2022-12-17 10:20:30.308659,1311.0,994.5
2022-12-17 10:20:30.317708,1311.0,991.5
2022-12-17 10:20:30.327038,1311.0,988.5
2022-12-17 10:20:30.337728,1310.0,985.5
2022-12-17 10:20:30.348740,1310.0,982.5
2022-12-17 10:20:30.357692,1309.0,980.5
2022-12-17 10:20:30.367698,1308.0,977.5
2022-12-17 10:20:30.377698,1307.0,974.5
2022-12-17 10:20:30.388051,1307.0,972.5
2022-12-17 10:20:30.398053,1307.0,971.5
2022-12-17 10:20:30.407999,1307.0,970.5
2022-12-17 10:20:30.417114,1307.0,969.5
2022-12-17 10:20:30.429078,1307.0,966.5
2022-12-17 10:20:30.438109,1307.0,964.5
2022-12-17 10:20:30.448002,1307.0,963.5
2022-12-17 10:20:30.457665,1307.0,960.5
2022-12-17 10:20:30.467825,1307.0,959.5
2022-12-17 10:20:30.478179,1307.0,957.5
2022-12-17 10:20:30.487429,1307.0,955.5
2022-12-17 10:20:30.498151,1307.0,952.5
2022-12-17 10:20:30.507289,1307.0,951.5
2022-12-17 10:20:30.518288,1307.0,948.5
2022-12-17 10:20:30.527295,1307.0,946.5
2022-12-17 10:20:30.537977,1307.0,944.5
2022-12-17 10:20:30.547787,1307.0,942.5
2022-12-17 10:20:30.558815,1307.0,938.5
2022-12-17 10:20:30.567815,1307.0,935.5
2022-12-17 10:20:30.577639,1307.0,932.5
2022-12-17 10:20:30.587644,1307.0,926.5
2022-12-17 10:20:30.598663,1307.0,922.5
2022-12-17 10:20:30.608794,1307.0,919.5
2022-12-17 10:20:30.618268,1307.0,914.5
2022-12-17 10:20:30.628799,1307.0,911.5
2022-12-17 10:20:30.638869,1307.0,907.5
2022-12-17 10:20:30.648903,1307.0,901.5
2022-12-17 10:20:30.658498,1307.0,898.5
2022-12-17 10:20:30.668117,1307.0,894.5
2022-12-17 10:20:30.678164,1307.0,889.5
2022-12-17 10:20:30.689507,1307.0,885.5
2022-12-17 10:20:30.698639,1307.0,880.5
2022-12-17 10:20:30.708084,1307.0,876.5
2022-12-17 10:20:30.718166,1307.0,872.5
2022-12-17 10:20:30.729832,1307.0,868.5
2022-12-17 10:20:30.738754,1307.0,864.5
2022-12-17 10:20:30.748841,1307.0,862.5
2022-12-17 10:20:30.758844,1307.0,859.5
2022-12-17 10:20:30.769416,1307.0,856.5
2022-12-17 10:20:30.779479,1307.0,855.5
2022-12-17 10:20:30.789480,1307.0,854.5
2022-12-17 10:20:30.799196,1307.0,853.5
2022-12-17 10:20:30.810052,1307.0,851.5
2022-12-17 10:20:30.829647,1307.0,850.5
2022-12-17 10:20:30.839384,1307.0,848.5
2022-12-17 10:20:30.849384,1307.0,846.5
2022-12-17 10:20:30.860612,1307.0,844.5
2022-12-17 10:20:30.869833,1307.0,841.5
2022-12-17 10:20:30.879835,1307.0,839.5
2022-12-17 10:20:30.889507,1307.0,836.5
2022-12-17 10:20:30.900486,1306.0,830.5
2022-12-17 10:20:30.909510,1304.0,825.5
2022-12-17 10:20:30.919513,1304.0,820.5
2022-12-17 10:20:30.929544,1304.0,815.5
2022-12-17 10:20:30.940516,1303.0,808.5
2022-12-17 10:20:30.949749,1302.0,803.5
2022-12-17 10:20:30.959751,1302.0,800.5
2022-12-17 10:20:30.969486,1302.0,793.5
2022-12-17 10:20:30.980512,1302.0,789.5
2022-12-17 10:20:30.990819,1302.0,784.5
2022-12-17 10:20:30.999467,1302.0,781.5
2022-12-17 10:20:31.009457,1302.0,778.5
2022-12-17 10:20:31.019698,1302.0,775.5
2022-12-17 10:20:31.030412,1302.0,771.5
2022-12-17 10:20:31.039540,1302.0,766.5
2022-12-17 10:20:31.049538,1302.0,763.5
2022-12-17 10:20:31.059540,1302.0,758.5
2022-12-17 10:20:31.070355,1302.0,754.5
2022-12-17 10:20:31.079585,1302.0,750.5
2022-12-17 10:20:31.089425,1302.0,743.5
2022-12-17 10:20:31.099220,1302.0,737.5
2022-12-17 10:20:31.110218,1302.0,729.5
2022-12-17 10:20:31.120497,1302.0,723.5
2022-12-17 10:20:31.130499,1302.0,714.5
2022-12-17 10:20:31.140237,1302.0,709.5
2022-12-17 10:20:31.151302,1302.0,702.5
2022-12-17 10:20:31.161305,1302.0,694.5
2022-12-17 10:20:31.170296,1302.0,688.5
2022-12-17 10:20:31.180185,1304.0,680.5
2022-12-17 10:20:31.190738,1304.0,673.5
2022-12-17 10:20:31.200889,1305.0,666.5
2022-12-17 10:20:31.210814,1305.0,657.5
2022-12-17 10:20:31.219858,1305.0,651.5
2022-12-17 10:20:31.230362,1305.0,642.5
2022-12-17 10:20:31.241173,1305.0,634.5
2022-12-17 10:20:31.250123,1305.0,626.5
2022-12-17 10:20:31.260710,1305.0,620.5
2022-12-17 10:20:31.269707,1306.0,615.5
2022-12-17 10:20:31.281380,1306.0,611.5
2022-12-17 10:20:31.291429,1307.0,609.5
2022-12-17 10:20:31.301383,1307.0,607.5
2022-12-17 10:20:31.362821,1307.0,606.5
2022-12-17 10:20:31.372766,1307.0,605.5
2022-12-17 10:20:31.381455,1307.0,602.5
2022-12-17 10:20:31.391463,1303.0,599.5
2022-12-17 10:20:31.401544,1300.0,596.5
2022-12-17 10:20:31.412374,1299.0,591.5
2022-12-17 10:20:31.421396,1299.0,587.5
2022-12-17 10:20:31.431394,1297.0,582.5
2022-12-17 10:20:31.441392,1297.0,580.5
2022-12-17 10:20:31.642528,1297.0,579.5
2022-12-17 10:20:31.652822,1297.0,578.5
2022-12-17 10:20:31.663678,1305.0,577.5
2022-12-17 10:20:31.673626,1311.0,576.5
2022-12-17 10:20:31.682791,1320.0,576.5
2022-12-17 10:20:31.692732,1329.0,574.5
2022-12-17 10:20:31.703783,1339.0,573.5
2022-12-17 10:20:31.713790,1351.0,572.5
2022-12-17 10:20:31.722897,1360.0,570.5
2022-12-17 10:20:31.731991,1366.0,570.5
2022-12-17 10:20:31.742826,1373.0,568.5
2022-12-17 10:20:31.753922,1378.0,568.5
2022-12-17 10:20:31.762964,1383.0,568.5
2022-12-17 10:20:31.772019,1386.0,568.5
2022-12-17 10:20:31.783057,1389.0,568.5
2022-12-17 10:20:31.793861,1392.0,568.5
2022-12-17 10:20:31.803517,1396.0,568.5
2022-12-17 10:20:31.813504,1400.0,568.5
2022-12-17 10:20:31.822826,1404.0,568.5
2022-12-17 10:20:31.834809,1411.0,566.5
2022-12-17 10:20:31.844818,1415.0,566.5
2022-12-17 10:20:31.854221,1418.0,565.5
2022-12-17 10:20:31.863257,1420.0,565.5
2022-12-17 10:20:31.874246,1421.0,565.5
2022-12-17 10:20:31.884504,1424.0,565.5
2022-12-17 10:20:31.893265,1427.0,564.5
2022-12-17 10:20:31.903301,1429.0,564.5
2022-12-17 10:20:31.914346,1431.0,564.5
2022-12-17 10:20:31.923442,1435.0,564.5
2022-12-17 10:20:31.933527,1441.0,564.5
2022-12-17 10:20:31.943724,1446.0,564.5
2022-12-17 10:20:31.953782,1451.0,564.5
2022-12-17 10:20:31.963892,1457.0,562.5
2022-12-17 10:20:31.972959,1462.0,562.5
2022-12-17 10:20:31.983416,1465.0,561.5
2022-12-17 10:20:31.993781,1467.0,561.5
2022-12-17 10:20:32.004103,1471.0,561.5
2022-12-17 10:20:32.014274,1474.0,561.5
2022-12-17 10:20:32.023239,1478.0,561.5
2022-12-17 10:20:32.033235,1481.0,561.5
2022-12-17 10:20:32.043236,1484.0,561.5
2022-12-17 10:20:32.054216,1489.0,561.5
2022-12-17 10:20:32.063248,1494.0,561.5
2022-12-17 10:20:32.073393,1500.0,561.5
2022-12-17 10:20:32.083810,1508.0,561.5
2022-12-17 10:20:32.093844,1518.0,561.5
2022-12-17 10:20:32.103539,1530.0,561.5
2022-12-17 10:20:32.113768,1538.0,561.5
2022-12-17 10:20:32.123638,1552.0,558.5
2022-12-17 10:20:32.133644,1564.0,556.5
2022-12-17 10:20:32.143820,1576.0,555.5
2022-12-17 10:20:32.154468,1586.0,552.5
2022-12-17 10:20:32.164426,1594.0,552.5
2022-12-17 10:20:32.174426,1602.0,552.5
2022-12-17 10:20:32.185813,1610.0,551.5
2022-12-17 10:20:32.194526,1621.0,551.5
2022-12-17 10:20:32.204770,1629.0,551.5
2022-12-17 10:20:32.214728,1640.0,549.5
2022-12-17 10:20:32.225494,1651.0,549.5
2022-12-17 10:20:32.234494,1659.0,549.5
2022-12-17 10:20:32.244502,1668.0,549.5
2022-12-17 10:20:32.254171,1677.0,549.5
2022-12-17 10:20:32.264171,1685.0,549.5
2022-12-17 10:20:32.273878,1693.0,549.5
2022-12-17 10:20:32.284583,1701.0,549.5
2022-12-17 10:20:32.294251,1708.0,549.5
2022-12-17 10:20:32.304870,1714.0,549.5
2022-12-17 10:20:32.315708,1721.0,549.5
2022-12-17 10:20:32.325646,1724.0,549.5
2022-12-17 10:20:32.335882,1728.0,548.5
2022-12-17 10:20:32.345463,1729.0,548.5
2022-12-17 10:20:32.356725,1731.0,548.5
2022-12-17 10:20:32.365795,1732.0,548.5
2022-12-17 10:20:32.376086,1735.0,548.5
2022-12-17 10:20:32.385119,1738.0,548.5
2022-12-17 10:20:32.396584,1745.0,548.5
2022-12-17 10:20:32.405819,1750.0,548.5
2022-12-17 10:20:32.415570,1757.0,548.5
2022-12-17 10:20:32.425576,1766.0,548.5
2022-12-17 10:20:32.436561,1775.0,548.5
2022-12-17 10:20:32.445602,1786.0,548.5
2022-12-17 10:20:32.455184,1794.0,548.5
2022-12-17 10:20:32.465227,1803.0,548.5
2022-12-17 10:20:32.475099,1809.0,548.5
2022-12-17 10:20:32.484777,1814.0,548.5
2022-12-17 10:20:32.566677,1815.0,548.5
2022-12-17 10:20:32.575716,1816.0,548.5
2022-12-17 10:20:32.585405,1818.0,548.5
2022-12-17 10:20:32.595937,1824.0,547.5
2022-12-17 10:20:32.606685,1834.0,545.5
2022-12-17 10:20:32.615969,1846.0,543.5
2022-12-17 10:20:32.625059,1857.0,539.5
2022-12-17 10:20:32.635742,1864.0,538.5
2022-12-17 10:20:32.697232,1867.0,537.5
2022-12-17 10:20:33.609658,1867.0,537.5
2022-12-17 10:20:33.711000,1867.0,537.5
2022-12-17 10:20:33.721923,1866.0,537.5
2022-12-17 10:20:33.730833,1865.0,537.5
2022-12-17 10:20:33.740067,1865.0,537.5
2022-12-17 10:20:33.750066,1863.0,537.5
2022-12-17 10:20:34.363618,1863.0,536.5
2022-12-17 10:20:34.373432,1863.0,535.5
2022-12-17 10:20:34.383393,1863.0,534.5
2022-12-17 10:20:34.393975,1863.0,533.5
2022-12-17 10:20:34.404722,1863.0,530.5
2022-12-17 10:20:34.413556,1863.0,528.5
2022-12-17 10:20:34.423557,1862.0,525.5
2022-12-17 10:20:34.433556,1862.0,520.5
2022-12-17 10:20:34.444556,1861.0,513.5
2022-12-17 10:20:34.453563,1860.0,507.5
2022-12-17 10:20:34.463823,1859.0,499.5
2022-12-17 10:20:34.473726,1858.0,489.5
2022-12-17 10:20:34.484735,1856.0,480.5
2022-12-17 10:20:34.493821,1856.0,468.5
2022-12-17 10:20:34.503663,1856.0,459.5
2022-12-17 10:20:34.513821,1856.0,448.5
2022-12-17 10:20:34.523877,1856.0,436.5
2022-12-17 10:20:34.533716,1856.0,427.5
2022-12-17 10:20:34.543390,1856.0,419.5
2022-12-17 10:20:34.553586,1856.0,411.5
2022-12-17 10:20:34.563600,1856.0,403.5
2022-12-17 10:20:34.574641,1856.0,397.5
2022-12-17 10:20:34.583751,1856.0,389.5
2022-12-17 10:20:34.593496,1856.0,383.5
2022-12-17 10:20:34.603309,1856.0,378.5
2022-12-17 10:20:34.614309,1856.0,371.5
2022-12-17 10:20:34.623358,1856.0,365.5
2022-12-17 10:20:34.633353,1856.0,359.5
2022-12-17 10:20:34.643409,1856.0,353.5
2022-12-17 10:20:34.654742,1856.0,346.5
2022-12-17 10:20:34.663668,1856.0,338.5
2022-12-17 10:20:34.673384,1856.0,332.5
2022-12-17 10:20:34.683520,1856.0,324.5
2022-12-17 10:20:34.693786,1856.0,317.5
2022-12-17 10:20:34.704560,1856.0,309.5
2022-12-17 10:20:34.714892,1856.0,304.5
2022-12-17 10:20:34.724815,1856.0,298.5
2022-12-17 10:20:34.734057,1854.0,292.5
2022-12-17 10:20:34.745331,1854.0,286.5
2022-12-17 10:20:34.754586,1854.0,280.5
2022-12-17 10:20:34.764547,1854.0,277.5
2022-12-17 10:20:34.774769,1854.0,271.5
2022-12-17 10:20:34.785788,1854.0,267.5
2022-12-17 10:20:34.794512,1854.0,263.5
2022-12-17 10:20:34.804507,1854.0,259.5
2022-12-17 10:20:34.814548,1854.0,255.5
2022-12-17 10:20:34.825776,1854.0,250.5
2022-12-17 10:20:34.834317,1854.0,245.5
2022-12-17 10:20:34.844554,1854.0,241.5
2022-12-17 10:20:34.854772,1854.0,235.5
2022-12-17 10:20:34.864536,1854.0,228.5
2022-12-17 10:20:34.875536,1854.0,221.5
2022-12-17 10:20:34.885576,1854.0,213.5
2022-12-17 10:20:34.895555,1854.0,206.5
2022-12-17 10:20:34.905543,1854.0,197.5
2022-12-17 10:20:34.916543,1854.0,189.5
2022-12-17 10:20:34.925542,1854.0,181.5
2022-12-17 10:20:34.935542,1854.0,174.5
2022-12-17 10:20:34.945298,1854.0,166.5
2022-12-17 10:20:34.956298,1854.0,159.5
2022-12-17 10:20:34.965330,1854.0,151.5
2022-12-17 10:20:34.975303,1854.0,143.5
2022-12-17 10:20:34.985425,1854.0,135.5
2022-12-17 10:20:34.996421,1852.0,126.5
2022-12-17 10:20:35.005434,1851.0,117.5
2022-12-17 10:20:35.015434,1851.0,111.5
2022-12-17 10:20:35.025532,1851.0,102.5
2022-12-17 10:20:35.036534,1851.0,94.5
2022-12-17 10:20:35.045741,1850.0,85.5
2022-12-17 10:20:35.055739,1850.0,79.5
2022-12-17 10:20:35.065533,1848.0,70.5
2022-12-17 10:20:35.075372,1848.0,65.5
2022-12-17 10:20:35.086469,1847.0,61.5
2022-12-17 10:20:35.095430,1847.0,57.5
2022-12-17 10:20:35.105627,1847.0,56.5
2022-12-17 10:20:35.246826,1847.0,55.5
2022-12-17 10:20:35.316789,1846.0,55.5
2022-12-17 10:20:35.326086,1844.0,54.5
2022-12-17 10:20:35.337838,1842.0,54.5
2022-12-17 10:20:35.346807,1838.0,53.5
2022-12-17 10:20:35.356600,1833.0,52.5
2022-12-17 10:20:35.366654,1826.0,51.5
2022-12-17 10:20:35.377492,1818.0,50.5
2022-12-17 10:20:35.387664,1815.0,50.5
2022-12-17 10:20:35.397307,1812.0,49.5
2022-12-17 10:20:35.407274,1811.0,49.5
2022-12-17 10:20:35.417721,1809.0,49.5
2022-12-17 10:20:35.428468,1806.0,49.5
2022-12-17 10:20:35.437822,1805.0,49.5
2022-12-17 10:20:35.447855,1801.0,49.5
2022-12-17 10:20:35.457853,1795.0,49.5
2022-12-17 10:20:35.468469,1791.0,48.5
2022-12-17 10:20:35.477477,1785.0,47.5
2022-12-17 10:20:35.487165,1781.0,47.5
2022-12-17 10:20:35.497075,1777.0,46.5
2022-12-17 10:20:35.508460,1774.0,46.5
2022-12-17 10:20:35.517635,1771.0,45.5
2022-12-17 10:20:35.527293,1769.0,45.5
2022-12-17 10:20:35.537293,1766.0,45.5
2022-12-17 10:20:35.548541,1763.0,45.5
2022-12-17 10:20:35.557361,1759.0,45.5
2022-12-17 10:20:35.567421,1754.0,45.5
2022-12-17 10:20:35.577798,1745.0,45.5
2022-12-17 10:20:35.587235,1737.0,45.5
2022-12-17 10:20:35.598240,1725.0,45.5
2022-12-17 10:20:35.607200,1709.0,45.5
2022-12-17 10:20:35.616939,1696.0,45.5
2022-12-17 10:20:35.626936,1678.0,45.5
2022-12-17 10:20:35.638438,1661.0,45.5
2022-12-17 10:20:35.647375,1650.0,45.5
2022-12-17 10:20:35.657402,1642.0,45.5
2022-12-17 10:20:35.667404,1633.0,45.5
2022-12-17 10:20:35.678672,1627.0,45.5
2022-12-17 10:20:35.687103,1618.0,45.5
2022-12-17 10:20:35.697701,1611.0,45.5
2022-12-17 10:20:35.707266,1599.0,45.5
2022-12-17 10:20:35.718511,1588.0,45.5
2022-12-17 10:20:35.728479,1576.0,45.5
2022-12-17 10:20:35.738514,1565.0,45.5
2022-12-17 10:20:35.749105,1554.0,45.5
2022-12-17 10:20:35.758135,1544.0,45.5
2022-12-17 10:20:35.769415,1537.0,45.5
2022-12-17 10:20:35.779097,1529.0,45.5
2022-12-17 10:20:35.788094,1522.0,45.5
2022-12-17 10:20:35.797898,1512.0,45.5
2022-12-17 10:20:35.809899,1504.0,45.5
2022-12-17 10:20:35.818291,1495.0,45.5
2022-12-17 10:20:35.828256,1488.0,45.5
2022-12-17 10:20:35.838494,1480.0,45.5
2022-12-17 10:20:35.849810,1472.0,45.5
2022-12-17 10:20:35.857994,1463.0,45.5
2022-12-17 10:20:35.868033,1455.0,45.5
2022-12-17 10:20:35.878433,1446.0,45.5
2022-12-17 10:20:35.889368,1436.0,45.5
2022-12-17 10:20:35.899527,1426.0,45.5
2022-12-17 10:20:35.909717,1415.0,45.5
2022-12-17 10:20:35.919463,1400.0,45.5
2022-12-17 10:20:35.929462,1390.0,45.5
2022-12-17 10:20:35.940544,1378.0,45.5
2022-12-17 10:20:35.949560,1370.0,45.5
2022-12-17 10:20:35.959559,1361.0,45.5
2022-12-17 10:20:35.969578,1353.0,45.5
2022-12-17 10:20:35.980398,1347.0,45.5
2022-12-17 10:20:35.989367,1340.0,45.5
2022-12-17 10:20:35.999369,1331.0,45.5
2022-12-17 10:20:36.009686,1323.0,45.5
2022-12-17 10:20:36.020363,1313.0,45.5
2022-12-17 10:20:36.029372,1302.0,45.5
2022-12-17 10:20:36.039025,1292.0,45.5
2022-12-17 10:20:36.049637,1279.0,45.5
2022-12-17 10:20:36.059642,1268.0,45.5
2022-12-17 10:20:36.070048,1255.0,45.5
2022-12-17 10:20:36.079295,1241.0,45.5
2022-12-17 10:20:36.089294,1222.0,45.5
2022-12-17 10:20:36.098936,1204.0,45.5
2022-12-17 10:20:36.110709,1189.0,45.5
2022-12-17 10:20:36.119717,1178.0,45.5
2022-12-17 10:20:36.129885,1170.0,45.5
2022-12-17 10:20:36.139887,1161.0,45.5
2022-12-17 10:20:36.150445,1153.0,45.5
2022-12-17 10:20:36.159452,1144.0,45.5
2022-12-17 10:20:36.169789,1136.0,45.5
2022-12-17 10:20:36.180466,1125.0,45.5
2022-12-17 10:20:36.190465,1115.0,45.5
2022-12-17 10:20:36.199044,1104.0,45.5
2022-12-17 10:20:36.209048,1096.0,45.5
2022-12-17 10:20:36.219120,1085.0,45.5
2022-12-17 10:20:36.230133,1076.0,45.5
2022-12-17 10:20:36.240394,1068.0,45.5
2022-12-17 10:20:36.250588,1059.0,45.5
2022-12-17 10:20:36.260593,1051.0,45.5
2022-12-17 10:20:36.270293,1042.0,45.5
2022-12-17 10:20:36.281842,1036.0,45.5
2022-12-17 10:20:36.289880,1030.0,45.5
2022-12-17 10:20:36.300277,1026.0,45.5
2022-12-17 10:20:36.310443,1021.0,45.5
2022-12-17 10:20:36.321213,1015.0,45.5
2022-12-17 10:20:36.330243,1009.0,45.5
2022-12-17 10:20:36.340293,1004.0,45.5
2022-12-17 10:20:36.350931,998.0,45.5
2022-12-17 10:20:36.361444,994.0,45.5
2022-12-17 10:20:36.370394,991.0,45.5
2022-12-17 10:20:36.380376,986.0,45.5
2022-12-17 10:20:36.390719,980.0,45.5
2022-12-17 10:20:36.401911,973.0,45.5
2022-12-17 10:20:36.411332,963.0,45.5
2022-12-17 10:20:36.421325,953.0,45.5
2022-12-17 10:20:36.431358,942.0,45.5
2022-12-17 10:20:36.441501,932.0,45.5
2022-12-17 10:20:36.452612,923.0,45.5
2022-12-17 10:20:36.461512,914.0,45.5
2022-12-17 10:20:36.471634,904.0,45.5
2022-12-17 10:20:36.482020,894.0,45.5
2022-12-17 10:20:36.492086,885.0,45.5
2022-12-17 10:20:36.501798,878.0,45.5
2022-12-17 10:20:36.511709,875.0,45.5
2022-12-17 10:20:36.521758,871.0,45.5
2022-12-17 10:20:36.532896,866.0,45.5
2022-12-17 10:20:36.541796,859.0,45.5
2022-12-17 10:20:36.551789,852.0,45.5
2022-12-17 10:20:36.561751,843.0,45.5
2022-12-17 10:20:36.572566,834.0,45.5
2022-12-17 10:20:36.581946,826.0,45.5
2022-12-17 10:20:36.591906,821.0,45.5
2022-12-17 10:20:36.601566,818.0,45.5
2022-12-17 10:20:36.611572,817.0,45.5
2022-12-17 10:20:36.622572,815.0,45.5
2022-12-17 10:20:36.631579,813.0,45.5
2022-12-17 10:20:36.641571,811.0,45.5
2022-12-17 10:20:36.651571,810.0,45.5
2022-12-17 10:20:36.672618,809.0,45.5
2022-12-17 10:20:36.681953,807.0,45.5
2022-12-17 10:20:36.692330,805.0,45.5
2022-12-17 10:20:36.702957,802.0,45.5
2022-12-17 10:20:36.711934,796.0,45.5
2022-12-17 10:20:36.721437,792.0,45.5
2022-12-17 10:20:36.731820,789.0,45.5
2022-12-17 10:20:36.782290,786.0,45.5
2022-12-17 10:20:36.793295,784.0,45.5
2022-12-17 10:20:36.802517,780.0,45.5
2022-12-17 10:20:36.812295,778.0,45.5
2022-12-17 10:20:36.822811,775.0,45.5
2022-12-17 10:20:36.833779,772.0,46.5
2022-12-17 10:20:36.841865,771.0,46.5
2022-12-17 10:20:36.851873,769.0,46.5
2022-12-17 10:20:36.954103,768.0,46.5
2022-12-17 10:20:36.964141,767.0,47.5
2022-12-17 10:20:36.973465,765.0,48.5
2022-12-17 10:20:36.983453,764.0,49.5
2022-12-17 10:20:36.993460,763.0,49.5
2022-12-17 10:20:37.004220,763.0,50.5
2022-12-17 10:20:37.013203,763.0,51.5
2022-12-17 10:20:37.023161,762.0,51.5
2022-12-17 10:20:37.033535,762.0,53.5
2022-12-17 10:20:37.044286,761.0,54.5
2022-12-17 10:20:37.053288,760.0,55.5
2022-12-17 10:20:37.063691,760.0,56.5
2022-12-17 10:20:37.073533,759.0,58.5
2022-12-17 10:20:37.084533,758.0,60.5
2022-12-17 10:20:37.093255,758.0,61.5
2022-12-17 10:20:37.103402,757.0,62.5
2022-12-17 10:20:37.113395,757.0,64.5
2022-12-17 10:20:37.124498,756.0,67.5
2022-12-17 10:20:37.135005,755.0,70.5
2022-12-17 10:20:37.143028,753.0,75.5
2022-12-17 10:20:37.153779,751.0,79.5
2022-12-17 10:20:37.163801,750.0,83.5
2022-12-17 10:20:37.174335,749.0,87.5
2022-12-17 10:20:37.183367,749.0,90.5
2022-12-17 10:20:37.192997,748.0,92.5
2022-12-17 10:20:37.202752,748.0,93.5
2022-12-17 10:20:37.213907,747.0,95.5
2022-12-17 10:20:37.223473,747.0,96.5
2022-12-17 10:20:37.233500,746.0,97.5
2022-12-17 10:20:37.243132,746.0,99.5
2022-12-17 10:20:37.254067,746.0,100.5
2022-12-17 10:20:37.264128,745.0,101.5
2022-12-17 10:20:37.274139,744.0,104.5
2022-12-17 10:20:37.284205,743.0,107.5
2022-12-17 10:20:37.295073,743.0,110.5
2022-12-17 10:20:37.304749,743.0,111.5
2022-12-17 10:20:37.314787,741.0,115.5
2022-12-17 10:20:37.324694,740.0,118.5
2022-12-17 10:20:37.334484,739.0,120.5
2022-12-17 10:20:37.345412,738.0,124.5
2022-12-17 10:20:37.354017,737.0,128.5
2022-12-17 10:20:37.364710,736.0,133.5
2022-12-17 10:20:37.374758,734.0,139.5
2022-12-17 10:20:37.385164,732.0,145.5
2022-12-17 10:20:37.395176,730.0,152.5
2022-12-17 10:20:37.404957,728.0,158.5
2022-12-17 10:20:37.414005,727.0,164.5
2022-12-17 10:20:37.425808,725.0,172.5
2022-12-17 10:20:37.434927,723.0,178.5
2022-12-17 10:20:37.444928,721.0,185.5
2022-12-17 10:20:37.455931,720.0,190.5
2022-12-17 10:20:37.466849,717.0,197.5
2022-12-17 10:20:37.476894,717.0,201.5
2022-12-17 10:20:37.485831,716.0,209.5
2022-12-17 10:20:39.673504,716.0,209.5
2022-12-17 10:20:39.684486,717.0,209.5
2022-12-17 10:20:40.396643,719.0,210.5
2022-12-17 10:20:40.417412,719.0,209.5
2022-12-17 10:20:40.436644,720.0,209.5
2022-12-17 10:20:40.446102,722.0,210.5
2022-12-17 10:20:40.457114,725.0,211.5
2022-12-17 10:20:40.466845,727.0,212.5
2022-12-17 10:20:40.475845,729.0,212.5
2022-12-17 10:20:40.497806,730.0,214.5
2022-12-17 10:20:40.507940,731.0,215.5
2022-12-17 10:20:40.517293,731.0,216.5
2022-12-17 10:20:40.527300,731.0,217.5
2022-12-17 10:20:40.537937,731.0,219.5
2022-12-17 10:20:40.548511,731.0,220.5
2022-12-17 10:20:40.557524,731.0,222.5
2022-12-17 10:20:40.567691,731.0,223.5
2022-12-17 10:20:40.578678,731.0,226.5
2022-12-17 10:20:40.588719,731.0,229.5
2022-12-17 10:20:40.597652,731.0,231.5
2022-12-17 10:20:40.608639,731.0,234.5
2022-12-17 10:20:40.618067,731.0,237.5
2022-12-17 10:20:40.629169,731.0,240.5
2022-12-17 10:20:40.637782,731.0,242.5
2022-12-17 10:20:40.647812,731.0,245.5
2022-12-17 10:20:40.657326,731.0,247.5
2022-12-17 10:20:40.668621,730.0,251.5
2022-12-17 10:20:40.677760,729.0,256.5
2022-12-17 10:20:40.687174,729.0,262.5
2022-12-17 10:20:40.697785,728.0,267.5
2022-12-17 10:20:40.708567,726.0,276.5
2022-12-17 10:20:40.718795,726.0,283.5
2022-12-17 10:20:40.727760,724.0,291.5
2022-12-17 10:20:40.737300,723.0,299.5
2022-12-17 10:20:40.748417,723.0,307.5
2022-12-17 10:20:40.758634,722.0,316.5
2022-12-17 10:20:40.767113,719.0,326.5
2022-12-17 10:20:40.777163,718.0,333.5
2022-12-17 10:20:40.788196,717.0,340.5
2022-12-17 10:20:40.798741,716.0,348.5
2022-12-17 10:20:41.782366,716.0,348.5
2022-12-17 10:20:41.791366,719.0,348.5
2022-12-17 10:20:42.363412,721.0,348.5
2022-12-17 10:20:42.374794,721.0,349.5
2022-12-17 10:20:42.384528,722.0,355.5
2022-12-17 10:20:42.394556,724.0,361.5
2022-12-17 10:20:42.404489,726.0,367.5
2022-12-17 10:20:42.415427,727.0,372.5
2022-12-17 10:20:42.425394,728.0,377.5
2022-12-17 10:20:42.434987,728.0,382.5
2022-12-17 10:20:42.444664,728.0,384.5
2022-12-17 10:20:42.455609,728.0,386.5
2022-12-17 10:20:42.465695,728.0,389.5
2022-12-17 10:20:42.474759,728.0,390.5
2022-12-17 10:20:42.484641,728.0,392.5
2022-12-17 10:20:42.495642,728.0,394.5
2022-12-17 10:20:42.505231,728.0,396.5
2022-12-17 10:20:42.514230,728.0,398.5
2022-12-17 10:20:42.524224,728.0,400.5
2022-12-17 10:20:42.534847,728.0,401.5
2022-12-17 10:20:42.545281,727.0,404.5
2022-12-17 10:20:42.555306,727.0,407.5
2022-12-17 10:20:42.565383,727.0,411.5
2022-12-17 10:20:42.575328,727.0,412.5
2022-12-17 10:20:42.586321,727.0,413.5
2022-12-17 10:20:42.596328,727.0,414.5
2022-12-17 10:20:42.605788,726.0,415.5
2022-12-17 10:20:42.615727,726.0,416.5
2022-12-17 10:20:42.626742,726.0,419.5
2022-12-17 10:20:42.636780,725.0,421.5
2022-12-17 10:20:42.645302,725.0,425.5
2022-12-17 10:20:42.655136,725.0,429.5
2022-12-17 10:20:42.666538,725.0,433.5
2022-12-17 10:20:42.676375,725.0,438.5
2022-12-17 10:20:42.685375,725.0,443.5
2022-12-17 10:20:42.695685,725.0,444.5
2022-12-17 10:20:42.705377,725.0,447.5
2022-12-17 10:20:42.716369,725.0,449.5
2022-12-17 10:20:42.725376,725.0,450.5
2022-12-17 10:20:42.735385,726.0,452.5
2022-12-17 10:20:42.745782,727.0,453.5
2022-12-17 10:20:42.756783,728.0,455.5
2022-12-17 10:20:42.766919,729.0,456.5
2022-12-17 10:20:42.775746,730.0,459.5
2022-12-17 10:20:42.785990,733.0,461.5
2022-12-17 10:20:42.795979,737.0,463.5
2022-12-17 10:20:42.806984,741.0,466.5
2022-12-17 10:20:42.814979,745.0,469.5
2022-12-17 10:20:42.824985,747.0,470.5
2022-12-17 10:20:42.836698,750.0,471.5
2022-12-17 10:20:42.845769,751.0,473.5
2022-12-17 10:20:42.855775,753.0,474.5
2022-12-17 10:20:42.875885,754.0,476.5
2022-12-17 10:20:42.886625,755.0,476.5
2022-12-17 10:20:42.906674,758.0,477.5
2022-12-17 10:20:42.916089,761.0,478.5
2022-12-17 10:20:42.927132,764.0,478.5
2022-12-17 10:20:42.937739,767.0,479.5
2022-12-17 10:20:42.946480,773.0,483.5
2022-12-17 10:20:42.956578,780.0,484.5
2022-12-17 10:20:42.967578,788.0,488.5
2022-12-17 10:20:42.977578,793.0,488.5
2022-12-17 10:20:42.986585,799.0,491.5
2022-12-17 10:20:42.996585,803.0,492.5
2022-12-17 10:20:43.007584,808.0,492.5
2022-12-17 10:20:43.017593,813.0,494.5
2022-12-17 10:20:43.026593,819.0,495.5
2022-12-17 10:20:43.036599,824.0,495.5
2022-12-17 10:20:43.046082,831.0,495.5
2022-12-17 10:20:43.057089,835.0,496.5
2022-12-17 10:20:43.068136,840.0,496.5
2022-12-17 10:20:43.078291,845.0,498.5
2022-12-17 10:20:43.087328,850.0,498.5
2022-12-17 10:20:43.098539,854.0,499.5
2022-12-17 10:20:43.108770,858.0,499.5
2022-12-17 10:20:43.117794,862.0,499.5
2022-12-17 10:20:43.127810,868.0,500.5
2022-12-17 10:20:43.138243,873.0,502.5
2022-12-17 10:20:43.148969,881.0,503.5
2022-12-17 10:20:43.157227,886.0,503.5
2022-12-17 10:20:43.167524,894.0,503.5
2022-12-17 10:20:43.178863,901.0,504.5
2022-12-17 10:20:43.187888,910.0,504.5
2022-12-17 10:20:43.197896,918.0,504.5
2022-12-17 10:20:43.207039,924.0,504.5
2022-12-17 10:20:43.218122,932.0,504.5
2022-12-17 10:20:43.228154,940.0,504.5
2022-12-17 10:20:43.236990,948.0,504.5
2022-12-17 10:20:43.247799,956.0,504.5
2022-12-17 10:20:43.257838,963.0,504.5
2022-12-17 10:20:43.268844,968.0,504.5
2022-12-17 10:20:43.278675,972.0,504.5
2022-12-17 10:20:43.287716,976.0,503.5
2022-12-17 10:20:43.297271,977.0,503.5
2022-12-17 10:20:43.318432,979.0,502.5
2022-12-17 10:20:43.337712,981.0,502.5
2022-12-17 10:20:43.348809,985.0,501.5
2022-12-17 10:20:43.359195,986.0,500.5
2022-12-17 10:20:43.377717,988.0,499.5
2022-12-17 10:20:43.418113,990.0,499.5
2022-12-17 10:20:43.428351,991.0,498.5
2022-12-17 10:20:43.439617,995.0,497.5
2022-12-17 10:20:43.449822,1000.0,495.5
2022-12-17 10:20:43.458442,1008.0,493.5
2022-12-17 10:20:43.468370,1014.0,490.5
2022-12-17 10:20:43.479368,1023.0,486.5
2022-12-17 10:20:43.489377,1030.0,482.5
2022-12-17 10:20:43.497916,1036.0,480.5
2022-12-17 10:20:43.508693,1040.0,479.5
2022-12-17 10:20:43.519728,1041.0,478.5
2022-12-17 10:20:43.529803,1044.0,477.5
2022-12-17 10:20:43.538749,1044.0,476.5
2022-12-17 10:20:43.600886,1045.0,476.5
2022-12-17 10:20:43.611060,1046.0,476.5
2022-12-17 10:20:43.620040,1047.0,476.5
2022-12-17 10:20:43.629761,1048.0,476.5
2022-12-17 10:20:43.639277,1050.0,476.5
2022-12-17 10:20:43.650278,1052.0,476.5
2022-12-17 10:20:43.669752,1053.0,476.5
2022-12-17 10:20:43.679697,1055.0,476.5
2022-12-17 10:20:43.690702,1056.0,476.5
2022-12-17 10:20:43.700253,1058.0,476.5
2022-12-17 10:20:43.709251,1062.0,476.5
2022-12-17 10:20:43.719255,1065.0,476.5
2022-12-17 10:20:43.730516,1069.0,476.5
2022-12-17 10:20:43.739873,1075.0,476.5
2022-12-17 10:20:43.749051,1079.0,476.5
2022-12-17 10:20:43.769854,1082.0,476.5
2022-12-17 10:20:43.779859,1083.0,476.5
2022-12-17 10:20:43.790018,1084.0,476.5
2022-12-17 10:20:43.809371,1085.0,476.5
2022-12-17 10:20:43.820608,1087.0,476.5
2022-12-17 10:20:43.830449,1092.0,478.5
2022-12-17 10:20:43.839480,1097.0,480.5
2022-12-17 10:20:43.849519,1102.0,482.5
2022-12-17 10:20:43.860667,1107.0,485.5
2022-12-17 10:20:43.870591,1113.0,488.5
2022-12-17 10:20:43.879604,1117.0,492.5
2022-12-17 10:20:43.889543,1119.0,494.5
2022-12-17 10:20:43.900348,1121.0,495.5
2022-12-17 10:20:43.910519,1122.0,497.5
2022-12-17 10:20:43.930643,1124.0,499.5
2022-12-17 10:20:43.961065,1124.0,500.5
2022-12-17 10:20:43.980679,1125.0,501.5
2022-12-17 10:20:43.991481,1125.0,503.5
2022-12-17 10:20:44.001504,1125.0,506.5
2022-12-17 10:20:44.010503,1125.0,509.5
2022-12-17 10:20:44.020625,1125.0,512.5
2022-12-17 10:20:44.031677,1125.0,516.5
2022-12-17 10:20:44.041795,1125.0,521.5
2022-12-17 10:20:44.050793,1125.0,528.5
2022-12-17 10:20:44.060336,1125.0,533.5
2022-12-17 10:20:44.071143,1125.0,541.5
2022-12-17 10:20:44.081230,1125.0,548.5
2022-12-17 10:20:44.091650,1125.0,557.5
2022-12-17 10:20:44.101448,1125.0,565.5
2022-12-17 10:20:44.112480,1125.0,575.5
2022-12-17 10:20:44.122783,1125.0,584.5
2022-12-17 10:20:44.132746,1125.0,593.5
2022-12-17 10:20:44.141745,1125.0,601.5
2022-12-17 10:20:44.151587,1125.0,608.5
2022-12-17 10:20:44.162508,1125.0,612.5
2022-12-17 10:20:44.172302,1125.0,618.5
2022-12-17 10:20:44.181342,1125.0,623.5
2022-12-17 10:20:44.191770,1125.0,627.5
2022-12-17 10:20:44.202576,1125.0,630.5
2022-12-17 10:20:44.212578,1125.0,633.5
2022-12-17 10:20:44.231782,1125.0,636.5
2022-12-17 10:20:44.262003,1125.0,638.5
2022-12-17 10:20:44.292185,1125.0,639.5
2022-12-17 10:20:44.302923,1125.0,640.5
2022-12-17 10:20:44.310965,1125.0,641.5
2022-12-17 10:20:44.321815,1125.0,644.5
2022-12-17 10:20:44.332594,1125.0,645.5
2022-12-17 10:20:44.342594,1125.0,648.5
2022-12-17 10:20:44.351358,1125.0,651.5
2022-12-17 10:20:44.361516,1125.0,657.5
2022-12-17 10:20:44.372593,1126.0,661.5
2022-12-17 10:20:44.382554,1126.0,666.5
2022-12-17 10:20:44.391838,1126.0,670.5
2022-12-17 10:20:44.402866,1128.0,675.5
2022-12-17 10:20:44.413488,1129.0,680.5
2022-12-17 10:20:44.423470,1129.0,684.5
2022-12-17 10:20:44.432066,1129.0,690.5
2022-12-17 10:20:44.442302,1129.0,694.5
2022-12-17 10:20:44.453561,1129.0,697.5
2022-12-17 10:20:44.463902,1129.0,699.5
2022-12-17 10:20:44.472907,1129.0,701.5
2022-12-17 10:20:44.482524,1129.0,703.5
2022-12-17 10:20:44.493157,1129.0,704.5
2022-12-17 10:20:44.503134,1129.0,705.5
2022-12-17 10:20:44.513135,1129.0,706.5
2022-12-17 10:20:44.522207,1129.0,707.5
2022-12-17 10:20:44.532198,1129.0,708.5
2022-12-17 10:20:44.543207,1129.0,709.5
2022-12-17 10:20:44.552886,1129.0,711.5
2022-12-17 10:20:44.562505,1129.0,713.5
2022-12-17 10:20:44.572505,1129.0,716.5
2022-12-17 10:20:44.583205,1129.0,720.5
2022-12-17 10:20:44.594346,1129.0,725.5
2022-12-17 10:20:44.603859,1129.0,730.5
2022-12-17 10:20:44.613992,1129.0,736.5
2022-12-17 10:20:44.624264,1129.0,743.5
2022-12-17 10:20:44.634019,1129.0,750.5
2022-12-17 10:20:44.644426,1129.0,758.5
2022-12-17 10:20:44.653118,1129.0,763.5
2022-12-17 10:20:44.664059,1129.0,767.5
2022-12-17 10:20:44.674225,1129.0,772.5
2022-12-17 10:20:44.683900,1129.0,776.5
2022-12-17 10:20:44.693454,1129.0,780.5
2022-12-17 10:20:44.703442,1129.0,783.5
2022-12-17 10:20:44.714488,1129.0,787.5
2022-12-17 10:20:44.724735,1129.0,792.5
2022-12-17 10:20:44.733727,1129.0,797.5
2022-12-17 10:20:44.743849,1129.0,801.5
2022-12-17 10:20:44.755423,1129.0,805.5
2022-12-17 10:20:44.764384,1129.0,809.5
2022-12-17 10:20:44.773384,1129.0,816.5
2022-12-17 10:20:44.783354,1129.0,824.5
2022-12-17 10:20:44.794353,1129.0,833.5
2022-12-17 10:20:44.804353,1129.0,843.5
2022-12-17 10:20:44.814653,1129.0,851.5
2022-12-17 10:20:44.823208,1129.0,861.5
2022-12-17 10:20:44.834208,1129.0,867.5
2022-12-17 10:20:44.844229,1129.0,875.5
2022-12-17 10:20:44.854774,1129.0,879.5
2022-12-17 10:20:44.863727,1129.0,885.5
2022-12-17 10:20:44.873229,1129.0,890.5
2022-12-17 10:20:44.884289,1129.0,895.5
2022-12-17 10:20:44.894272,1129.0,900.5
2022-12-17 10:20:44.903310,1129.0,905.5
2022-12-17 10:20:44.913367,1129.0,907.5
2022-12-17 10:20:44.924323,1129.0,910.5
2022-12-17 10:20:44.934372,1129.0,911.5
2022-12-17 10:20:44.944424,1129.0,913.5
2022-12-17 10:20:44.954169,1129.0,914.5
2022-12-17 10:20:44.965198,1129.0,917.5
2022-12-17 10:20:44.975151,1129.0,918.5
2022-12-17 10:20:44.985389,1129.0,921.5
2022-12-17 10:20:44.994263,1129.0,924.5
2022-12-17 10:20:45.005374,1129.0,927.5
2022-12-17 10:20:45.015383,1129.0,932.5
2022-12-17 10:20:45.025374,1129.0,935.5
2022-12-17 10:20:45.034374,1129.0,940.5
2022-12-17 10:20:45.045738,1129.0,945.5
2022-12-17 10:20:45.055778,1129.0,948.5
2022-12-17 10:20:45.065736,1129.0,951.5
2022-12-17 10:20:45.073871,1129.0,956.5
2022-12-17 10:20:45.084877,1129.0,959.5
2022-12-17 10:20:45.095454,1129.0,962.5
2022-12-17 10:20:45.105385,1129.0,966.5
2022-12-17 10:20:45.115821,1129.0,968.5
2022-12-17 10:20:45.125745,1129.0,970.5
2022-12-17 10:20:45.136034,1129.0,972.5
2022-12-17 10:20:45.146501,1129.0,975.5
2022-12-17 10:20:45.156493,1129.0,976.5
2022-12-17 10:20:45.165497,1129.0,978.5
2022-12-17 10:20:45.176498,1129.0,981.5
2022-12-17 10:20:45.186499,1129.0,984.5
2022-12-17 10:20:45.196460,1129.0,985.5
2022-12-17 10:20:45.205274,1129.0,986.5
2022-12-17 10:20:45.226466,1129.0,988.5
2022-12-17 10:20:45.236476,1129.0,989.5
2022-12-17 10:20:45.245553,1128.0,991.5
2022-12-17 10:20:45.255630,1128.0,992.5
2022-12-17 10:20:45.276768,1127.0,992.5
2022-12-17 10:20:45.285745,1126.0,992.5
2022-12-17 10:20:45.295808,1124.0,994.5
2022-12-17 10:20:45.306822,1123.0,994.5
2022-12-17 10:20:45.316014,1121.0,994.5
2022-12-17 10:20:45.326065,1118.0,994.5
2022-12-17 10:20:45.335266,1114.0,994.5
2022-12-17 10:20:45.346773,1112.0,994.5
2022-12-17 10:20:45.356701,1109.0,994.5
2022-12-17 10:20:45.366702,1106.0,994.5
2022-12-17 10:20:45.375735,1103.0,995.5
2022-12-17 10:20:45.387092,1101.0,995.5
2022-12-17 10:20:45.396841,1096.0,995.5
2022-12-17 10:20:45.406337,1092.0,995.5
2022-12-17 10:20:45.415417,1082.0,995.5
2022-12-17 10:20:45.425400,1073.0,995.5
2022-12-17 10:20:45.436472,1058.0,995.5
2022-12-17 10:20:45.446666,1045.0,995.5
2022-12-17 10:20:45.456757,1034.0,995.5
2022-12-17 10:20:45.466790,1025.0,995.5
2022-12-17 10:20:45.477757,1022.0,995.5
2022-12-17 10:20:45.487436,1018.0,995.5
2022-12-17 10:20:45.497500,1017.0,995.5
2022-12-17 10:20:45.506470,1014.0,995.5
2022-12-17 10:20:45.517503,1011.0,995.5
2022-12-17 10:20:45.527646,1007.0,995.5
2022-12-17 10:20:45.537665,1002.0,995.5
2022-12-17 10:20:45.546218,995.0,995.5
2022-12-17 10:20:45.556893,988.0,995.5
2022-12-17 10:20:45.566900,980.0,995.5
2022-12-17 10:20:45.577902,973.0,995.5
2022-12-17 10:20:45.586049,965.0,996.5
2022-12-17 10:20:45.597694,959.0,997.5
2022-12-17 10:20:45.607823,951.0,998.5
2022-12-17 10:20:45.617647,947.0,999.5
2022-12-17 10:20:45.627433,943.0,999.5
2022-12-17 10:20:45.637354,940.0,1000.5
2022-12-17 10:20:45.648386,935.0,1001.5
2022-12-17 10:20:45.658381,932.0,1001.5
2022-12-17 10:20:45.668388,927.0,1001.5
2022-12-17 10:20:45.677388,921.0,1002.5
2022-12-17 10:20:45.688080,917.0,1003.5
2022-12-17 10:20:45.698175,910.0,1004.5
2022-12-17 10:20:45.708346,905.0,1004.5
2022-12-17 10:20:45.717173,897.0,1005.5
2022-12-17 10:20:45.728155,890.0,1006.5
2022-12-17 10:20:45.738464,881.0,1007.5
2022-12-17 10:20:45.748605,873.0,1007.5
2022-12-17 10:20:45.757462,864.0,1007.5
2022-12-17 10:20:45.768438,856.0,1007.5
2022-12-17 10:20:45.778690,847.0,1007.5
2022-12-17 10:20:45.788467,836.0,1007.5
2022-12-17 10:20:45.797705,828.0,1007.5
2022-12-17 10:20:45.807564,819.0,1007.5
2022-12-17 10:20:45.818564,809.0,1007.5
2022-12-17 10:20:45.828563,800.0,1007.5
2022-12-17 10:20:45.838777,792.0,1007.5
2022-12-17 10:20:45.847777,783.0,1007.5
2022-12-17 10:20:45.858499,775.0,1007.5
2022-12-17 10:20:45.868457,765.0,1007.5
2022-12-17 10:20:45.878696,758.0,1007.5
2022-12-17 10:20:45.887396,749.0,1007.5
2022-12-17 10:20:45.898395,742.0,1007.5
2022-12-17 10:20:45.908532,733.0,1007.5
2022-12-17 10:20:45.917761,726.0,1007.5
2022-12-17 10:20:45.927762,717.0,1007.5
2022-12-17 10:20:45.938788,709.0,1007.5
2022-12-17 10:20:45.948490,700.0,1007.5
2022-12-17 10:20:45.958490,692.0,1007.5
2022-12-17 10:20:45.968726,682.0,1007.5
2022-12-17 10:20:45.978790,676.0,1007.5
2022-12-17 10:20:45.989724,669.0,1007.5
2022-12-17 10:20:45.999457,665.0,1007.5
2022-12-17 10:20:46.010083,663.0,1007.5
2022-12-17 10:20:46.018321,662.0,1007.5
2022-12-17 10:20:46.029289,660.0,1007.5
2022-12-17 10:20:46.039598,658.0,1007.5
2022-12-17 10:20:46.049807,655.0,1007.5
2022-12-17 10:20:46.057848,648.0,1007.5
2022-12-17 10:20:46.069548,643.0,1006.5
2022-12-17 10:20:46.079628,640.0,1006.5
2022-12-17 10:20:46.089498,636.0,1006.5
2022-12-17 10:20:46.098460,635.0,1005.5
2022-12-17 10:20:46.109328,633.0,1005.5
2022-12-17 10:20:46.119541,630.0,1005.5
2022-12-17 10:20:46.129704,625.0,1004.5
2022-12-17 10:20:46.139091,622.0,1003.5
2022-12-17 10:20:46.150178,619.0,1003.5
2022-12-17 10:20:46.220966,617.0,1002.5
2022-12-17 10:20:46.228991,615.0,1002.5
2022-12-17 10:20:46.240918,612.0,1002.5
2022-12-17 10:20:46.250005,609.0,1001.5
2022-12-17 10:20:46.359145,607.0,1000.5
2022-12-17 10:20:46.380509,606.0,1000.5
2022-12-17 10:20:46.390794,604.0,999.5
2022-12-17 10:20:46.410997,604.0,997.5
2022-12-17 10:20:46.460739,603.0,997.5
2022-12-17 10:20:46.470571,603.0,996.5
2022-12-17 10:20:46.480811,603.0,995.5
2022-12-17 10:20:46.490486,603.0,992.5
2022-12-17 10:20:46.501576,603.0,988.5
2022-12-17 10:20:46.511933,603.0,985.5
2022-12-17 10:20:46.520943,603.0,981.5
2022-12-17 10:20:46.530657,603.0,977.5
2022-12-17 10:20:46.540808,602.0,975.5
2022-12-17 10:20:46.551915,602.0,971.5
2022-12-17 10:20:46.562536,602.0,969.5
2022-12-17 10:20:46.570199,601.0,967.5
2022-12-17 10:20:46.592194,601.0,965.5
2022-12-17 10:20:46.602156,601.0,963.5
2022-12-17 10:20:46.620009,601.0,962.5
2022-12-17 10:20:46.631109,601.0,961.5
2022-12-17 10:20:46.641068,601.0,960.5
2022-12-17 10:20:46.651057,601.0,958.5
2022-12-17 10:20:46.660911,601.0,957.5
2022-12-17 10:20:46.672577,601.0,955.5
2022-12-17 10:20:46.682577,601.0,952.5
2022-12-17 10:20:46.692687,601.0,949.5
2022-12-17 10:20:46.701949,601.0,946.5
2022-12-17 10:20:46.710946,601.0,944.5
2022-12-17 10:20:46.723082,601.0,941.5
2022-12-17 10:20:46.732403,601.0,938.5
2022-12-17 10:20:46.741692,601.0,934.5
2022-12-17 10:20:46.751692,601.0,932.5
2022-12-17 10:20:46.762787,601.0,930.5
2022-12-17 10:20:46.772799,601.0,927.5
2022-12-17 10:20:46.781302,601.0,923.5
2022-12-17 10:20:46.791301,601.0,921.5
2022-12-17 10:20:46.802893,601.0,917.5
2022-12-17 10:20:46.812031,601.0,912.5
2022-12-17 10:20:46.821076,601.0,909.5
2022-12-17 10:20:46.831726,601.0,905.5
2022-12-17 10:20:46.842112,601.0,898.5
2022-12-17 10:20:46.852021,601.0,892.5
2022-12-17 10:20:46.863033,601.0,884.5
2022-12-17 10:20:46.871135,601.0,877.5
2022-12-17 10:20:46.881095,601.0,870.5
2022-12-17 10:20:46.892793,601.0,862.5
2022-12-17 10:20:46.902838,601.0,854.5
2022-12-17 10:20:46.911878,601.0,846.5
2022-12-17 10:20:46.921753,601.0,840.5
2022-12-17 10:20:46.933869,601.0,832.5
2022-12-17 10:20:46.943206,601.0,827.5
2022-12-17 10:20:46.951898,601.0,820.5
2022-12-17 10:20:46.961555,603.0,816.5
2022-12-17 10:20:46.972544,604.0,812.5
2022-12-17 10:20:46.982638,604.0,808.5
2022-12-17 10:20:46.992118,604.0,806.5
2022-12-17 10:20:47.002564,605.0,804.5
2022-12-17 10:20:47.013365,605.0,802.5
2022-12-17 10:20:47.023328,606.0,799.5
2022-12-17 10:20:47.033893,607.0,797.5
2022-12-17 10:20:47.042204,607.0,794.5
2022-12-17 10:20:47.052249,608.0,793.5
2022-12-17 10:20:47.063263,608.0,790.5
2022-12-17 10:20:47.073267,609.0,785.5
2022-12-17 10:20:47.082267,609.0,781.5
2022-12-17 10:20:47.092242,610.0,776.5
2022-12-17 10:20:47.103607,611.0,771.5
2022-12-17 10:20:47.113659,611.0,764.5
2022-12-17 10:20:47.122758,613.0,758.5
2022-12-17 10:20:48.992084,613.0,758.5
2022-12-17 10:20:48.999112,611.0,758.5
2022-12-17 10:20:49.844952,611.0,757.5
2022-12-17 10:20:49.853134,611.0,755.5
2022-12-17 10:20:49.864142,610.0,753.5
2022-12-17 10:20:49.874387,609.0,749.5
2022-12-17 10:20:49.884213,608.0,743.5
2022-12-17 10:20:49.893417,608.0,736.5
2022-12-17 10:20:49.903778,608.0,729.5
2022-12-17 10:20:49.914823,608.0,719.5
2022-12-17 10:20:49.924225,608.0,709.5
2022-12-17 10:20:49.934488,608.0,698.5
2022-12-17 10:20:49.943258,608.0,687.5
2022-12-17 10:20:49.954476,608.0,678.5
2022-12-17 10:20:49.964493,608.0,667.5
2022-12-17 10:20:49.974226,608.0,658.5
2022-12-17 10:20:49.983259,608.0,649.5
2022-12-17 10:20:49.993440,608.0,642.5
2022-12-17 10:20:50.004718,608.0,635.5
2022-12-17 10:20:50.014753,607.0,629.5
2022-12-17 10:20:50.023841,607.0,625.5
2022-12-17 10:20:50.033737,607.0,622.5
2022-12-17 10:20:50.044771,607.0,619.5
2022-12-17 10:20:50.064775,607.0,616.5
2022-12-17 10:20:50.085689,607.0,614.5
2022-12-17 10:20:50.114486,605.0,613.5
2022-12-17 10:20:50.125580,605.0,611.5
2022-12-17 10:20:50.136232,605.0,610.5
2022-12-17 10:20:50.146355,604.0,609.5
2022-12-17 10:20:50.154600,603.0,604.5
2022-12-17 10:20:50.164804,602.0,602.5
2022-12-17 10:20:50.175565,601.0,596.5
2022-12-17 10:20:50.185608,600.0,591.5
2022-12-17 10:20:50.194736,597.0,584.5
2022-12-17 10:20:50.204710,596.0,577.5
2022-12-17 10:20:50.215780,593.0,572.5
2022-12-17 10:20:50.225886,592.0,564.5
2022-12-17 10:20:50.235990,590.0,558.5
2022-12-17 10:20:50.245035,588.0,553.5
2022-12-17 10:20:50.256682,588.0,547.5
2022-12-17 10:20:50.266847,588.0,543.5
2022-12-17 10:20:50.276142,588.0,541.5
2022-12-17 10:20:50.285160,588.0,537.5
2022-12-17 10:20:50.296399,588.0,535.5
2022-12-17 10:20:50.306399,588.0,533.5
2022-12-17 10:20:50.316328,588.0,532.5
2022-12-17 10:20:50.325329,588.0,531.5
2022-12-17 10:20:50.346615,588.0,530.5
2022-12-17 10:20:50.406591,588.0,529.5
2022-12-17 10:20:50.436324,588.0,528.5
2022-12-17 10:20:50.446363,587.0,528.5
2022-12-17 10:20:50.455521,585.0,528.5
2022-12-17 10:20:50.556720,584.0,528.5
2022-12-17 10:20:50.566658,582.0,528.5
2022-12-17 10:20:50.586906,581.0,527.5
2022-12-17 10:20:50.597654,580.0,526.5
2022-12-17 10:20:50.697900,580.0,525.5
2022-12-17 10:20:50.706095,580.0,524.5
2022-12-17 10:20:50.716176,580.0,523.5
2022-12-17 10:20:50.727181,580.0,522.5
2022-12-17 10:20:50.737309,580.0,521.5
2022-12-17 10:20:50.747514,580.0,520.5
2022-12-17 10:20:50.818146,580.0,519.5
2022-12-17 10:20:50.847913,580.0,518.5
2022-12-17 10:20:50.858753,580.0,517.5
2022-12-17 10:20:50.968042,580.0,515.5
2022-12-17 10:20:50.978117,581.0,512.5
2022-12-17 10:20:50.987927,581.0,510.5
2022-12-17 10:20:50.998522,582.0,508.5
2022-12-17 10:20:51.007688,582.0,504.5
2022-12-17 10:20:51.017694,582.0,501.5
2022-12-17 10:20:51.028992,582.0,499.5
2022-12-17 10:20:51.038359,582.0,498.5
2022-12-17 10:20:51.249764,582.0,496.5
2022-12-17 10:20:51.259470,581.0,496.5
2022-12-17 10:20:51.269403,574.0,494.5
2022-12-17 10:20:51.280742,565.0,492.5
2022-12-17 10:20:51.290440,556.0,491.5
2022-12-17 10:20:51.300438,545.0,487.5
2022-12-17 10:20:51.309438,539.0,487.5
2022-12-17 10:20:51.320555,531.0,483.5
2022-12-17 10:20:51.330543,523.0,483.5
2022-12-17 10:20:51.340639,515.0,482.5
2022-12-17 10:20:51.350158,507.0,481.5
2022-12-17 10:20:51.360398,500.0,479.5
2022-12-17 10:20:51.370367,497.0,479.5
2022-12-17 10:20:51.380300,493.0,479.5
2022-12-17 10:20:51.389371,487.0,478.5
2022-12-17 10:20:51.399014,485.0,478.5
2022-12-17 10:20:51.410303,483.0,478.5
2022-12-17 10:20:51.420313,481.0,478.5
2022-12-17 10:20:51.450423,480.0,478.5
2022-12-17 10:20:51.460467,479.0,478.5
2022-12-17 10:20:51.470438,476.0,478.5
2022-12-17 10:20:51.479387,471.0,478.5
2022-12-17 10:20:51.490416,466.0,478.5
2022-12-17 10:20:51.500448,458.0,478.5
2022-12-17 10:20:51.510416,449.0,478.5
2022-12-17 10:20:51.519660,438.0,478.5
2022-12-17 10:20:51.530375,428.0,478.5
2022-12-17 10:20:51.540170,419.0,478.5
2022-12-17 10:20:51.550632,408.0,478.5
2022-12-17 10:20:51.559618,398.0,478.5
2022-12-17 10:20:51.569656,391.0,478.5
2022-12-17 10:20:51.580763,380.0,478.5
2022-12-17 10:20:51.590768,368.0,478.5
2022-12-17 10:20:51.599799,356.0,478.5
2022-12-17 10:20:51.610223,344.0,478.5
2022-12-17 10:20:51.621654,335.0,478.5
2022-12-17 10:20:51.631636,326.0,478.5
2022-12-17 10:20:51.641510,320.0,478.5
2022-12-17 10:20:51.650576,314.0,478.5
2022-12-17 10:20:51.661627,309.0,478.5
2022-12-17 10:20:51.671470,303.0,478.5
2022-12-17 10:20:51.681468,295.0,478.5
2022-12-17 10:20:51.690458,288.0,478.5
2022-12-17 10:20:51.701000,279.0,478.5
2022-12-17 10:20:51.711102,271.0,478.5
2022-12-17 10:20:51.721685,260.0,478.5
2022-12-17 10:20:51.730430,252.0,478.5
2022-12-17 10:20:51.740470,243.0,478.5
2022-12-17 10:20:51.751316,235.0,478.5
2022-12-17 10:20:51.761504,227.0,478.5
2022-12-17 10:20:51.771378,218.0,478.5
2022-12-17 10:20:51.781726,210.0,478.5
2022-12-17 10:20:51.792329,202.0,478.5
2022-12-17 10:20:51.802305,192.0,478.5
2022-12-17 10:20:51.812563,184.0,478.5
2022-12-17 10:20:51.821702,175.0,478.5
2022-12-17 10:20:51.832653,167.0,478.5
2022-12-17 10:20:51.842592,160.0,478.5
2022-12-17 10:20:51.852642,155.0,478.5
2022-12-17 10:20:51.861562,148.0,478.5
2022-12-17 10:20:51.872782,143.0,478.5
2022-12-17 10:20:51.883014,138.0,478.5
2022-12-17 10:20:51.892090,133.0,478.5
2022-12-17 10:20:51.901128,125.0,478.5
2022-12-17 10:20:51.911120,116.0,478.5
2022-12-17 10:20:51.921928,107.0,478.5
2022-12-17 10:20:51.931932,98.0,478.5
2022-12-17 10:20:51.941650,92.0,478.5
2022-12-17 10:20:51.951720,89.0,478.5
2022-12-17 10:20:52.042545,88.0,478.5
2022-12-17 10:20:52.052941,87.0,478.5
2022-12-17 10:20:52.062990,85.0,478.5
2022-12-17 10:20:52.071991,81.0,478.5
2022-12-17 10:20:52.081036,79.0,478.5
2022-12-17 10:20:52.112586,77.0,478.5
2022-12-17 10:20:52.193286,76.0,478.5
2022-12-17 10:20:52.202068,74.0,477.5
2022-12-17 10:20:52.223358,73.0,476.5
2022-12-17 10:20:52.233393,72.0,475.5
2022-12-17 10:20:52.242718,71.0,475.5
2022-12-17 10:20:52.253819,70.0,474.5
2022-12-17 10:20:52.272956,68.0,472.5
2022-12-17 10:20:52.283641,66.0,470.5
2022-12-17 10:20:52.293340,64.0,469.5
2022-12-17 10:20:52.304526,63.0,467.5
2022-12-17 10:20:52.314726,61.0,466.5
2022-12-17 10:20:52.404273,61.0,465.5
2022-12-17 10:20:52.414444,60.0,464.5
2022-12-17 10:20:52.424459,58.0,463.5
2022-12-17 10:20:52.434438,55.0,460.5
2022-12-17 10:20:52.444556,50.0,457.5
2022-12-17 10:20:52.453320,46.0,453.5
2022-12-17 10:20:52.463361,43.0,449.5
2022-12-17 10:20:52.474306,41.0,443.5
2022-12-17 10:20:52.484295,40.0,442.5
2022-12-17 10:20:52.494296,40.0,439.5
2022-12-17 10:20:52.503940,40.0,437.5
2022-12-17 10:20:52.583558,39.0,436.5
2022-12-17 10:20:52.593579,39.0,435.5
2022-12-17 10:20:52.604949,39.0,434.5
2022-12-17 10:20:52.614197,39.0,431.5
2022-12-17 10:20:52.624289,39.0,428.5
2022-12-17 10:20:52.634289,38.0,423.5
2022-12-17 10:20:52.645745,37.0,420.5
2022-12-17 10:20:52.655792,37.0,412.5
2022-12-17 10:20:52.666073,36.0,408.5
2022-12-17 10:20:52.674464,35.0,400.5
2022-12-17 10:20:52.685494,35.0,396.5
2022-12-17 10:20:52.695495,35.0,389.5
2022-12-17 10:20:52.705522,35.0,383.5
2022-12-17 10:20:52.714494,35.0,376.5
2022-12-17 10:20:52.725500,35.0,372.5
2022-12-17 10:20:52.735500,35.0,369.5
2022-12-17 10:20:52.745506,35.0,363.5
2022-12-17 10:20:52.754500,35.0,359.5
2022-12-17 10:20:52.765499,35.0,355.5
2022-12-17 10:20:52.775767,35.0,346.5
2022-12-17 10:20:52.785946,37.0,338.5
2022-12-17 10:20:52.795305,38.0,328.5
2022-12-17 10:20:52.805537,39.0,319.5
2022-12-17 10:20:52.816424,42.0,306.5
2022-12-17 10:20:52.826430,42.0,297.5
2022-12-17 10:20:52.836674,43.0,283.5
2022-12-17 10:20:52.845469,44.0,274.5
2022-12-17 10:20:52.856874,46.0,266.5
2022-12-17 10:20:52.866788,48.0,257.5
2022-12-17 10:20:52.876932,50.0,248.5
2022-12-17 10:20:52.885976,51.0,241.5
2022-12-17 10:20:52.896095,53.0,236.5
2022-12-17 10:20:52.906463,54.0,232.5
2022-12-17 10:20:52.916296,56.0,227.5
2022-12-17 10:20:52.925668,56.0,224.5
2022-12-17 10:20:52.936783,58.0,220.5
2022-12-17 10:20:52.946701,59.0,218.5
2022-12-17 10:20:52.956741,59.0,217.5
2022-12-17 10:20:52.975214,59.0,216.5
2022-12-17 10:20:53.136411,60.0,215.5
2022-12-17 10:20:54.281019,60.0,215.5
2022-12-17 10:20:54.321848,59.0,215.5
2022-12-17 10:20:55.144427,58.0,215.5
2022-12-17 10:20:55.154442,57.0,215.5
2022-12-17 10:20:55.164372,55.0,211.5
2022-12-17 10:20:55.174375,54.0,209.5
2022-12-17 10:20:55.184650,52.0,205.5
2022-12-17 10:20:55.195143,51.0,202.5
2022-12-17 10:20:55.205014,50.0,197.5
2022-12-17 10:20:55.215844,48.0,193.5
2022-12-17 10:20:55.225453,48.0,190.5
2022-12-17 10:20:55.234460,46.0,184.5
2022-12-17 10:20:55.245467,46.0,180.5
2022-12-17 10:20:55.255459,45.0,174.5
2022-12-17 10:20:55.265538,44.0,169.5
2022-12-17 10:20:55.274540,43.0,162.5
2022-12-17 10:20:55.285650,42.0,157.5
2022-12-17 10:20:55.295326,42.0,150.5
2022-12-17 10:20:55.305550,41.0,145.5
2022-12-17 10:20:55.314330,41.0,142.5
2022-12-17 10:20:55.325388,41.0,137.5
2022-12-17 10:20:55.335394,41.0,135.5
2022-12-17 10:20:55.345434,41.0,134.5
2022-12-17 10:20:55.355507,41.0,133.5
2022-12-17 10:20:55.366542,41.0,132.5
2022-12-17 10:20:55.376363,41.0,131.5
2022-12-17 10:20:55.386349,41.0,130.5
2022-12-17 10:20:55.396119,41.0,128.5
2022-12-17 10:20:55.405200,41.0,126.5
2022-12-17 10:20:55.416766,41.0,125.5
2022-12-17 10:20:55.426017,41.0,121.5
2022-12-17 10:20:55.437004,41.0,120.5
2022-12-17 10:20:55.445846,41.0,119.5
2022-12-17 10:20:55.456206,41.0,116.5
2022-12-17 10:20:55.466246,41.0,114.5
2022-12-17 10:20:55.476458,43.0,113.5
2022-12-17 10:20:55.485276,43.0,111.5
2022-12-17 10:20:55.496701,43.0,109.5
2022-12-17 10:20:55.506471,43.0,107.5
2022-12-17 10:20:55.516726,43.0,106.5
2022-12-17 10:20:55.525730,43.0,105.5
2022-12-17 10:20:55.546735,43.0,104.5
2022-12-17 10:20:55.556568,43.0,102.5
2022-12-17 10:20:55.566730,43.0,100.5
2022-12-17 10:20:55.575721,44.0,99.5
2022-12-17 10:20:55.585986,44.0,97.5
2022-12-17 10:20:55.596682,44.0,95.5
2022-12-17 10:20:55.607710,44.0,92.5
2022-12-17 10:20:55.615776,44.0,90.5
2022-12-17 10:20:55.626817,46.0,85.5
2022-12-17 10:20:55.636725,46.0,79.5
2022-12-17 10:20:55.646719,47.0,71.5
2022-12-17 10:20:55.655031,48.0,65.5
2022-12-17 10:20:55.666062,50.0,57.5
2022-12-17 10:20:55.677076,51.0,49.5
2022-12-17 10:20:55.686014,52.0,39.5
2022-12-17 10:20:55.696546,53.0,32.5
2022-12-17 10:20:55.707639,54.0,28.5
2022-12-17 10:20:55.717623,54.0,25.5
2022-12-17 10:20:55.826400,55.0,22.5
2022-12-17 10:20:55.858115,55.0,21.5
2022-12-17 10:20:55.868200,56.0,21.5
2022-12-17 10:20:55.878834,58.0,21.5
2022-12-17 10:20:55.888715,60.0,21.5
2022-12-17 10:20:55.908975,63.0,21.5
2022-12-17 10:20:55.917126,66.0,21.5
2022-12-17 10:20:55.928457,68.0,21.5
2022-12-17 10:20:55.938739,71.0,21.5
2022-12-17 10:20:55.948621,74.0,21.5
2022-12-17 10:20:55.956884,78.0,21.5
2022-12-17 10:20:55.969135,82.0,21.5
2022-12-17 10:20:55.978544,83.0,21.5
2022-12-17 10:20:55.988331,85.0,21.5
2022-12-17 10:20:55.997332,87.0,21.5
2022-12-17 10:20:56.008570,88.0,21.5
2022-12-17 10:20:56.018372,93.0,21.5
2022-12-17 10:20:56.028348,98.0,21.5
2022-12-17 10:20:56.036977,103.0,21.5
2022-12-17 10:20:56.048650,109.0,21.5
2022-12-17 10:20:56.058607,114.0,21.5
2022-12-17 10:20:56.068625,118.0,21.5
2022-12-17 10:20:56.078788,122.0,21.5
2022-12-17 10:20:56.087765,125.0,21.5
2022-12-17 10:20:56.098774,127.0,21.5
2022-12-17 10:20:56.108920,130.0,21.5
2022-12-17 10:20:56.118246,132.0,21.5
2022-12-17 10:20:56.127253,136.0,21.5
2022-12-17 10:20:56.138527,139.0,21.5
2022-12-17 10:20:56.148459,148.0,21.5
2022-12-17 10:20:56.158436,158.0,21.5
2022-12-17 10:20:56.167322,166.0,21.5
2022-12-17 10:20:56.178384,172.0,21.5
2022-12-17 10:20:56.188394,181.0,21.5
2022-12-17 10:20:56.198429,186.0,21.5
2022-12-17 10:20:56.208703,193.0,21.5
2022-12-17 10:20:56.219242,199.0,21.5
2022-12-17 10:20:56.228959,209.0,21.5
2022-12-17 10:20:56.239658,219.0,21.5
2022-12-17 10:20:56.249026,229.0,21.5
2022-12-17 10:20:56.258033,242.0,21.5
2022-12-17 10:20:56.269265,251.0,21.5
2022-12-17 10:20:56.279011,264.0,21.5
2022-12-17 10:20:56.289050,277.0,21.5
2022-12-17 10:20:56.298648,289.0,21.5
2022-12-17 10:20:56.309287,301.0,21.5
2022-12-17 10:20:56.319277,314.0,21.5
2022-12-17 10:20:56.329283,324.0,21.5
2022-12-17 10:20:56.338291,336.0,21.5
2022-12-17 10:20:56.349283,344.0,21.5
2022-12-17 10:20:56.359297,354.0,21.5
2022-12-17 10:20:56.369146,363.0,21.5
2022-12-17 10:20:56.378739,372.0,21.5
2022-12-17 10:20:56.390787,379.0,21.5
2022-12-17 10:20:56.400215,386.0,21.5
2022-12-17 10:20:56.410288,392.0,21.5
2022-12-17 10:20:56.420253,400.0,21.5
2022-12-17 10:20:56.429546,408.0,21.5
2022-12-17 10:20:56.441522,416.0,22.5
2022-12-17 10:20:56.451559,425.0,23.5
2022-12-17 10:20:56.461062,435.0,23.5
2022-12-17 10:20:56.469078,444.0,23.5
2022-12-17 10:20:56.480070,451.0,23.5
2022-12-17 10:20:56.490755,458.0,23.5
2022-12-17 10:20:56.500629,463.0,23.5
2022-12-17 10:20:56.509572,466.0,24.5
2022-12-17 10:20:56.520578,468.0,24.5
2022-12-17 10:20:56.530303,473.0,24.5
2022-12-17 10:20:56.540379,478.0,25.5
2022-12-17 10:20:56.549378,485.0,25.5
2022-12-17 10:20:56.560385,492.0,25.5
2022-12-17 10:20:56.570510,498.0,25.5
2022-12-17 10:20:56.580478,506.0,25.5
2022-12-17 10:20:56.590472,511.0,25.5
2022-12-17 10:20:56.599627,518.0,25.5
2022-12-17 10:20:56.609604,525.0,25.5
2022-12-17 10:20:56.620742,532.0,25.5
2022-12-17 10:20:56.630715,539.0,26.5
2022-12-17 10:20:56.640475,548.0,27.5
2022-12-17 10:20:56.651548,556.0,28.5
2022-12-17 10:20:56.660110,565.0,30.5
2022-12-17 10:20:56.670093,573.0,31.5
2022-12-17 10:20:56.679085,581.0,31.5
2022-12-17 10:20:56.690891,590.0,32.5
2022-12-17 10:20:56.700429,597.0,34.5
2022-12-17 10:20:56.710269,597.0,34.5
2022-12-17 10:20:56.720603,597.0,34.5
