Recording timestamp,Position X,Position Y
1671166715.494453,38.0,95.0
1671166715.512863,38.0,94.0
1671166715.533372,39.0,93.0
1671166715.553742,40.0,92.0
1671166715.573558,43.0,91.0
1671166715.623844,44.0,91.0
1671166715.63292,44.0,90.0
1671166715.643187,45.0,90.0
1671166715.784499,46.0,90.0
1671166715.794496,46.0,89.0
1671166715.804544,47.0,89.0
1671166715.81475,48.0,88.0
1671166715.824905,48.0,87.0
1671166715.844064,49.0,87.0
1671166715.854094,50.0,86.0
1671166715.885063,53.0,85.0
1671166715.906124,54.0,84.0
1671166715.936335,55.0,84.0
1671166715.945339,56.0,83.0
1671166715.985413,57.0,83.0
1671166715.995443,57.0,82.0
1671166716.01936,58.0,82.0
1671166716.025305,59.0,82.0
1671166716.035341,59.0,81.0
1671166716.046495,60.0,81.0
1671166716.064749,61.0,81.0
1671166716.115619,62.0,81.0
1671166716.145312,63.0,81.0
1671166716.220056,64.0,81.0
1671166716.225606,65.0,81.0
1671166716.236483,66.0,81.0
1671166716.247473,68.0,81.0
1671166716.256483,69.0,81.0
1671166716.266482,72.0,82.0
1671166716.276483,74.0,83.0
1671166716.286476,77.0,84.0
1671166716.296444,78.0,85.0
1671166716.307596,80.0,85.0
1671166716.316537,83.0,86.0
1671166716.326246,86.0,87.0
1671166716.336279,89.0,88.0
1671166716.346875,92.0,89.0
1671166716.355708,95.0,90.0
1671166716.366367,99.0,91.0
1671166716.375955,101.0,91.0
1671166716.386092,105.0,92.0
1671166716.396136,106.0,92.0
1671166716.417349,108.0,92.0
1671166716.498096,109.0,92.0
1671166716.507271,110.0,92.0
1671166716.517288,111.0,92.0
1671166716.526316,116.0,92.0
1671166716.537971,119.0,92.0
1671166716.547076,122.0,92.0
1671166716.55726,125.0,92.0
1671166716.56611,131.0,93.0
1671166716.577541,135.0,93.0
1671166716.58755,140.0,93.0
1671166716.597203,147.0,94.0
1671166716.608345,149.0,94.0
1671166716.617344,153.0,94.0
1671166716.627353,156.0,94.0
1671166716.636899,157.0,94.0
1671166716.647581,158.0,94.0
1671166716.657345,159.0,94.0
1671166716.66756,160.0,94.0
1671166716.677535,162.0,94.0
1671166716.695894,163.0,94.0
1671166716.717136,164.0,94.0
1671166716.727044,167.0,94.0
1671166716.737674,169.0,94.0
1671166716.748319,172.0,94.0
1671166716.758318,174.0,94.0
1671166716.76898,178.0,94.0
1671166716.7787,181.0,94.0
1671166716.787989,183.0,94.0
1671166716.798535,185.0,94.0
1671166716.809456,188.0,94.0
1671166716.818462,191.0,94.0
1671166716.828469,194.0,95.0
1671166716.83843,197.0,96.0
1671166716.848415,200.0,96.0
1671166716.858446,202.0,96.0
1671166716.867679,207.0,96.0
1671166716.878735,209.0,97.0
1671166716.888552,212.0,97.0
1671166716.899765,213.0,97.0
1671166716.909487,216.0,97.0
1671166716.921639,219.0,98.0
1671166716.929615,220.0,98.0
1671166716.939577,222.0,98.0
1671166716.949003,224.0,98.0
1671166716.959972,225.0,98.0
1671166716.96908,226.0,98.0
1671166716.989139,228.0,99.0
1671166716.999318,229.0,99.0
1671166717.009316,232.0,99.0
1671166717.019322,233.0,99.0
1671166717.029359,236.0,99.0
1671166717.038328,237.0,99.0
1671166717.049321,239.0,99.0
1671166717.059304,242.0,99.0
1671166717.069405,244.0,99.0
1671166717.07835,249.0,99.0
1671166717.090978,252.0,99.0
1671166717.099778,256.0,99.0
1671166717.109184,259.0,99.0
1671166717.119095,263.0,99.0
1671166717.129289,267.0,99.0
1671166717.140503,272.0,99.0
1671166717.150662,274.0,99.0
1671166717.159824,276.0,99.0
1671166717.169591,279.0,99.0
1671166717.179668,281.0,99.0
1671166717.189555,284.0,99.0
1671166717.199385,288.0,99.0
1671166717.208355,290.0,99.0
1671166717.219483,292.0,99.0
1671166717.229504,294.0,99.0
1671166717.239629,296.0,99.0
1671166717.249625,299.0,99.0
1671166717.260626,301.0,99.0
1671166717.270343,304.0,99.0
1671166717.280044,305.0,99.0
1671166717.29147,307.0,99.0
1671166717.300706,308.0,99.0
1671166717.309823,310.0,99.0
1671166717.320718,311.0,99.0
1671166717.330442,312.0,99.0
1671166717.340345,315.0,99.0
1671166717.350343,316.0,97.0
1671166717.360663,320.0,97.0
1671166717.372474,321.0,97.0
1671166717.380534,326.0,95.0
1671166717.390502,328.0,95.0
1671166717.400148,333.0,94.0
1671166717.41076,339.0,94.0
1671166717.420864,342.0,94.0
1671166717.43145,344.0,92.0
1671166717.441515,348.0,92.0
1671166717.451128,350.0,92.0
1671166717.46169,354.0,92.0
1671166717.470992,356.0,91.0
1671166717.481186,357.0,91.0
1671166717.49121,362.0,91.0
1671166717.501215,363.0,91.0
1671166717.511768,366.0,91.0
1671166717.521569,367.0,91.0
1671166717.531645,369.0,91.0
1671166717.5409,370.0,91.0
1671166717.551907,372.0,91.0
1671166717.561132,375.0,91.0
1671166717.572248,376.0,91.0
1671166717.581849,377.0,91.0
1671166717.590405,378.0,91.0
1671166717.602348,380.0,91.0
1671166717.611427,381.0,91.0
1671166717.622087,382.0,91.0
1671166717.631706,383.0,91.0
1671166717.641341,384.0,91.0
1671166717.651319,387.0,91.0
1671166717.661674,389.0,91.0
1671166717.671608,392.0,93.0
1671166717.681554,394.0,93.0
1671166717.691141,398.0,94.0
1671166717.700877,401.0,95.0
1671166717.711691,404.0,96.0
1671166717.721694,406.0,97.0
1671166717.730973,407.0,98.0
1671166717.742651,411.0,99.0
1671166717.751675,414.0,100.0
1671166717.761386,416.0,102.0
1671166717.772396,417.0,103.0
1671166717.782367,421.0,104.0
1671166717.79242,423.0,105.0
1671166717.8026,424.0,107.0
1671166717.812376,427.0,109.0
1671166717.822495,430.0,109.0
1671166717.832665,432.0,111.0
1671166717.842558,435.0,112.0
1671166717.8526,437.0,112.0
1671166717.861986,439.0,112.0
1671166717.872816,442.0,114.0
1671166717.882822,443.0,115.0
1671166717.891988,446.0,116.0
1671166717.902216,447.0,116.0
1671166717.912208,449.0,117.0
1671166717.922098,451.0,119.0
1671166717.932209,454.0,120.0
1671166717.943157,456.0,121.0
1671166717.953166,459.0,122.0
1671166717.963137,462.0,124.0
1671166717.973124,464.0,125.0
1671166717.983126,467.0,126.0
1671166717.993386,470.0,127.0
1671166718.003583,472.0,128.0
1671166718.013615,475.0,129.0
1671166718.023946,477.0,130.0
1671166718.033829,478.0,130.0
1671166718.043347,481.0,130.0
1671166718.054393,483.0,131.0
1671166718.063755,484.0,131.0
1671166718.07382,485.0,131.0
1671166718.101983,487.0,131.0
1671166718.12377,488.0,131.0
1671166718.133754,489.0,131.0
1671166718.143282,490.0,131.0
1671166718.153037,492.0,130.0
1671166718.163788,493.0,129.0
1671166718.17342,496.0,128.0
1671166718.183459,497.0,127.0
1671166718.193541,498.0,126.0
1671166718.203545,499.0,125.0
1671166718.213647,500.0,124.0
1671166718.223267,502.0,123.0
1671166718.233266,503.0,123.0
1671166718.243301,504.0,122.0
1671166718.25335,505.0,121.0
1671166718.263509,506.0,121.0
1671166718.374233,507.0,120.0
1671166718.39468,508.0,120.0
1671166718.40435,509.0,120.0
1671166718.414749,512.0,120.0
1671166718.426206,513.0,120.0
1671166718.434202,517.0,120.0
1671166718.445071,522.0,120.0
1671166718.456335,526.0,121.0
1671166718.466373,531.0,122.0
1671166718.474758,535.0,123.0
1671166718.485642,537.0,123.0
1671166718.495588,542.0,125.0
1671166718.506584,543.0,126.0
1671166718.514561,545.0,127.0
1671166718.534637,549.0,128.0
1671166718.555174,550.0,129.0
1671166718.565166,551.0,129.0
1671166718.575005,552.0,130.0
1671166718.585589,554.0,130.0
1671166718.595755,555.0,130.0
1671166718.605799,557.0,131.0
1671166718.615527,559.0,132.0
1671166718.625578,560.0,133.0
1671166718.635529,564.0,135.0
1671166718.647454,567.0,136.0
1671166718.65629,569.0,137.0
1671166718.665887,571.0,139.0
1671166718.67515,574.0,141.0
1671166718.685123,576.0,142.0
1671166718.695123,578.0,145.0
1671166718.706066,579.0,146.0
1671166718.715395,581.0,147.0
1671166718.725456,582.0,148.0
1671166718.735143,583.0,149.0
1671166718.745193,585.0,151.0
1671166718.755376,586.0,152.0
1671166718.765735,588.0,154.0
1671166718.775726,589.0,155.0
1671166718.785927,591.0,157.0
1671166718.796405,592.0,158.0
1671166718.806414,593.0,159.0
1671166718.817403,594.0,162.0
1671166718.826413,596.0,164.0
1671166718.83641,597.0,167.0
1671166718.846443,597.0,169.0
1671166718.856455,597.0,170.0
1671166718.866375,597.0,174.0
1671166718.876599,597.0,175.0
1671166718.886714,597.0,176.0
1671166718.895874,597.0,179.0
1671166718.906431,597.0,182.0
1671166718.916468,597.0,186.0
1671166718.927511,597.0,188.0
1671166718.936907,597.0,190.0
1671166718.94666,597.0,193.0
1671166718.956183,597.0,194.0
1671166718.967625,595.0,195.0
1671166718.977666,595.0,197.0
1671166718.989819,595.0,198.0
1671166719.007703,595.0,199.0
1671166719.017703,595.0,200.0
1671166719.027116,595.0,202.0
1671166719.037145,595.0,203.0
1671166719.047233,595.0,205.0
1671166719.057293,595.0,206.0
1671166719.067286,595.0,207.0
1671166719.077355,594.0,210.0
1671166719.08732,594.0,212.0
1671166719.097717,594.0,215.0
1671166719.107687,594.0,216.0
1671166719.117375,594.0,220.0
1671166719.126154,594.0,222.0
1671166719.137361,594.0,225.0
1671166719.147597,593.0,227.0
1671166719.157247,593.0,229.0
1671166719.167495,593.0,230.0
1671166719.177659,593.0,233.0
1671166719.18777,593.0,234.0
1671166719.197677,593.0,239.0
1671166719.207893,593.0,241.0
1671166719.217775,593.0,243.0
1671166719.227496,593.0,246.0
1671166719.237452,593.0,247.0
1671166719.247433,593.0,250.0
1671166719.257209,593.0,252.0
1671166719.26721,593.0,255.0
1671166719.277473,593.0,259.0
1671166719.288891,593.0,262.0
1671166719.301909,593.0,266.0
1671166719.307827,593.0,272.0
1671166719.318885,593.0,276.0
1671166719.327961,593.0,281.0
1671166719.339098,593.0,285.0
1671166719.348655,594.0,288.0
1671166719.3579,594.0,291.0
1671166719.367903,595.0,293.0
1671166719.378451,595.0,296.0
1671166719.389396,595.0,297.0
1671166719.408063,595.0,300.0
1671166719.418306,595.0,302.0
1671166719.428283,596.0,303.0
1671166719.438814,596.0,304.0
1671166719.44923,596.0,305.0
1671166719.458202,597.0,307.0
1671166719.469661,597.0,309.0
1671166719.479722,597.0,312.0
1671166719.488998,597.0,313.0
1671166719.499756,597.0,315.0
1671166719.509762,597.0,317.0
1671166719.51964,597.0,318.0
1671166719.529547,597.0,319.0
1671166719.549067,597.0,321.0
1671166719.55913,597.0,322.0
1671166719.569169,597.0,323.0
1671166719.579277,597.0,325.0
1671166719.590446,597.0,326.0
1671166719.600478,595.0,327.0
1671166719.619973,595.0,328.0
1671166719.629506,595.0,329.0
1671166719.640547,595.0,331.0
1671166719.649137,594.0,332.0
1671166719.658823,593.0,333.0
1671166719.668973,593.0,336.0
1671166719.679814,592.0,338.0
1671166719.690619,592.0,343.0
1671166719.700166,591.0,346.0
1671166719.710095,591.0,349.0
1671166719.719048,591.0,353.0
1671166719.729113,589.0,358.0
1671166719.739407,589.0,360.0
1671166719.749406,588.0,363.0
1671166719.759239,587.0,366.0
1671166719.769247,586.0,368.0
1671166719.779303,586.0,370.0
1671166719.789712,586.0,371.0
1671166719.840507,586.0,372.0
1671166719.88067,586.0,373.0
1671166719.890654,585.0,374.0
1671166719.900647,584.0,377.0
1671166719.910797,584.0,379.0
1671166719.920652,583.0,382.0
1671166719.930544,582.0,384.0
1671166719.940372,581.0,388.0
1671166719.94995,580.0,391.0
1671166719.9606,578.0,396.0
1671166719.970619,576.0,401.0
1671166719.981683,574.0,406.0
1671166719.991688,572.0,411.0
1671166720.001375,570.0,416.0
1671166720.011368,567.0,419.0
1671166720.021366,566.0,422.0
1671166720.031366,564.0,425.0
1671166720.041419,563.0,426.0
1671166720.051005,563.0,427.0
1671166720.062012,561.0,429.0
1671166720.071217,560.0,430.0
1671166720.081092,558.0,432.0
1671166720.0911,557.0,433.0
1671166720.102103,557.0,434.0
1671166720.111103,556.0,436.0
1671166720.121096,554.0,439.0
1671166720.131108,552.0,441.0
1671166720.141167,548.0,445.0
1671166720.151301,546.0,451.0
1671166720.161301,544.0,454.0
1671166720.171277,541.0,458.0
1671166720.180944,538.0,464.0
1671166720.191388,537.0,468.0
1671166720.201358,534.0,471.0
1671166720.211056,532.0,473.0
1671166720.220957,530.0,475.0
1671166720.231025,528.0,478.0
1671166720.241642,526.0,480.0
1671166720.311199,525.0,481.0
1671166720.322242,524.0,482.0
1671166720.332494,521.0,485.0
1671166720.342754,519.0,486.0
1671166720.352661,514.0,489.0
1671166720.363719,509.0,491.0
1671166720.372792,504.0,493.0
1671166720.382355,501.0,493.0
1671166720.392367,495.0,497.0
1671166720.402364,490.0,498.0
1671166720.412355,487.0,499.0
1671166720.422356,485.0,499.0
1671166720.432364,480.0,500.0
1671166720.442455,478.0,501.0
1671166720.452452,476.0,501.0
1671166720.462652,474.0,501.0
1671166720.472744,471.0,501.0
1671166720.482907,467.0,501.0
1671166720.493045,466.0,501.0
1671166720.503348,463.0,501.0
1671166720.513215,460.0,502.0
1671166720.523404,459.0,502.0
1671166720.534206,458.0,502.0
1671166720.56372,457.0,502.0
1671166720.583569,456.0,502.0
1671166720.593559,455.0,502.0
1671166720.61454,452.0,502.0
1671166720.626665,451.0,502.0
1671166720.633793,449.0,502.0
1671166720.643823,446.0,502.0
1671166720.654261,442.0,502.0
1671166720.663825,438.0,502.0
1671166720.673333,436.0,502.0
1671166720.683326,433.0,502.0
1671166720.693204,430.0,501.0
1671166720.703214,427.0,501.0
1671166720.713379,424.0,499.0
1671166720.723448,421.0,499.0
1671166720.73319,416.0,498.0
1671166720.743188,414.0,498.0
1671166720.753113,408.0,496.0
1671166720.765037,407.0,495.0
1671166720.773746,403.0,494.0
1671166720.783753,401.0,493.0
1671166720.793109,398.0,493.0
1671166720.803121,396.0,492.0
1671166720.813055,394.0,491.0
1671166720.822974,389.0,490.0
1671166720.834199,386.0,490.0
1671166720.844142,383.0,489.0
1671166720.854183,381.0,489.0
1671166720.864939,378.0,488.0
1671166720.878024,376.0,488.0
1671166720.884022,373.0,487.0
1671166720.894032,372.0,487.0
1671166720.904827,370.0,487.0
1671166720.914025,369.0,486.0
1671166720.924031,366.0,485.0
1671166720.934701,364.0,484.0
1671166720.944355,363.0,484.0
1671166720.954397,361.0,483.0
1671166720.964409,358.0,482.0
1671166720.974451,357.0,482.0
1671166720.984302,355.0,481.0
1671166720.994293,354.0,480.0
1671166721.005592,350.0,480.0
1671166721.01496,349.0,478.0
1671166721.024975,348.0,478.0
1671166721.035838,346.0,478.0
1671166721.046837,344.0,477.0
1671166721.055724,343.0,477.0
1671166721.065431,342.0,476.0
1671166721.075572,340.0,476.0
1671166721.085542,339.0,476.0
1671166721.095586,336.0,476.0
1671166721.106419,333.0,475.0
1671166721.115416,330.0,475.0
1671166721.125867,324.0,475.0
1671166721.135309,321.0,475.0
1671166721.145578,317.0,475.0
1671166721.155856,314.0,475.0
1671166721.165849,311.0,475.0
1671166721.176216,310.0,475.0
1671166721.185708,308.0,475.0
1671166721.19574,307.0,475.0
1671166721.205837,305.0,476.0
1671166721.216428,304.0,476.0
1671166721.235175,302.0,477.0
1671166721.245124,301.0,479.0
1671166721.256186,300.0,479.0
1671166721.285087,299.0,479.0
1671166721.315423,298.0,479.0
1671166721.325713,297.0,479.0
1671166721.335611,296.0,481.0
1671166721.346609,295.0,481.0
1671166721.356446,294.0,482.0
1671166721.367548,293.0,483.0
1671166721.376492,291.0,483.0
1671166721.387749,289.0,484.0
1671166721.396793,287.0,486.0
1671166721.406887,285.0,487.0
1671166721.416697,280.0,488.0
1671166721.426482,277.0,490.0
1671166721.43648,276.0,491.0
1671166721.446711,275.0,491.0
1671166721.456737,273.0,491.0
1671166721.465802,270.0,492.0
1671166721.477512,268.0,492.0
1671166721.486039,266.0,492.0
1671166721.496172,264.0,493.0
1671166721.517308,261.0,493.0
1671166721.537027,260.0,493.0
1671166721.547028,259.0,493.0
1671166721.577118,258.0,493.0
1671166721.587747,257.0,493.0
1671166721.607402,256.0,493.0
1671166721.617406,254.0,493.0
1671166721.637499,253.0,493.0
1671166721.648504,252.0,493.0
1671166721.657356,251.0,493.0
1671166721.667286,249.0,493.0
1671166721.677319,248.0,493.0
1671166721.687531,245.0,493.0
1671166721.6974,242.0,492.0
1671166721.707402,241.0,492.0
1671166721.717408,239.0,492.0
1671166721.728261,238.0,491.0
1671166721.737444,237.0,491.0
1671166721.74738,235.0,491.0
1671166721.758329,234.0,491.0
1671166721.777327,231.0,490.0
1671166721.788241,229.0,490.0
1671166721.797296,227.0,488.0
1671166721.807303,224.0,488.0
1671166721.817303,223.0,487.0
1671166721.828329,221.0,487.0
1671166721.837328,220.0,486.0
1671166721.847329,218.0,486.0
1671166721.858337,216.0,484.0
1671166721.868386,214.0,484.0
1671166721.878424,211.0,482.0
1671166721.888877,209.0,482.0
1671166721.901782,204.0,480.0
1671166721.907756,202.0,480.0
1671166721.918495,198.0,479.0
1671166721.928393,194.0,477.0
1671166721.938461,187.0,477.0
1671166721.948431,182.0,477.0
1671166721.958919,177.0,475.0
1671166721.967994,172.0,475.0
1671166721.978986,166.0,473.0
1671166721.988666,162.0,473.0
1671166721.998711,159.0,473.0
1671166722.008599,154.0,473.0
1671166722.018259,153.0,473.0
1671166722.029263,150.0,473.0
1671166722.039304,149.0,473.0
1671166722.070634,148.0,473.0
1671166722.109137,147.0,473.0
1671166722.12915,146.0,473.0
1671166722.139731,145.0,473.0
1671166722.149841,144.0,473.0
1671166722.159735,143.0,474.0
1671166722.168915,142.0,475.0
1671166722.179705,141.0,476.0
1671166722.189321,140.0,476.0
1671166722.209345,139.0,477.0
1671166722.21952,138.0,478.0
1671166722.22952,137.0,479.0
1671166722.269387,136.0,480.0
1671166722.279363,136.0,481.0
1671166722.289565,135.0,481.0
1671166722.299458,134.0,482.0
1671166722.309458,134.0,483.0
1671166722.319456,133.0,484.0
1671166722.329468,132.0,485.0
1671166722.349518,132.0,486.0
1671166722.359386,132.0,488.0
1671166722.370388,132.0,489.0
1671166722.380419,131.0,490.0
1671166722.400464,131.0,491.0
1671166722.411471,131.0,493.0
1671166722.430424,131.0,495.0
1671166722.440342,131.0,498.0
1671166722.450442,131.0,499.0
1671166722.460602,131.0,502.0
1671166722.470628,131.0,503.0
1671166722.48067,131.0,504.0
1671166722.490866,131.0,505.0
1671166722.499917,131.0,506.0
1671166722.510402,131.0,507.0
1671166722.520498,131.0,508.0
1671166722.53064,131.0,509.0
1671166722.541668,131.0,510.0
1671166722.560964,131.0,511.0
1671166722.571035,131.0,513.0
1671166722.590787,131.0,515.0
1671166722.601793,131.0,516.0
1671166722.611738,131.0,519.0
1671166722.62174,131.0,520.0
1671166722.631698,132.0,522.0
1671166722.641506,133.0,523.0
1671166722.651579,133.0,525.0
1671166722.661467,134.0,526.0
1671166722.671469,135.0,529.0
1671166722.681525,135.0,531.0
1671166722.691603,135.0,532.0
1671166722.70152,136.0,533.0
1671166722.711496,136.0,534.0
1671166722.721713,136.0,535.0
1671166722.731236,136.0,536.0
1671166722.752101,136.0,537.0
1671166722.761004,136.0,538.0
1671166722.781861,136.0,539.0
1671166722.79143,136.0,540.0
1671166722.801431,136.0,541.0
1671166722.811494,136.0,542.0
1671166722.821486,136.0,544.0
1671166722.831532,136.0,545.0
1671166722.841452,136.0,546.0
1671166722.851457,136.0,548.0
1671166722.8615,136.0,551.0
1671166722.871495,136.0,552.0
1671166722.882785,136.0,554.0
1671166722.89221,136.0,556.0
1671166722.902307,136.0,557.0
1671166722.916855,136.0,558.0
1671166722.932057,136.0,559.0
1671166722.942085,136.0,561.0
1671166722.951992,136.0,562.0
1671166722.963261,136.0,563.0
1671166722.972262,136.0,564.0
1671166722.99216,136.0,566.0
1671166723.00216,136.0,568.0
1671166723.0127,136.0,570.0
1671166723.022071,136.0,571.0
1671166723.032071,136.0,573.0
1671166723.042147,136.0,574.0
1671166723.05306,136.0,575.0
1671166723.06306,136.0,578.0
1671166723.073028,136.0,579.0
1671166723.082789,136.0,581.0
1671166723.093825,136.0,584.0
1671166723.102833,135.0,586.0
1671166723.113818,135.0,589.0
1671166723.123826,135.0,592.0
1671166723.134236,135.0,594.0
1671166723.144245,134.0,598.0
1671166723.153197,134.0,599.0
1671166723.163216,133.0,602.0
1671166723.173052,133.0,604.0
1671166723.183097,131.0,607.0
1671166723.193097,131.0,609.0
1671166723.203099,129.0,612.0
1671166723.213264,129.0,615.0
1671166723.223202,127.0,617.0
1671166723.233216,127.0,620.0
1671166723.243215,127.0,622.0
1671166723.253206,126.0,623.0
1671166723.264703,126.0,624.0
1671166723.273414,126.0,625.0
1671166723.283594,126.0,626.0
1671166723.293649,126.0,627.0
1671166723.303722,126.0,628.0
1671166723.312918,126.0,629.0
1671166723.322994,126.0,630.0
1671166723.333001,126.0,631.0
1671166723.343059,126.0,635.0
1671166723.353102,126.0,637.0
1671166723.363115,126.0,639.0
1671166723.373072,126.0,641.0
1671166723.382779,126.0,645.0
1671166723.394709,126.0,647.0
1671166723.404295,126.0,649.0
1671166723.414568,125.0,652.0
1671166723.424611,125.0,654.0
1671166723.436278,125.0,656.0
1671166723.44542,125.0,658.0
1671166723.454415,125.0,660.0
1671166723.464417,125.0,663.0
1671166723.47641,125.0,665.0
1671166723.484413,125.0,666.0
1671166723.494414,125.0,669.0
1671166723.504782,125.0,670.0
1671166723.514535,125.0,673.0
1671166723.524346,125.0,675.0
1671166723.534417,125.0,677.0
1671166723.544392,125.0,679.0
1671166723.554308,125.0,680.0
1671166723.565156,125.0,682.0
1671166723.575163,126.0,684.0
1671166723.584956,126.0,687.0
1671166723.594908,126.0,689.0
1671166723.606645,126.0,691.0
1671166723.615578,126.0,694.0
1671166723.625578,127.0,697.0
1671166723.635174,127.0,699.0
1671166723.647339,127.0,704.0
1671166723.655339,127.0,708.0
1671166723.665341,127.0,711.0
1671166723.675734,127.0,716.0
1671166723.685153,127.0,719.0
1671166723.695212,127.0,721.0
1671166723.706322,128.0,724.0
1671166723.715748,128.0,726.0
1671166723.725638,128.0,729.0
1671166723.73544,128.0,731.0
1671166723.745439,128.0,733.0
1671166723.755159,128.0,735.0
1671166723.765397,128.0,737.0
1671166723.776804,128.0,738.0
1671166723.786003,128.0,740.0
1671166723.795211,128.0,741.0
1671166723.805452,128.0,743.0
1671166723.816736,128.0,744.0
1671166723.82541,128.0,746.0
1671166723.835466,128.0,747.0
1671166723.845431,128.0,748.0
1671166723.855431,128.0,750.0
1671166723.865431,128.0,751.0
1671166723.885198,128.0,752.0
1671166723.895217,129.0,753.0
1671166723.906691,129.0,756.0
1671166723.92676,129.0,757.0
1671166723.947498,129.0,758.0
1671166723.956702,129.0,759.0
1671166723.966225,129.0,760.0
1671166723.97625,129.0,761.0
1671166723.988317,129.0,763.0
1671166723.996898,129.0,764.0
1671166724.006168,129.0,766.0
1671166724.018166,129.0,768.0
1671166724.025915,129.0,770.0
1671166724.036262,129.0,773.0
1671166724.046261,129.0,774.0
1671166724.056261,128.0,776.0
1671166724.06605,127.0,778.0
1671166724.076785,126.0,780.0
1671166724.087791,125.0,783.0
1671166724.097467,125.0,785.0
1671166724.10741,125.0,787.0
1671166724.118444,124.0,790.0
1671166724.127423,122.0,795.0
1671166724.137817,121.0,801.0
1671166724.147824,120.0,803.0
1671166724.159836,120.0,809.0
1671166724.166907,120.0,812.0
1671166724.177084,120.0,815.0
1671166724.187085,120.0,819.0
1671166724.197696,120.0,822.0
1671166724.206885,120.0,824.0
1671166724.216951,119.0,828.0
1671166724.227748,119.0,831.0
1671166724.237223,117.0,834.0
1671166724.2472,117.0,838.0
1671166724.257112,117.0,840.0
1671166724.268221,117.0,845.0
1671166724.27722,116.0,848.0
1671166724.288695,115.0,854.0
1671166724.297233,114.0,857.0
1671166724.307509,113.0,861.0
1671166724.317369,113.0,864.0
1671166724.328368,112.0,870.0
1671166724.337483,112.0,872.0
1671166724.347409,112.0,874.0
1671166724.357409,112.0,876.0
1671166724.378352,112.0,877.0
1671166724.407756,111.0,877.0
1671166724.428181,111.0,878.0
1671166724.438212,111.0,879.0
1671166724.448078,111.0,880.0
1671166724.459076,110.0,881.0
1671166724.468172,110.0,883.0
1671166724.478173,110.0,885.0
1671166724.48811,109.0,888.0
1671166724.499115,109.0,890.0
1671166724.508114,109.0,891.0
1671166724.519021,109.0,893.0
1671166724.528013,108.0,896.0
1671166724.538086,106.0,897.0
1671166724.548705,106.0,898.0
1671166724.558744,106.0,899.0
1671166724.729851,106.0,900.0
1671166724.739782,106.0,901.0
1671166724.760065,106.0,902.0
1671166724.770523,106.0,903.0
1671166724.788832,106.0,904.0
1671166724.950618,106.0,905.0
1671166725.070861,106.0,906.0
1671166725.090435,107.0,907.0
1671166725.111392,107.0,908.0
1671166725.12164,108.0,909.0
1671166725.131691,109.0,910.0
1671166725.151738,110.0,911.0
1671166725.161417,111.0,912.0
1671166725.172411,112.0,913.0
1671166725.182411,113.0,914.0
1671166725.211638,114.0,915.0
1671166725.331731,115.0,916.0
1671166725.361408,116.0,917.0
1671166725.371412,117.0,918.0
1671166725.381647,118.0,919.0
1671166725.391796,120.0,921.0
1671166725.401775,121.0,922.0
1671166725.411474,122.0,923.0
1671166725.421477,124.0,925.0
1671166725.431621,125.0,926.0
1671166725.442473,127.0,928.0
1671166725.461858,128.0,929.0
1671166725.472862,129.0,930.0
1671166725.483804,130.0,930.0
1671166725.491852,131.0,931.0
1671166725.501883,132.0,931.0
1671166725.512506,133.0,932.0
1671166725.524526,134.0,932.0
1671166725.543156,136.0,933.0
1671166725.552628,138.0,934.0
1671166725.563614,140.0,935.0
1671166725.572652,140.0,936.0
1671166725.582531,142.0,937.0
1671166725.602623,144.0,937.0
1671166725.612794,145.0,937.0
1671166725.643487,147.0,939.0
1671166725.658238,148.0,939.0
1671166725.663207,150.0,939.0
1671166725.673207,151.0,940.0
1671166725.684386,152.0,940.0
1671166725.694092,153.0,941.0
1671166725.703092,154.0,942.0
1671166725.713175,156.0,942.0
1671166725.723288,157.0,942.0
1671166725.734214,160.0,943.0
1671166725.743197,162.0,944.0
1671166725.753357,164.0,945.0
1671166725.764362,166.0,945.0
1671166725.773263,168.0,945.0
1671166725.783339,169.0,946.0
1671166725.793368,170.0,946.0
1671166725.803794,171.0,946.0
1671166725.812995,172.0,946.0
1671166725.823833,173.0,946.0
1671166725.842975,174.0,946.0
1671166725.874103,175.0,946.0
1671166725.883143,176.0,946.0
1671166725.893143,177.0,946.0
1671166725.904044,179.0,947.0
1671166725.913632,181.0,947.0
1671166725.923676,183.0,947.0
1671166725.933737,186.0,948.0
1671166725.943745,189.0,948.0
1671166725.954749,192.0,949.0
1671166725.964125,195.0,950.0
1671166725.974125,199.0,950.0
1671166725.984126,202.0,950.0
1671166725.995124,204.0,950.0
1671166726.004001,206.0,950.0
1671166726.015214,209.0,951.0
1671166726.024721,211.0,951.0
1671166726.035631,213.0,951.0
1671166726.044632,215.0,951.0
1671166726.053903,216.0,951.0
1671166726.06402,217.0,951.0
1671166726.07603,218.0,951.0
1671166726.084197,221.0,951.0
1671166726.093844,222.0,951.0
1671166726.104013,225.0,951.0
1671166726.11405,228.0,951.0
1671166726.125166,230.0,951.0
1671166726.13511,232.0,951.0
1671166726.14562,235.0,951.0
1671166726.155633,237.0,951.0
1671166726.165938,241.0,951.0
1671166726.174967,246.0,949.0
1671166726.185627,247.0,948.0
1671166726.195627,252.0,948.0
1671166726.206394,255.0,947.0
1671166726.215405,258.0,946.0
1671166726.225458,262.0,946.0
1671166726.235469,266.0,946.0
1671166726.247594,272.0,946.0
1671166726.254593,276.0,946.0
1671166726.264794,281.0,946.0
1671166726.275141,287.0,945.0
1671166726.285079,292.0,945.0
1671166726.294984,295.0,945.0
1671166726.305852,300.0,945.0
1671166726.315656,303.0,945.0
1671166726.325665,306.0,945.0
1671166726.336651,310.0,945.0
1671166726.345415,312.0,945.0
1671166726.355408,314.0,945.0
1671166726.365541,316.0,945.0
1671166726.376814,319.0,945.0
1671166726.386209,323.0,945.0
1671166726.395205,325.0,945.0
1671166726.405471,327.0,945.0
1671166726.420398,331.0,945.0
1671166726.425374,332.0,945.0
1671166726.435422,335.0,945.0
1671166726.44562,338.0,945.0
1671166726.454915,343.0,945.0
1671166726.466655,346.0,945.0
1671166726.476655,351.0,945.0
1671166726.486542,356.0,945.0
1671166726.496549,361.0,945.0
1671166726.507719,367.0,945.0
1671166726.516677,371.0,945.0
1671166726.526664,376.0,945.0
1671166726.536749,382.0,945.0
1671166726.547645,387.0,945.0
1671166726.556645,392.0,945.0
1671166726.566653,397.0,945.0
1671166726.576743,403.0,945.0
1671166726.586961,409.0,945.0
1671166726.595956,414.0,945.0
1671166726.60769,419.0,945.0
1671166726.61715,425.0,945.0
1671166726.627151,430.0,945.0
1671166726.638581,436.0,945.0
1671166726.647282,441.0,945.0
1671166726.657266,445.0,945.0
1671166726.667755,450.0,945.0
1671166726.67866,453.0,945.0
1671166726.687507,458.0,945.0
1671166726.697549,462.0,944.0
1671166726.707724,464.0,944.0
1671166726.718674,469.0,944.0
1671166726.727671,472.0,944.0
1671166726.738147,473.0,944.0
1671166726.747709,477.0,944.0
1671166726.75844,480.0,943.0
1671166726.767451,483.0,943.0
1671166726.777723,485.0,943.0
1671166726.787621,489.0,943.0
1671166726.798602,491.0,943.0
1671166726.808738,495.0,943.0
1671166726.816866,498.0,943.0
1671166726.826881,500.0,943.0
1671166726.837884,504.0,943.0
1671166726.848171,509.0,943.0
1671166726.85717,513.0,943.0
1671166726.867844,519.0,943.0
1671166726.877881,521.0,943.0
1671166726.888576,525.0,943.0
1671166726.897539,531.0,943.0
1671166726.907336,533.0,943.0
1671166726.917336,536.0,943.0
1671166726.927878,538.0,943.0
1671166726.937494,543.0,943.0
1671166726.947721,547.0,943.0
1671166726.95678,552.0,943.0
1671166726.967787,558.0,943.0
1671166726.978398,561.0,943.0
1671166726.988234,566.0,943.0
1671166726.998075,572.0,943.0
1671166727.008336,575.0,943.0
1671166727.019493,580.0,943.0
1671166727.028505,584.0,943.0
1671166727.038728,589.0,943.0
1671166727.0481,592.0,943.0
1671166727.05905,598.0,943.0
1671166727.068047,601.0,943.0
1671166727.078052,605.0,943.0
1671166727.088017,610.0,943.0
1671166727.099305,612.0,943.0
1671166727.10854,616.0,943.0
1671166727.118611,620.0,943.0
1671166727.128069,624.0,943.0
1671166727.139062,627.0,943.0
1671166727.149106,630.0,943.0
1671166727.159068,633.0,943.0
1671166727.170188,635.0,943.0
1671166727.180215,638.0,943.0
1671166727.190174,643.0,943.0
1671166727.199134,644.0,943.0
1671166727.209147,647.0,943.0
1671166727.218908,648.0,943.0
1671166727.229913,650.0,943.0
1671166727.239448,651.0,943.0
1671166727.249453,652.0,943.0
1671166727.25952,653.0,943.0
1671166727.270493,654.0,943.0
1671166727.289493,657.0,943.0
1671166727.299746,658.0,943.0
1671166727.319017,661.0,943.0
1671166727.329071,662.0,943.0
1671166727.339582,664.0,943.0
1671166727.34952,667.0,943.0
1671166727.36052,669.0,943.0
1671166727.374266,672.0,943.0
1671166727.37882,675.0,943.0
1671166727.389823,677.0,943.0
1671166727.40043,681.0,943.0
1671166727.409375,684.0,943.0
1671166727.419376,685.0,943.0
1671166727.429421,690.0,943.0
1671166727.440433,694.0,943.0
1671166727.449432,695.0,943.0
1671166727.45944,699.0,943.0
1671166727.46944,701.0,943.0
1671166727.480438,703.0,943.0
1671166727.490439,707.0,943.0
1671166727.500635,709.0,943.0
1671166727.510692,710.0,944.0
1671166727.521714,713.0,944.0
1671166727.532544,717.0,944.0
1671166727.543175,720.0,944.0
1671166727.551156,721.0,944.0
1671166727.560143,724.0,944.0
1671166727.572123,728.0,944.0
1671166727.580082,730.0,944.0
1671166727.590107,732.0,944.0
1671166727.602353,733.0,944.0
1671166727.620396,735.0,944.0
1671166727.630732,736.0,944.0
1671166727.64063,738.0,944.0
1671166727.651577,739.0,944.0
1671166727.66119,742.0,944.0
1671166727.671002,743.0,944.0
1671166727.680959,745.0,944.0
1671166727.691958,748.0,944.0
1671166727.702921,751.0,944.0
1671166727.711044,753.0,944.0
1671166727.720877,755.0,944.0
1671166727.731042,758.0,944.0
1671166727.74296,762.0,944.0
1671166727.750923,764.0,944.0
1671166727.760984,766.0,944.0
1671166727.771099,768.0,944.0
1671166727.782098,769.0,944.0
1671166727.86268,772.0,944.0
1671166727.89177,774.0,944.0
1671166727.901411,777.0,945.0
1671166727.912404,780.0,946.0
1671166727.92164,785.0,946.0
1671166727.931746,788.0,947.0
1671166727.941051,793.0,949.0
1671166727.952091,799.0,950.0
1671166727.961107,804.0,952.0
1671166727.971201,809.0,952.0
1671166727.981163,815.0,954.0
1671166727.992089,817.0,955.0
1671166728.001795,823.0,955.0
1671166728.012327,827.0,955.0
1671166728.022704,833.0,956.0
1671166728.033486,835.0,957.0
1671166728.043454,839.0,958.0
1671166728.052656,841.0,958.0
1671166728.062333,845.0,959.0
1671166728.072273,847.0,960.0
1671166728.084276,850.0,960.0
1671166728.09228,852.0,961.0
1671166728.102168,856.0,961.0
1671166728.112136,861.0,963.0
1671166728.123693,863.0,963.0
1671166728.132384,866.0,963.0
1671166728.142376,867.0,963.0
1671166728.152378,871.0,964.0
1671166728.16344,872.0,964.0
1671166728.183438,875.0,964.0
1671166728.193612,876.0,965.0
1671166728.214106,877.0,965.0
1671166728.233378,878.0,965.0
1671166728.256448,879.0,965.0
1671166728.272927,880.0,966.0
1671166728.282906,882.0,966.0
1671166728.294049,884.0,966.0
1671166728.302745,888.0,967.0
1671166728.313898,889.0,967.0
1671166728.323598,894.0,969.0
1671166728.334276,897.0,969.0
1671166728.343327,901.0,970.0
1671166728.353289,903.0,971.0
1671166728.363253,907.0,971.0
1671166728.433446,908.0,972.0
1671166728.464407,909.0,972.0
1671166728.47389,910.0,972.0
1671166728.483532,911.0,972.0
1671166728.493672,912.0,972.0
1671166728.50465,915.0,973.0
1671166728.515242,917.0,974.0
1671166728.524136,918.0,975.0
1671166728.534139,922.0,975.0
1671166728.545076,926.0,978.0
1671166728.555038,930.0,978.0
1671166728.565366,933.0,980.0
1671166728.575524,935.0,980.0
1671166728.585091,937.0,980.0
1671166728.595089,938.0,982.0
1671166728.604159,940.0,982.0
1671166728.614043,941.0,983.0
1671166728.624076,942.0,983.0
1671166728.644009,943.0,983.0
1671166728.654023,945.0,984.0
1671166728.664554,946.0,984.0
1671166728.675168,947.0,985.0
1671166728.685153,950.0,985.0
1671166728.69512,952.0,985.0
1671166728.70512,955.0,985.0
1671166728.716106,958.0,986.0
1671166728.726639,960.0,986.0
1671166728.735682,963.0,986.0
1671166728.745707,965.0,987.0
1671166728.756777,968.0,988.0
1671166728.766173,969.0,988.0
1671166728.775058,972.0,988.0
1671166728.785125,974.0,988.0
1671166728.796106,976.0,988.0
1671166728.806778,978.0,988.0
1671166728.814814,979.0,988.0
1671166728.82483,981.0,988.0
1671166728.834997,982.0,988.0
1671166728.84589,985.0,988.0
1671166728.85489,989.0,988.0
1671166728.864921,992.0,988.0
1671166728.875054,997.0,988.0
1671166728.886569,1003.0,988.0
1671166728.896603,1010.0,989.0
1671166728.905678,1014.0,989.0
1671166728.915672,1020.0,991.0
1671166728.926204,1022.0,991.0
1671166728.936648,1026.0,992.0
1671166728.945352,1028.0,993.0
1671166728.956366,1030.0,993.0
1671166728.967181,1031.0,993.0
1671166729.036232,1032.0,993.0
1671166729.046448,1033.0,993.0
1671166729.057337,1034.0,993.0
1671166729.067344,1035.0,993.0
1671166729.076364,1038.0,993.0
1671166729.086671,1039.0,993.0
1671166729.097213,1040.0,993.0
1671166729.107215,1042.0,993.0
1671166729.116311,1043.0,993.0
1671166729.126278,1044.0,993.0
1671166729.287282,1045.0,993.0
1671166729.297282,1044.0,991.0
1671166729.30813,1042.0,989.0
1671166729.318131,1041.0,988.0
1671166729.327128,1039.0,985.0
1671166729.337039,1037.0,983.0
1671166729.347454,1036.0,982.0
1671166729.358215,1035.0,981.0
1671166729.367332,1034.0,980.0
1671166729.387438,1033.0,979.0
1671166729.417478,1032.0,978.0
1671166729.427507,1031.0,977.0
1671166729.448636,1030.0,976.0
1671166729.457444,1029.0,975.0
1671166729.466959,1028.0,974.0
1671166729.478148,1027.0,973.0
1671166729.488073,1026.0,972.0
1671166729.497003,1025.0,972.0
1671166729.729589,1024.0,972.0
1671166729.769742,1023.0,971.0
1671166729.781664,1022.0,969.0
1671166729.790665,1022.0,968.0
1671166729.799703,1022.0,967.0
1671166729.808978,1022.0,966.0
1671166729.830509,1022.0,964.0
1671166729.84945,1022.0,963.0
1671166729.870681,1022.0,962.0
1671166729.880437,1022.0,960.0
1671166729.919886,1022.0,959.0
1671166729.93979,1022.0,958.0
1671166729.96031,1022.0,957.0
1671166729.969733,1022.0,955.0
1671166729.979779,1022.0,954.0
1671166729.990783,1022.0,953.0
1671166730.000462,1022.0,951.0
1671166730.019055,1022.0,950.0
1671166730.040477,1022.0,949.0
1671166730.050681,1022.0,948.0
1671166730.060622,1022.0,945.0
1671166730.070777,1022.0,943.0
1671166730.07993,1022.0,942.0
1671166730.090918,1022.0,939.0
1671166730.100811,1022.0,937.0
1671166730.110687,1022.0,935.0
1671166730.12071,1022.0,934.0
1671166730.131707,1022.0,933.0
1671166730.140575,1022.0,932.0
1671166730.159982,1022.0,931.0
1671166730.180676,1022.0,930.0
1671166730.211395,1022.0,929.0
1671166730.221434,1022.0,928.0
1671166730.231627,1022.0,927.0
1671166730.241475,1022.0,926.0
1671166730.252483,1022.0,925.0
1671166730.262484,1022.0,924.0
1671166730.271843,1022.0,923.0
1671166730.280978,1022.0,922.0
1671166730.290984,1022.0,921.0
1671166730.303031,1022.0,920.0
1671166730.310828,1022.0,919.0
1671166730.321728,1022.0,918.0
1671166730.331729,1022.0,917.0
1671166730.342006,1022.0,916.0
1671166730.350884,1021.0,914.0
1671166730.361361,1021.0,912.0
1671166730.371282,1021.0,911.0
1671166730.382174,1020.0,908.0
1671166730.391175,1020.0,906.0
1671166730.401181,1020.0,904.0
1671166730.411183,1020.0,901.0
1671166730.422182,1019.0,898.0
1671166730.432117,1019.0,896.0
1671166730.442163,1018.0,892.0
1671166730.451193,1017.0,890.0
1671166730.461196,1017.0,886.0
1671166730.473969,1017.0,884.0
1671166730.481513,1016.0,881.0
1671166730.491546,1015.0,878.0
1671166730.501754,1013.0,874.0
1671166730.511863,1011.0,871.0
1671166730.520874,1011.0,869.0
1671166730.531952,1010.0,867.0
1671166730.541432,1008.0,863.0
1671166730.552425,1007.0,862.0
1671166730.562386,1007.0,860.0
1671166730.572497,1007.0,859.0
1671166730.581705,1007.0,858.0
1671166730.593743,1007.0,856.0
1671166730.613316,1007.0,854.0
1671166730.622319,1007.0,852.0
1671166730.632774,1007.0,851.0
1671166730.643952,1007.0,850.0
1671166730.651949,1007.0,848.0
1671166730.661824,1007.0,847.0
1671166730.67263,1007.0,845.0
1671166730.683658,1007.0,844.0
1671166730.692632,1007.0,842.0
1671166730.702239,1007.0,841.0
1671166731.094707,1007.0,840.0
1671166731.105552,1007.0,839.0
1671166731.115618,1008.0,837.0
1671166731.12466,1009.0,836.0
1671166731.134718,1010.0,836.0
1671166731.144738,1011.0,835.0
1671166731.155484,1012.0,834.0
1671166731.174649,1013.0,833.0
1671166731.224331,1014.0,832.0
1671166731.244954,1014.0,831.0
1671166731.255004,1015.0,830.0
1671166731.276831,1017.0,829.0
1671166731.285879,1018.0,828.0
1671166731.294865,1019.0,827.0
1671166731.305709,1020.0,826.0
1671166731.315705,1021.0,826.0
1671166731.326811,1023.0,826.0
1671166731.334849,1024.0,824.0
1671166731.345864,1026.0,823.0
1671166731.355017,1027.0,823.0
1671166731.366829,1029.0,821.0
1671166731.374829,1031.0,820.0
1671166731.385118,1033.0,819.0
1671166731.395152,1035.0,818.0
1671166731.407471,1036.0,817.0
1671166731.415628,1037.0,816.0
1671166731.425471,1039.0,816.0
1671166731.435647,1040.0,816.0
1671166731.446702,1041.0,815.0
1671166731.456675,1044.0,814.0
1671166731.466185,1047.0,811.0
1671166731.476029,1048.0,810.0
1671166731.515196,1049.0,808.0
1671166731.61711,1050.0,808.0
1671166731.628866,1050.0,807.0
1671166731.636361,1050.0,805.0
1671166731.646361,1050.0,804.0
1671166731.65785,1050.0,800.0
1671166731.666855,1050.0,798.0
1671166731.67665,1050.0,796.0
1671166731.686677,1050.0,792.0
1671166731.696171,1050.0,789.0
1671166731.707169,1050.0,787.0
1671166731.716181,1050.0,786.0
1671166731.726142,1050.0,785.0
1671166731.736258,1050.0,784.0
1671166731.747268,1050.0,783.0
1671166731.768907,1050.0,782.0
1671166731.777926,1050.0,780.0
1671166731.788869,1051.0,778.0
1671166731.798228,1051.0,777.0
1671166731.807226,1051.0,776.0
1671166731.81778,1051.0,774.0
1671166731.828546,1051.0,773.0
1671166731.838539,1051.0,772.0
1671166731.847539,1051.0,771.0
1671166731.857624,1051.0,770.0
1671166731.86765,1051.0,769.0
1671166731.878623,1050.0,768.0
1671166731.887543,1050.0,767.0
1671166731.897311,1050.0,766.0
1671166731.918724,1050.0,765.0
1671166731.927527,1050.0,764.0
1671166731.947612,1050.0,762.0
1671166731.958217,1050.0,760.0
1671166731.968217,1050.0,759.0
1671166731.97725,1050.0,756.0
1671166731.987256,1050.0,754.0
1671166731.999259,1049.0,751.0
1671166732.007885,1049.0,748.0
1671166732.017286,1049.0,745.0
1671166732.027291,1049.0,743.0
1671166732.037175,1049.0,741.0
1671166732.048128,1049.0,740.0
1671166732.057243,1049.0,738.0
1671166732.067241,1049.0,736.0
1671166732.077027,1049.0,734.0
1671166732.08834,1049.0,733.0
1671166732.09809,1049.0,732.0
1671166732.108008,1049.0,731.0
1671166732.118726,1049.0,730.0
1671166732.148256,1049.0,729.0
1671166732.169268,1049.0,727.0
1671166732.179344,1049.0,726.0
1671166732.188659,1049.0,724.0
1671166732.198559,1049.0,723.0
1671166732.208559,1049.0,722.0
1671166732.21926,1049.0,720.0
1671166732.228252,1049.0,718.0
1671166732.238258,1049.0,717.0
1671166732.248259,1049.0,716.0
1671166732.259204,1049.0,715.0
1671166732.26921,1049.0,713.0
1671166732.280385,1049.0,710.0
1671166732.289602,1049.0,708.0
1671166732.300551,1049.0,705.0
1671166732.311592,1048.0,699.0
1671166732.319639,1048.0,694.0
1671166732.329677,1047.0,691.0
1671166732.340649,1046.0,685.0
1671166732.350399,1046.0,680.0
1671166732.359064,1044.0,673.0
1671166732.369108,1043.0,668.0
1671166732.379212,1042.0,664.0
1671166732.390447,1041.0,661.0
1671166732.399489,1041.0,657.0
1671166732.409505,1041.0,653.0
1671166732.420111,1040.0,650.0
1671166732.429983,1040.0,647.0
1671166732.438985,1039.0,645.0
1671166732.449758,1039.0,644.0
1671166732.458986,1039.0,640.0
1671166732.469966,1039.0,639.0
1671166732.480598,1038.0,638.0
1671166732.489659,1038.0,636.0
1671166732.499558,1038.0,635.0
1671166732.510645,1038.0,633.0
1671166732.530416,1038.0,632.0
1671166732.579783,1038.0,631.0
1671166732.600071,1038.0,629.0
1671166732.610037,1037.0,628.0
1671166732.619806,1037.0,627.0
1671166732.641147,1036.0,626.0
1671166732.720877,1035.0,625.0
1671166732.730883,1034.0,624.0
1671166732.750748,1033.0,623.0
1671166732.760809,1032.0,623.0
1671166732.770893,1031.0,623.0
1671166732.781776,1030.0,623.0
1671166732.791017,1028.0,622.0
1671166732.80163,1027.0,622.0
1671166732.812693,1026.0,622.0
1671166732.822159,1023.0,622.0
1671166732.831058,1022.0,622.0
1671166732.841105,1021.0,622.0
1671166732.862432,1017.0,622.0
1671166732.881441,1015.0,622.0
1671166732.891481,1014.0,622.0
1671166732.902486,1013.0,622.0
1671166732.92156,1012.0,622.0
1671166732.931567,1011.0,622.0
1671166732.961451,1010.0,622.0
1671166732.992608,1009.0,622.0
1671166733.022259,1007.0,622.0
1671166733.041173,1006.0,623.0
1671166733.051239,1005.0,624.0
1671166733.06124,1004.0,625.0
1671166733.071814,1003.0,626.0
1671166733.081521,1001.0,627.0
1671166733.09152,999.0,629.0
1671166733.101445,997.0,631.0
1671166733.112754,996.0,632.0
1671166733.123101,994.0,633.0
1671166733.193214,993.0,634.0
1671166733.203409,992.0,635.0
1671166733.212581,991.0,636.0
1671166733.222589,991.0,637.0
1671166733.232099,990.0,638.0
1671166733.243177,988.0,638.0
1671166733.252219,986.0,638.0
1671166733.26222,985.0,638.0
1671166733.283589,984.0,638.0
1671166733.293592,983.0,638.0
1671166733.303676,982.0,638.0
1671166733.313461,981.0,638.0
1671166733.334617,980.0,638.0
1671166733.353133,979.0,638.0
1671166733.36407,978.0,638.0
1671166733.376839,977.0,638.0
1671166733.382824,976.0,638.0
1671166733.393253,975.0,638.0
1671166733.403547,974.0,638.0
1671166733.414191,971.0,638.0
1671166733.423191,968.0,637.0
1671166733.433178,964.0,634.0
1671166733.443511,960.0,630.0
1671166733.45415,953.0,627.0
1671166733.463671,946.0,623.0
1671166733.473353,940.0,619.0
1671166733.484347,935.0,616.0
1671166733.494224,931.0,613.0
1671166733.504297,929.0,611.0
1671166733.593224,927.0,610.0
1671166733.614285,926.0,610.0
1671166733.626349,925.0,610.0
1671166733.634347,923.0,608.0
1671166733.644349,917.0,605.0
1671166733.65529,914.0,603.0
1671166733.665306,907.0,599.0
1671166733.675299,901.0,596.0
1671166733.68384,895.0,591.0
1671166733.693925,892.0,589.0
1671166733.705666,889.0,587.0
1671166733.71565,887.0,585.0
1671166733.846828,886.0,585.0
1671166733.854826,885.0,584.0
1671166733.865581,883.0,582.0
1671166733.876521,880.0,579.0
1671166733.886392,876.0,575.0
1671166733.895392,873.0,572.0
1671166733.905549,872.0,570.0
1671166733.926325,870.0,569.0
1671166733.96716,870.0,568.0
1671166733.98514,870.0,567.0
1671166733.995702,870.0,566.0
1671166734.006431,870.0,565.0
1671166734.016441,870.0,563.0
1671166734.025439,870.0,562.0
1671166734.035446,870.0,561.0
1671166734.046077,870.0,560.0
1671166734.056119,870.0,559.0
1671166734.096349,869.0,558.0
1671166734.156707,869.0,557.0
1671166734.177016,869.0,556.0
1671166734.18786,869.0,555.0
1671166734.196715,869.0,553.0
1671166734.20593,869.0,552.0
1671166734.216937,869.0,551.0
1671166734.227936,869.0,547.0
1671166734.236595,868.0,542.0
1671166734.246607,867.0,538.0
1671166734.256708,867.0,531.0
1671166734.267817,867.0,526.0
1671166734.276096,866.0,521.0
1671166734.286106,866.0,518.0
1671166734.296661,866.0,512.0
1671166734.307706,866.0,509.0
1671166734.317708,866.0,506.0
1671166734.327855,866.0,505.0
1671166734.348423,867.0,504.0
1671166734.358423,867.0,503.0
1671166734.367726,867.0,502.0
1671166734.377645,867.0,501.0
1671166734.388644,867.0,500.0
1671166734.398173,867.0,498.0
1671166734.407163,868.0,497.0
1671166734.41734,868.0,495.0
1671166734.428929,868.0,494.0
1671166734.438968,869.0,490.0
1671166734.447665,869.0,488.0
1671166734.457413,871.0,485.0
1671166734.467376,871.0,483.0
1671166734.478368,871.0,480.0
1671166734.487367,872.0,478.0
1671166734.497412,873.0,477.0
1671166734.547986,873.0,476.0
1671166734.558142,874.0,476.0
1671166734.568132,874.0,475.0
1671166734.577649,875.0,474.0
1671166734.588907,876.0,473.0
1671166734.598298,877.0,471.0
1671166734.608292,878.0,467.0
1671166734.616958,880.0,462.0
1671166734.627562,880.0,460.0
1671166734.637557,881.0,457.0
1671166734.648614,881.0,454.0
1671166734.658229,881.0,453.0
1671166734.808014,881.0,452.0
1671166734.818868,881.0,451.0
1671166734.829603,881.0,450.0
1671166734.84971,881.0,449.0
1671166734.870158,881.0,448.0
1671166734.889108,881.0,447.0
1671166734.900128,881.0,446.0
1671166734.910028,881.0,444.0
1671166734.918796,881.0,440.0
1671166734.929362,881.0,437.0
1671166734.940317,881.0,433.0
1671166734.950276,881.0,431.0
1671166734.959544,881.0,428.0
1671166734.968899,881.0,427.0
1671166735.059682,881.0,424.0
1671166735.070773,881.0,423.0
1671166735.089376,881.0,422.0
1671166735.099536,881.0,421.0
1671166735.11014,881.0,419.0
1671166735.120202,881.0,418.0
1671166735.128865,881.0,417.0
1671166735.139696,881.0,416.0
1671166735.160299,881.0,414.0
1671166735.170225,881.0,412.0
1671166735.180489,881.0,411.0
1671166735.201651,881.0,410.0
1671166735.351328,881.0,409.0
1671166735.361652,881.0,408.0
1671166735.372179,880.0,406.0
1671166735.382177,880.0,404.0
1671166735.401014,880.0,403.0
1671166735.571467,879.0,402.0
1671166735.582033,879.0,401.0
1671166735.591819,878.0,401.0
1671166735.60184,877.0,400.0
1671166735.611158,876.0,398.0
1671166735.622745,876.0,397.0
1671166735.63275,875.0,396.0
1671166735.641702,874.0,396.0
1671166735.650804,874.0,395.0
1671166735.672537,874.0,394.0
1671166735.73238,873.0,394.0
1671166735.743284,873.0,393.0
1671166735.793229,873.0,392.0
1671166735.803233,873.0,391.0
1671166735.812383,873.0,390.0
1671166735.822411,873.0,389.0
1671166735.832438,873.0,387.0
1671166735.843931,873.0,386.0
1671166735.853748,873.0,383.0
1671166735.862852,873.0,380.0
1671166735.873832,873.0,378.0
1671166735.883832,872.0,375.0
1671166735.893838,872.0,374.0
1671166735.903215,872.0,373.0
1671166735.974698,872.0,372.0
1671166736.003852,872.0,371.0
1671166736.023124,872.0,370.0
1671166736.064013,872.0,369.0
1671166736.073633,872.0,368.0
1671166736.094018,872.0,367.0
1671166736.113837,872.0,366.0
1671166736.122767,872.0,365.0
1671166736.133967,872.0,363.0
1671166736.144165,872.0,362.0
1671166736.153439,872.0,359.0
1671166736.16344,872.0,358.0
1671166736.173635,872.0,355.0
1671166736.184511,872.0,354.0
1671166736.194536,871.0,350.0
1671166736.204776,871.0,349.0
1671166736.225234,870.0,346.0
1671166736.235187,870.0,345.0
1671166736.244224,870.0,344.0
1671166736.254223,870.0,343.0
1671166736.265163,870.0,342.0
1671166736.284349,870.0,341.0
1671166736.294307,870.0,340.0
1671166736.305463,870.0,339.0
1671166736.318994,870.0,337.0
1671166736.323966,870.0,335.0
1671166736.333958,870.0,334.0
1671166736.344626,870.0,331.0
1671166736.355653,870.0,330.0
1671166736.365514,870.0,326.0
1671166736.375493,870.0,325.0
1671166736.385541,870.0,323.0
1671166736.396471,870.0,320.0
1671166736.40647,870.0,318.0
1671166736.415478,870.0,316.0
1671166736.425619,870.0,314.0
1671166736.436315,870.0,312.0
1671166736.445972,870.0,308.0
1671166736.455021,870.0,307.0
1671166736.46504,870.0,303.0
1671166736.476583,870.0,301.0
1671166736.48651,870.0,297.0
1671166736.495539,870.0,293.0
1671166736.505553,870.0,292.0
1671166736.516862,870.0,288.0
1671166736.525902,870.0,286.0
1671166736.534871,870.0,284.0
1671166736.545666,870.0,283.0
1671166736.554923,870.0,280.0
1671166736.567078,870.0,279.0
1671166736.575804,870.0,277.0
1671166736.584857,870.0,275.0
1671166736.594825,870.0,273.0
1671166736.606926,871.0,268.0
1671166736.617911,871.0,266.0
1671166736.625941,872.0,263.0
1671166736.634923,873.0,261.0
1671166736.64658,873.0,260.0
1671166736.656745,875.0,257.0
1671166736.665742,875.0,255.0
1671166736.675339,875.0,254.0
1671166736.685411,875.0,253.0
1671166736.696413,875.0,252.0
1671166736.706463,875.0,251.0
1671166736.716522,875.0,250.0
1671166736.72646,876.0,249.0
1671166736.737467,876.0,247.0
1671166736.747449,876.0,245.0
1671166736.756449,877.0,244.0
1671166736.766512,877.0,243.0
1671166736.777117,877.0,241.0
1671166736.787111,878.0,240.0
1671166736.796108,878.0,239.0
1671166736.807168,878.0,238.0
1671166736.819362,878.0,237.0
1671166736.82726,879.0,236.0
1671166736.88764,879.0,235.0
1671166736.977271,880.0,234.0
1671166736.998171,881.0,233.0
1671166737.007377,881.0,232.0
1671166737.017421,881.0,231.0
1671166737.029585,881.0,230.0
1671166737.038113,881.0,229.0
1671166737.067566,881.0,228.0
1671166737.138423,881.0,227.0
1671166737.147437,881.0,226.0
1671166737.168748,881.0,225.0
1671166737.177312,881.0,223.0
1671166737.187318,881.0,222.0
1671166737.208345,882.0,218.0
1671166737.218292,882.0,217.0
1671166737.228657,883.0,214.0
1671166737.24323,883.0,213.0
1671166737.249243,885.0,211.0
1671166737.25924,886.0,210.0
1671166737.26841,887.0,208.0
1671166737.278403,888.0,205.0
1671166737.289436,890.0,201.0
1671166737.301858,890.0,198.0
1671166737.307862,890.0,197.0
1671166737.317985,892.0,195.0
1671166737.329952,892.0,194.0
1671166737.339621,892.0,193.0
1671166737.369621,893.0,190.0
1671166737.379524,893.0,189.0
1671166737.38946,893.0,188.0
1671166737.399526,893.0,186.0
1671166737.410093,893.0,185.0
1671166737.420014,894.0,184.0
1671166737.430338,895.0,183.0
1671166737.439332,895.0,182.0
1671166737.449267,895.0,181.0
1671166737.460291,896.0,180.0
1671166737.470662,897.0,179.0
1671166737.479419,897.0,177.0
1671166737.489387,898.0,176.0
1671166737.500482,898.0,175.0
1671166737.510445,898.0,174.0
1671166737.520513,898.0,173.0
1671166737.529521,899.0,171.0
1671166737.550717,899.0,169.0
1671166737.558854,901.0,167.0
1671166737.569683,901.0,165.0
1671166737.579628,902.0,163.0
1671166737.590627,903.0,160.0
1671166737.600558,904.0,158.0
1671166737.609524,905.0,156.0
1671166737.619452,907.0,152.0
1671166737.630423,908.0,149.0
1671166737.640532,909.0,146.0
1671166737.649588,911.0,144.0
1671166737.659112,912.0,142.0
1671166737.670902,914.0,140.0
1671166737.680061,914.0,139.0
1671166737.699779,915.0,138.0
1671166737.730649,915.0,137.0
1671166737.74064,915.0,136.0
1671166737.750713,915.0,135.0
1671166737.761278,916.0,135.0
1671166737.771018,917.0,133.0
1671166737.801808,918.0,131.0
1671166737.810876,919.0,130.0
1671166737.820115,920.0,130.0
1671166737.830931,921.0,129.0
1671166737.840958,921.0,127.0
1671166737.850961,923.0,126.0
1671166737.860037,925.0,124.0
1671166737.869798,926.0,123.0
1671166737.881746,928.0,121.0
1671166737.891749,930.0,119.0
1671166737.901439,932.0,117.0
1671166737.911437,933.0,116.0
1671166737.922438,935.0,113.0
1671166737.932686,938.0,110.0
1671166737.942688,942.0,106.0
1671166737.951864,948.0,102.0
1671166737.961536,953.0,100.0
1671166737.972123,956.0,98.0
1671166737.982123,958.0,96.0
1671166737.990934,961.0,94.0
1671166738.000827,963.0,94.0
1671166738.011835,966.0,93.0
1671166738.022729,968.0,92.0
1671166738.031593,969.0,92.0
1671166738.041594,971.0,92.0
1671166738.052601,972.0,92.0
1671166738.063696,974.0,92.0
1671166738.071345,975.0,92.0
1671166738.081442,977.0,92.0
1671166738.091637,981.0,92.0
1671166738.10218,984.0,92.0
1671166738.11218,988.0,92.0
1671166738.121078,992.0,91.0
1671166738.131596,994.0,91.0
1671166738.142533,996.0,91.0
1671166738.152556,999.0,91.0
1671166738.161434,1000.0,91.0
1671166738.171448,1002.0,91.0
1671166738.182446,1004.0,91.0
1671166738.193319,1007.0,91.0
1671166738.205991,1009.0,91.0
1671166738.210992,1011.0,91.0
1671166738.222658,1016.0,91.0
1671166738.233135,1019.0,91.0
1671166738.242082,1025.0,91.0
1671166738.252044,1027.0,91.0
1671166738.265185,1031.0,91.0
1671166738.273184,1036.0,91.0
1671166738.283134,1038.0,91.0
1671166738.292199,1041.0,91.0
1671166738.302172,1044.0,91.0
1671166738.312913,1045.0,91.0
1671166738.322912,1047.0,91.0
1671166738.332558,1049.0,91.0
1671166738.353085,1050.0,91.0
1671166738.363382,1051.0,91.0
1671166738.372421,1052.0,91.0
1671166738.382338,1053.0,91.0
1671166738.393602,1054.0,91.0
1671166738.403218,1057.0,91.0
1671166738.414114,1059.0,90.0
1671166738.424544,1061.0,90.0
1671166738.435695,1063.0,90.0
1671166738.44431,1068.0,90.0
1671166738.454353,1069.0,89.0
1671166738.463379,1072.0,89.0
1671166738.473379,1074.0,89.0
1671166738.484372,1077.0,88.0
1671166738.494214,1079.0,88.0
1671166738.503208,1081.0,88.0
1671166738.513397,1084.0,87.0
1671166738.524459,1087.0,87.0
1671166738.534469,1091.0,87.0
1671166738.543503,1093.0,87.0
1671166738.553118,1096.0,87.0
1671166738.564158,1100.0,87.0
1671166738.574125,1103.0,88.0
1671166738.583146,1106.0,88.0
1671166738.593177,1108.0,89.0
1671166738.60305,1112.0,90.0
1671166738.614746,1117.0,90.0
1671166738.624868,1120.0,91.0
1671166738.632909,1122.0,92.0
1671166738.642957,1123.0,92.0
1671166738.654011,1126.0,93.0
1671166738.664402,1129.0,94.0
1671166738.673403,1130.0,94.0
1671166738.683411,1133.0,94.0
1671166738.694402,1135.0,95.0
1671166738.70433,1136.0,95.0
1671166738.713354,1139.0,95.0
1671166738.7234,1140.0,96.0
1671166738.734,1142.0,97.0
1671166738.743931,1145.0,97.0
1671166738.75468,1146.0,97.0
1671166738.764574,1150.0,97.0
1671166738.775395,1152.0,97.0
1671166738.786357,1155.0,97.0
1671166738.798973,1158.0,97.0
1671166738.803976,1160.0,97.0
1671166738.814268,1161.0,97.0
1671166738.825259,1164.0,98.0
1671166738.834951,1166.0,98.0
1671166738.843984,1167.0,98.0
1671166738.854243,1171.0,99.0
1671166738.864733,1172.0,99.0
1671166738.874867,1173.0,99.0
1671166738.883916,1175.0,99.0
1671166738.893927,1177.0,99.0
1671166738.904977,1180.0,99.0
1671166738.916103,1183.0,99.0
1671166738.929059,1187.0,99.0
1671166738.938382,1193.0,99.0
1671166738.946381,1198.0,99.0
1671166738.95591,1201.0,99.0
1671166738.968108,1204.0,99.0
1671166738.975075,1206.0,99.0
1671166738.985281,1209.0,100.0
1671166738.996643,1211.0,100.0
1671166739.006174,1213.0,101.0
1671166739.015263,1215.0,101.0
1671166739.024943,1216.0,101.0
1671166739.03603,1218.0,101.0
1671166739.046021,1220.0,101.0
1671166739.065146,1222.0,101.0
1671166739.076314,1224.0,101.0
1671166739.087139,1226.0,101.0
1671166739.096504,1228.0,102.0
1671166739.109144,1229.0,102.0
1671166739.116183,1231.0,103.0
1671166739.126151,1233.0,103.0
1671166739.136146,1235.0,103.0
1671166739.145788,1236.0,104.0
1671166739.155548,1237.0,105.0
1671166739.166195,1238.0,105.0
1671166739.176213,1240.0,105.0
1671166739.186494,1241.0,106.0
1671166739.195524,1242.0,107.0
1671166739.206433,1244.0,108.0
1671166739.216692,1245.0,109.0
1671166739.224758,1246.0,109.0
1671166739.235791,1247.0,110.0
1671166739.246961,1248.0,110.0
1671166739.25658,1249.0,111.0
1671166739.26658,1250.0,112.0
1671166739.287132,1252.0,113.0
1671166739.307101,1253.0,114.0
1671166739.337892,1254.0,115.0
1671166739.356753,1255.0,116.0
1671166739.366458,1255.0,117.0
1671166739.37759,1256.0,117.0
1671166739.386733,1256.0,118.0
1671166739.39574,1257.0,119.0
1671166739.406365,1258.0,119.0
1671166739.417685,1259.0,120.0
1671166739.427453,1259.0,121.0
1671166739.437397,1260.0,122.0
1671166739.448134,1261.0,122.0
1671166739.459182,1262.0,123.0
1671166739.468269,1262.0,124.0
1671166739.588506,1263.0,124.0
1671166739.598483,1263.0,125.0
1671166739.627897,1264.0,125.0
1671166739.638901,1266.0,125.0
1671166739.64894,1267.0,125.0
1671166739.657066,1269.0,125.0
1671166739.667022,1271.0,125.0
1671166739.678593,1274.0,125.0
1671166739.688353,1276.0,125.0
1671166739.707364,1279.0,125.0
1671166739.718408,1280.0,124.0
1671166739.72845,1282.0,124.0
1671166739.747593,1283.0,124.0
1671166739.788809,1284.0,123.0
1671166739.819587,1285.0,123.0
1671166739.828586,1286.0,123.0
1671166739.838606,1287.0,123.0
1671166739.849243,1288.0,123.0
1671166739.859173,1291.0,123.0
1671166739.868547,1292.0,123.0
1671166739.878099,1295.0,123.0
1671166739.888994,1297.0,123.0
1671166739.899024,1300.0,124.0
1671166739.90859,1301.0,124.0
1671166739.92964,1303.0,125.0
1671166740.030445,1304.0,126.0
1671166740.039445,1305.0,127.0
1671166740.049451,1305.0,128.0
1671166740.059989,1307.0,129.0
1671166740.069801,1308.0,131.0
1671166740.079392,1310.0,132.0
1671166740.089316,1313.0,135.0
1671166740.100316,1314.0,136.0
1671166740.110504,1316.0,138.0
1671166740.120539,1317.0,139.0
1671166740.12959,1318.0,141.0
1671166740.140651,1319.0,142.0
1671166740.179351,1320.0,143.0
1671166740.200601,1321.0,143.0
1671166740.2202,1321.0,144.0
1671166740.230199,1322.0,145.0
1671166740.240413,1322.0,146.0
1671166740.249726,1323.0,148.0
1671166740.25894,1324.0,149.0
1671166740.270923,1325.0,153.0
1671166740.280467,1326.0,155.0
1671166740.290468,1327.0,159.0
1671166740.300616,1328.0,161.0
1671166740.311612,1329.0,165.0
1671166740.322693,1330.0,167.0
1671166740.331645,1330.0,168.0
1671166740.340603,1330.0,169.0
1671166740.361337,1330.0,170.0
1671166740.390288,1330.0,171.0
1671166740.401635,1330.0,173.0
1671166740.411119,1330.0,174.0
1671166740.419966,1330.0,177.0
1671166740.429974,1330.0,179.0
1671166740.440852,1330.0,182.0
1671166740.450921,1331.0,183.0
1671166740.461906,1331.0,186.0
1671166740.471597,1332.0,188.0
1671166740.482477,1332.0,191.0
1671166740.493477,1332.0,192.0
1671166740.502825,1332.0,195.0
1671166740.510867,1332.0,196.0
1671166740.521352,1333.0,199.0
1671166740.532442,1333.0,200.0
1671166740.542386,1333.0,201.0
1671166740.551386,1333.0,202.0
1671166740.561387,1333.0,203.0
1671166740.572071,1333.0,206.0
1671166740.581723,1333.0,208.0
1671166740.591628,1334.0,210.0
1671166740.602124,1334.0,213.0
1671166740.611693,1335.0,217.0
1671166740.6227,1335.0,221.0
1671166740.632774,1337.0,227.0
1671166740.641074,1338.0,230.0
1671166740.652075,1338.0,234.0
1671166740.664044,1340.0,239.0
1671166740.672072,1341.0,242.0
1671166740.681063,1341.0,244.0
1671166740.691659,1341.0,245.0
1671166740.702611,1341.0,246.0
1671166740.72179,1341.0,247.0
1671166740.802582,1341.0,248.0
1671166740.811915,1341.0,250.0
1671166740.822915,1341.0,251.0
1671166740.833956,1341.0,252.0
1671166740.844331,1342.0,254.0
1671166740.852791,1342.0,256.0
1671166740.863729,1343.0,258.0
1671166740.873367,1344.0,262.0
1671166740.88338,1345.0,264.0
1671166740.892766,1346.0,266.0
1671166740.902463,1347.0,267.0
1671166740.92347,1347.0,270.0
1671166740.932367,1348.0,272.0
1671166740.942403,1348.0,274.0
1671166740.953348,1348.0,275.0
1671166740.963536,1349.0,276.0
1671166740.973539,1349.0,277.0
1671166740.983573,1349.0,278.0
1671166740.994384,1350.0,281.0
1671166741.004377,1351.0,284.0
1671166741.014426,1351.0,286.0
1671166741.022992,1353.0,289.0
1671166741.033018,1354.0,291.0
1671166741.044283,1354.0,294.0
1671166741.054244,1355.0,298.0
1671166741.06347,1355.0,300.0
1671166741.073417,1357.0,304.0
1671166741.084327,1357.0,307.0
1671166741.094578,1357.0,310.0
1671166741.10356,1358.0,313.0
1671166741.112916,1358.0,315.0
1671166741.124136,1358.0,319.0
1671166741.13409,1358.0,321.0
1671166741.142948,1358.0,325.0
1671166741.152901,1359.0,328.0
1671166741.163924,1359.0,331.0
1671166741.173801,1359.0,335.0
1671166741.183889,1359.0,338.0
1671166741.192902,1359.0,341.0
1671166741.203921,1359.0,345.0
1671166741.213918,1359.0,350.0
1671166741.223935,1359.0,353.0
1671166741.232884,1359.0,356.0
1671166741.242774,1359.0,359.0
1671166741.254736,1359.0,361.0
1671166741.264564,1359.0,364.0
1671166741.272807,1359.0,367.0
1671166741.28375,1359.0,370.0
1671166741.294606,1359.0,373.0
1671166741.304759,1359.0,376.0
1671166741.315376,1359.0,377.0
1671166741.324368,1359.0,380.0
1671166741.334732,1359.0,381.0
1671166741.3457,1359.0,383.0
1671166741.354731,1359.0,385.0
1671166741.364248,1359.0,386.0
1671166741.374891,1359.0,388.0
1671166741.386285,1359.0,389.0
1671166741.395806,1359.0,390.0
1671166741.41387,1359.0,391.0
1671166741.424888,1359.0,392.0
1671166741.443931,1359.0,393.0
1671166741.454031,1359.0,394.0
1671166741.464943,1359.0,395.0
1671166741.475045,1358.0,396.0
1671166741.48499,1358.0,399.0
1671166741.49529,1358.0,401.0
1671166741.505917,1358.0,402.0
1671166741.516459,1358.0,404.0
1671166741.525847,1358.0,406.0
1671166741.535069,1357.0,408.0
1671166741.546068,1357.0,411.0
1671166741.556638,1356.0,414.0
1671166741.566151,1356.0,416.0
1671166741.57513,1355.0,419.0
1671166741.586179,1354.0,422.0
1671166741.596241,1353.0,428.0
1671166741.60628,1352.0,431.0
1671166741.61531,1352.0,433.0
1671166741.625688,1352.0,435.0
1671166741.636776,1352.0,436.0
1671166741.645817,1352.0,437.0
1671166741.655865,1352.0,439.0
1671166741.664933,1352.0,440.0
1671166741.675794,1351.0,441.0
1671166741.695915,1351.0,443.0
1671166741.706519,1351.0,445.0
1671166741.716628,1351.0,446.0
1671166741.726234,1351.0,447.0
1671166741.73613,1351.0,449.0
1671166741.745109,1351.0,452.0
1671166741.755228,1351.0,454.0
1671166741.766186,1351.0,458.0
1671166741.776217,1351.0,463.0
1671166741.785711,1351.0,467.0
1671166741.795502,1351.0,469.0
1671166741.806502,1352.0,473.0
1671166741.816715,1353.0,476.0
1671166741.825881,1353.0,479.0
1671166741.836169,1353.0,481.0
1671166741.857405,1354.0,482.0
1671166741.867302,1354.0,484.0
1671166741.876344,1354.0,485.0
1671166741.887681,1354.0,486.0
1671166741.906927,1354.0,488.0
1671166741.916525,1354.0,490.0
1671166741.92713,1354.0,491.0
1671166741.93713,1354.0,492.0
1671166741.94713,1354.0,493.0
1671166741.956143,1354.0,496.0
1671166741.966229,1354.0,497.0
1671166741.977056,1354.0,499.0
1671166741.989375,1354.0,500.0
1671166741.998345,1354.0,501.0
1671166742.018343,1354.0,504.0
1671166742.028343,1354.0,505.0
1671166742.047332,1354.0,507.0
1671166742.058408,1354.0,509.0
1671166742.068401,1354.0,510.0
1671166742.078407,1354.0,512.0
1671166742.087118,1354.0,514.0
1671166742.098109,1354.0,516.0
1671166742.108658,1354.0,519.0
1671166742.118185,1354.0,522.0
1671166742.127243,1356.0,524.0
1671166742.136988,1356.0,527.0
1671166742.148629,1356.0,529.0
1671166742.160964,1358.0,531.0
1671166742.177598,1358.0,535.0
1671166742.188465,1359.0,537.0
1671166742.198206,1360.0,540.0
1671166742.22804,1361.0,542.0
1671166742.238053,1361.0,543.0
1671166742.248305,1361.0,545.0
1671166742.257348,1362.0,546.0
1671166742.269972,1362.0,547.0
1671166742.278003,1363.0,548.0
1671166742.288746,1363.0,549.0
1671166742.297343,1364.0,549.0
1671166742.328992,1364.0,551.0
1671166742.348177,1365.0,552.0
1671166742.359178,1365.0,553.0
1671166742.379555,1366.0,554.0
1671166742.388425,1367.0,556.0
1671166742.399416,1368.0,557.0
1671166742.410454,1370.0,559.0
1671166742.419486,1372.0,561.0
1671166742.428364,1373.0,562.0
1671166742.439685,1374.0,563.0
1671166742.449327,1376.0,565.0
1671166742.45902,1378.0,567.0
1671166742.467919,1380.0,568.0
1671166742.479899,1381.0,570.0
1671166742.489491,1383.0,571.0
1671166742.499498,1385.0,573.0
1671166742.509713,1386.0,574.0
1671166742.523616,1387.0,576.0
1671166742.530636,1388.0,577.0
1671166742.540187,1390.0,578.0
1671166742.552181,1393.0,579.0
1671166742.55905,1394.0,580.0
1671166742.570139,1395.0,580.0
1671166742.580114,1397.0,581.0
1671166742.590148,1398.0,582.0
1671166742.610003,1400.0,583.0
1671166742.62059,1401.0,583.0
1671166742.679355,1402.0,583.0
1671166742.68894,1403.0,584.0
1671166742.700615,1404.0,584.0
1671166742.710582,1405.0,584.0
1671166742.720059,1407.0,585.0
1671166742.729087,1409.0,586.0
1671166742.740065,1413.0,588.0
1671166742.75154,1418.0,590.0
1671166742.761559,1424.0,592.0
1671166742.769484,1429.0,592.0
1671166742.780419,1436.0,594.0
1671166742.790693,1444.0,596.0
1671166742.800675,1447.0,598.0
1671166742.809714,1454.0,599.0
1671166742.820498,1459.0,601.0
1671166742.830502,1463.0,601.0
1671166742.840586,1468.0,601.0
1671166742.849992,1476.0,601.0
1671166742.860052,1479.0,601.0
1671166742.871095,1485.0,601.0
1671166742.880944,1487.0,601.0
1671166742.891151,1490.0,600.0
1671166742.900239,1493.0,600.0
1671166742.911671,1494.0,600.0
1671166742.921233,1498.0,600.0
1671166742.931241,1501.0,599.0
1671166742.940262,1504.0,598.0
1671166742.951285,1508.0,598.0
1671166742.961296,1510.0,598.0
1671166742.971386,1516.0,597.0
1671166742.979967,1520.0,596.0
1671166742.991389,1521.0,596.0
1671166743.011583,1522.0,596.0
1671166743.062222,1523.0,596.0
1671166743.071269,1523.0,595.0
1671166743.092632,1524.0,595.0
1671166743.102527,1526.0,595.0
1671166743.111535,1528.0,595.0
1671166743.122468,1530.0,595.0
1671166743.132506,1535.0,596.0
1671166743.142429,1541.0,596.0
1671166743.151518,1546.0,596.0
1671166743.162503,1555.0,597.0
1671166743.172493,1562.0,597.0
1671166743.182493,1572.0,599.0
1671166743.191493,1579.0,600.0
1671166743.202518,1586.0,601.0
1671166743.212728,1592.0,602.0
1671166743.222425,1598.0,603.0
1671166743.232633,1601.0,604.0
1671166743.241242,1606.0,605.0
1671166743.252188,1607.0,606.0
1671166743.262189,1608.0,606.0
1671166743.312475,1609.0,606.0
1671166743.342462,1610.0,606.0
1671166743.352385,1611.0,606.0
1671166743.362453,1612.0,606.0
1671166743.374426,1615.0,606.0
1671166743.383994,1619.0,606.0
1671166743.393088,1622.0,606.0
1671166743.403609,1627.0,606.0
1671166743.412298,1633.0,606.0
1671166743.424349,1636.0,606.0
1671166743.434457,1642.0,606.0
1671166743.443457,1649.0,606.0
1671166743.452425,1650.0,606.0
1671166743.463424,1655.0,606.0
1671166743.473537,1658.0,604.0
1671166743.483537,1662.0,604.0
1671166743.492689,1663.0,603.0
1671166743.503544,1665.0,601.0
1671166743.513577,1666.0,600.0
1671166743.52361,1669.0,600.0
1671166743.533056,1670.0,600.0
1671166743.544453,1671.0,599.0
1671166743.554458,1673.0,598.0
1671166743.565461,1675.0,598.0
1671166743.574348,1676.0,598.0
1671166743.584339,1677.0,598.0
1671166743.594377,1679.0,598.0
1671166743.604445,1683.0,598.0
1671166743.614437,1685.0,597.0
1671166743.623349,1688.0,597.0
1671166743.634415,1690.0,597.0
1671166743.644405,1695.0,597.0
1671166743.654413,1699.0,597.0
1671166743.663418,1702.0,597.0
1671166743.675182,1705.0,597.0
1671166743.684212,1711.0,597.0
1671166743.694253,1713.0,598.0
1671166743.703292,1718.0,598.0
1671166743.714299,1721.0,598.0
1671166743.724272,1723.0,598.0
1671166743.734516,1727.0,599.0
1671166743.744184,1729.0,600.0
1671166743.754074,1732.0,600.0
1671166743.764139,1734.0,601.0
1671166743.77408,1737.0,601.0
1671166743.784947,1739.0,602.0
1671166743.793443,1743.0,603.0
1671166743.804449,1745.0,603.0
1671166743.815441,1748.0,604.0
1671166743.824501,1750.0,605.0
1671166743.833334,1752.0,606.0
1671166743.844504,1754.0,606.0
1671166743.854371,1755.0,607.0
1671166743.87467,1758.0,608.0
1671166743.885216,1760.0,608.0
1671166743.8956,1761.0,608.0
1671166743.905613,1763.0,609.0
1671166743.915436,1766.0,610.0
1671166743.925823,1767.0,610.0
1671166743.935439,1769.0,612.0
1671166743.945446,1772.0,613.0
1671166743.955239,1775.0,614.0
1671166743.964222,1779.0,616.0
1671166743.974865,1783.0,617.0
1671166743.985734,1786.0,619.0
1671166743.994891,1791.0,621.0
1671166744.00413,1795.0,623.0
1671166744.016541,1799.0,624.0
1671166744.025159,1801.0,625.0
1671166744.035418,1804.0,627.0
1671166744.045618,1807.0,628.0
1671166744.056592,1809.0,629.0
1671166744.066706,1810.0,630.0
1671166744.075908,1814.0,631.0
1671166744.085904,1814.0,632.0
1671166744.096382,1816.0,632.0
1671166744.106659,1817.0,633.0
1671166744.11609,1819.0,634.0
1671166744.126091,1820.0,635.0
1671166744.135344,1821.0,636.0
1671166744.157019,1822.0,636.0
1671166744.206738,1822.0,637.0
1671166744.214767,1822.0,638.0
1671166744.226674,1822.0,639.0
1671166744.236591,1822.0,642.0
1671166744.246037,1822.0,646.0
1671166744.257103,1822.0,648.0
1671166744.268124,1822.0,650.0
1671166744.276136,1821.0,652.0
1671166744.286132,1820.0,655.0
1671166744.296402,1819.0,658.0
1671166744.316398,1818.0,660.0
1671166744.326596,1818.0,663.0
1671166744.336598,1818.0,664.0
1671166744.345473,1818.0,666.0
1671166744.357438,1818.0,668.0
1671166744.366293,1818.0,670.0
1671166744.376434,1818.0,673.0
1671166744.386447,1818.0,676.0
1671166744.398676,1818.0,680.0
1671166744.408627,1818.0,687.0
1671166744.417107,1818.0,692.0
1671166744.427186,1819.0,698.0
1671166744.437026,1820.0,703.0
1671166744.447032,1820.0,704.0
1671166744.467583,1820.0,707.0
1671166744.55713,1820.0,708.0
1671166744.568069,1820.0,709.0
1671166744.578416,1820.0,710.0
1671166744.588429,1821.0,712.0
1671166744.598384,1821.0,716.0
1671166744.608376,1822.0,720.0
1671166744.618234,1822.0,724.0
1671166744.628124,1822.0,731.0
1671166744.639128,1823.0,737.0
1671166744.647763,1825.0,741.0
1671166744.658289,1825.0,745.0
1671166744.668279,1825.0,748.0
1671166744.678679,1825.0,750.0
1671166744.687493,1825.0,751.0
1671166744.718631,1825.0,752.0
1671166744.726972,1825.0,753.0
1671166744.738093,1825.0,755.0
1671166744.748253,1825.0,756.0
1671166744.758687,1825.0,758.0
1671166744.768387,1825.0,761.0
1671166744.776955,1825.0,765.0
1671166744.787951,1825.0,768.0
1671166744.797952,1825.0,774.0
1671166744.808117,1825.0,779.0
1671166744.81769,1825.0,788.0
1671166744.828309,1825.0,794.0
1671166744.838313,1825.0,797.0
1671166744.848232,1825.0,799.0
1671166744.898469,1825.0,800.0
1671166744.907952,1824.0,802.0
1671166744.929578,1823.0,802.0
1671166744.939817,1823.0,804.0
1671166744.95954,1823.0,805.0
1671166744.988645,1822.0,807.0
1671166745.009308,1822.0,809.0
1671166745.019413,1821.0,810.0
1671166745.049,1821.0,811.0
1671166745.060398,1821.0,812.0
1671166745.069335,1820.0,813.0
1671166745.079369,1820.0,814.0
1671166745.110233,1820.0,815.0
1671166745.300676,1820.0,816.0
1671166745.310193,1820.0,817.0
1671166745.320753,1820.0,818.0
1671166745.328933,1820.0,820.0
1671166745.340454,1820.0,821.0
1671166745.350568,1820.0,823.0
1671166745.36068,1820.0,826.0
1671166745.369193,1820.0,829.0
1671166745.37941,1820.0,832.0
1671166745.390397,1820.0,833.0
1671166745.400421,1820.0,835.0
1671166745.410491,1820.0,837.0
1671166745.491564,1820.0,838.0
1671166745.521632,1820.0,839.0
1671166745.531638,1820.0,841.0
1671166745.540643,1820.0,842.0
1671166745.550642,1820.0,843.0
1671166745.561536,1820.0,846.0
1671166745.57099,1820.0,850.0
1671166745.582121,1819.0,855.0
1671166745.592586,1819.0,860.0
1671166745.602622,1819.0,864.0
1671166745.611756,1818.0,870.0
1671166745.622266,1817.0,873.0
1671166745.631265,1817.0,875.0
1671166745.641803,1817.0,878.0
1671166745.652067,1817.0,880.0
1671166745.662057,1815.0,881.0
1671166745.671062,1814.0,883.0
1671166745.681852,1813.0,886.0
1671166745.692552,1812.0,889.0
1671166745.702554,1811.0,892.0
1671166745.711584,1809.0,896.0
1671166745.721969,1809.0,899.0
1671166745.732613,1809.0,901.0
1671166745.742436,1808.0,905.0
1671166745.751575,1808.0,907.0
1671166745.761305,1807.0,910.0
1671166745.772314,1807.0,912.0
1671166745.782684,1807.0,914.0
1671166745.792693,1807.0,917.0
1671166745.80128,1806.0,920.0
1671166745.81202,1806.0,921.0
1671166745.832032,1806.0,922.0
1671166745.841436,1806.0,923.0
1671166745.862109,1806.0,924.0
1671166745.872064,1805.0,925.0
1671166745.891414,1805.0,926.0
1671166745.902577,1804.0,927.0
1671166745.912616,1804.0,930.0
1671166745.922586,1803.0,932.0
1671166745.932614,1802.0,933.0
1671166745.943609,1800.0,937.0
1671166745.953677,1799.0,939.0
1671166745.963136,1797.0,944.0
1671166745.972056,1795.0,948.0
1671166745.983174,1793.0,951.0
1671166745.993131,1792.0,953.0
1671166746.003238,1790.0,955.0
1671166746.012554,1788.0,958.0
1671166746.023463,1787.0,959.0
1671166746.033463,1784.0,962.0
1671166746.043502,1780.0,966.0
1671166746.052296,1777.0,968.0
1671166746.06229,1775.0,970.0
1671166746.074297,1772.0,973.0
1671166746.083212,1771.0,974.0
1671166746.0932,1769.0,976.0
1671166746.104207,1768.0,977.0
1671166746.115435,1767.0,978.0
1671166746.124431,1766.0,980.0
1671166746.134544,1765.0,981.0
1671166746.143174,1763.0,983.0
1671166746.154328,1762.0,983.0
1671166746.163945,1761.0,984.0
1671166746.174838,1761.0,985.0
1671166746.194597,1758.0,989.0
1671166746.204733,1756.0,991.0
1671166746.214452,1753.0,994.0
1671166746.223203,1751.0,997.0
1671166746.234226,1749.0,999.0
1671166746.244396,1746.0,1002.0
1671166746.254394,1743.0,1005.0
1671166746.263013,1740.0,1007.0
1671166746.273744,1738.0,1009.0
1671166746.284526,1735.0,1012.0
1671166746.2946,1733.0,1014.0
1671166746.304595,1731.0,1015.0
1671166746.313089,1729.0,1017.0
1671166746.324192,1728.0,1018.0
1671166746.334457,1725.0,1018.0
1671166746.344207,1724.0,1018.0
1671166746.352802,1723.0,1020.0
1671166746.364786,1720.0,1020.0
1671166746.374314,1718.0,1020.0
1671166746.384105,1716.0,1020.0
1671166746.392866,1714.0,1020.0
1671166746.404004,1711.0,1020.0
1671166746.414548,1709.0,1020.0
1671166746.42455,1706.0,1020.0
1671166746.434557,1705.0,1020.0
1671166746.444568,1702.0,1020.0
1671166746.455789,1697.0,1020.0
1671166746.465513,1695.0,1019.0
1671166746.475673,1692.0,1018.0
1671166746.483908,1690.0,1018.0
1671166746.494884,1685.0,1017.0
1671166746.505581,1680.0,1016.0
1671166746.515558,1677.0,1015.0
1671166746.524565,1671.0,1014.0
1671166746.535635,1669.0,1014.0
1671166746.545605,1663.0,1013.0
1671166746.554605,1657.0,1009.0
1671166746.563999,1654.0,1009.0
1671166746.575646,1648.0,1007.0
1671166746.585893,1646.0,1006.0
1671166746.595336,1640.0,1004.0
1671166746.60528,1634.0,1002.0
1671166746.615309,1631.0,1001.0
1671166746.626324,1625.0,999.0
1671166746.636116,1622.0,998.0
1671166746.646011,1617.0,996.0
1671166746.654938,1611.0,994.0
1671166746.666646,1607.0,992.0
1671166746.676668,1603.0,991.0
1671166746.686627,1596.0,989.0
1671166746.695639,1591.0,988.0
1671166746.706545,1588.0,987.0
1671166746.716618,1584.0,986.0
1671166746.726615,1581.0,984.0
1671166746.735664,1576.0,983.0
1671166746.746552,1574.0,981.0
1671166746.756015,1569.0,979.0
1671166746.766055,1566.0,978.0
1671166746.775546,1563.0,977.0
1671166746.785568,1561.0,977.0
1671166746.796662,1560.0,976.0
1671166746.806506,1559.0,976.0
1671166746.816544,1557.0,975.0
1671166746.83693,1555.0,975.0
1671166746.846053,1553.0,975.0
1671166746.856592,1552.0,974.0
1671166746.86567,1551.0,974.0
1671166746.886565,1550.0,974.0
1671166746.89659,1549.0,974.0
1671166746.905414,1548.0,974.0
1671166746.916421,1547.0,973.0
1671166746.926389,1546.0,973.0
1671166746.936477,1544.0,973.0
1671166746.946515,1543.0,973.0
1671166746.957476,1540.0,973.0
1671166746.96755,1538.0,973.0
1671166746.978239,1534.0,973.0
1671166746.987269,1528.0,973.0
1671166746.995841,1524.0,973.0
1671166747.007271,1518.0,973.0
1671166747.017154,1513.0,973.0
1671166747.02711,1506.0,973.0
1671166747.036093,1498.0,975.0
1671166747.047129,1491.0,976.0
1671166747.057153,1483.0,976.0
1671166747.067395,1476.0,977.0
1671166747.076333,1469.0,977.0
1671166747.087189,1462.0,977.0
1671166747.097474,1455.0,977.0
1671166747.107299,1449.0,977.0
1671166747.118304,1442.0,977.0
1671166747.127594,1436.0,977.0
1671166747.138869,1430.0,977.0
1671166747.14872,1424.0,977.0
1671166747.157975,1421.0,977.0
1671166747.167065,1414.0,976.0
1671166747.178054,1412.0,976.0
1671166747.188569,1407.0,975.0
1671166747.198293,1404.0,975.0
1671166747.207328,1401.0,975.0
1671166747.218228,1399.0,975.0
1671166747.22823,1397.0,975.0
1671166747.238661,1396.0,975.0
1671166747.247565,1394.0,975.0
1671166747.26863,1393.0,975.0
1671166747.278668,1392.0,975.0
1671166747.287667,1391.0,975.0
1671166747.296862,1389.0,975.0
1671166747.309614,1388.0,975.0
1671166747.319029,1387.0,975.0
1671166747.328016,1384.0,975.0
1671166747.337677,1381.0,975.0
1671166747.348439,1378.0,975.0
1671166747.358462,1374.0,975.0
1671166747.368463,1368.0,975.0
1671166747.376885,1361.0,973.0
1671166747.38881,1353.0,971.0
1671166747.399142,1342.0,970.0
1671166747.408139,1329.0,968.0
1671166747.417093,1312.0,965.0
1671166747.42816,1297.0,961.0
1671166747.438338,1297.0,961.0
1671166747.448209,1297.0,961.0
1671166747.458565,1297.0,961.0
1671166747.469587,1297.0,961.0
1671166747.479576,1297.0,961.0
1671166747.48957,1297.0,961.0
1671166747.499358,1297.0,961.0
1671166747.508977,1297.0,961.0
1671166747.518983,1297.0,961.0
1671166747.529175,1297.0,961.0
1671166747.541078,1297.0,961.0
1671166747.547947,1297.0,961.0
1671166747.558945,1297.0,961.0
1671166747.569139,1297.0,961.0
1671166747.579113,1297.0,961.0
1671166747.588145,1297.0,961.0
1671166747.599113,1297.0,961.0
1671166747.609098,1297.0,961.0
1671166747.619606,1297.0,961.0
1671166747.629617,1297.0,961.0
1671166747.639753,1297.0,961.0
1671166747.649703,1297.0,961.0
1671166747.660576,1297.0,961.0
